Timestamp,Asset Title,Creator,Link
2026-09-02T01:06:12.201968,Universal Animation Library,Unknown,https://quaternius.itch.io/universal-animation-library
2026-09-02T01:06:12.201968,Modern Exteriors - RPG Tileset [16X16],Unknown,https://limezu.itch.io/modernexteriors
2026-09-02T01:06:12.201968,KayKit - Character Pack : Adventurers,Unknown,https://kaylousberg.itch.io/kaykit-adventurers
2026-09-02T01:06:12.201968,Universal Animation Library 2,Unknown,https://quaternius.itch.io/universal-animation-library-2
2026-09-02T01:06:12.201968,Stylized Nature MegaKit,Unknown,https://quaternius.itch.io/stylized-nature-megakit
2026-09-02T01:06:12.201968,Medieval Village MegaKit,Unknown,https://quaternius.itch.io/medieval-village-megakit
2026-09-02T01:06:12.201968,Universal Base Characters,Unknown,https://quaternius.itch.io/universal-base-characters
2026-09-02T01:06:12.201968,Modern Farm - RPG Tileset [16X16],Unknown,https://limezu.itch.io/modernfarm
2026-09-02T01:06:12.201968,KayKit - Character Pack : Skeletons,Unknown,https://kaylousberg.itch.io/kaykit-skeletons
2026-09-02T01:06:12.201968,Pixel Planet Generator,Unknown,https://deep-fold.itch.io/pixel-planet-generator
2026-09-02T01:06:12.201968,KayKit - Dungeon Pack,Unknown,https://kaylousberg.itch.io/kaykit-dungeon-pack
2026-09-02T01:06:12.201968,Modular Character Outfits - Fantasy,Unknown,https://quaternius.itch.io/modular-character-outfits-fantasy
2026-09-02T01:06:12.201968,KayKit : Furniture Bits,Unknown,https://kaylousberg.itch.io/furniture-bits
2026-09-02T01:06:12.201968,Bestiary - Dungeon Monsters Kit,Unknown,https://quaternius.itch.io/bestiary-dungeon-monsters-kit
2026-09-02T01:06:12.201968,Fantasy Props MegaKit,Unknown,https://quaternius.itch.io/fantasy-props-megakit
2026-09-02T01:06:12.201968,Winlu Fantasy Tileset - Exterior,Unknown,https://winlu.itch.io/winlu-fantasy-tileset-exterior
2026-09-02T01:06:12.201968,Characters PSX,Unknown,https://elbolilloduro.itch.io/characters-psx
2026-09-02T01:06:12.201968,KayKit : Prototype Bits,Unknown,https://kaylousberg.itch.io/prototype-bits
2026-09-02T01:06:12.201968,Godot VFX & Effects collection,Unknown,https://bukkbeek.itch.io/effectblocks
2026-09-02T01:06:12.201968,Industrial Tileset,Unknown,https://atomicrealm.itch.io/industrial-tileset
2026-09-02T01:06:12.201968,KayKit : City Builder Bits,Unknown,https://kaylousberg.itch.io/city-builder-bits
2026-09-02T01:06:12.201968,Godot Effects Collection Vol. 1,Unknown,https://binbun3d.itch.io/effects-collection-vol1
2026-09-02T01:06:12.201968,Godot Skies,Unknown,https://binbun3d.itch.io/godot-skies
2026-09-02T01:06:12.201968,Modular Sci-Fi MegaKit,Unknown,https://quaternius.itch.io/modular-sci-fi-megakit
2026-09-02T01:06:12.201968,La petite tile - Maps,Unknown,https://studio-garrigue.itch.io/la-petite-tile-maps
2026-09-02T01:06:12.201968,Downtown City MegaKit,Unknown,https://quaternius.itch.io/downtown-city-megakit
2026-09-02T01:06:12.201968,Free 3D Modular Low Poly Assets For Prototyping,Unknown,https://rgsdev.itch.io/free-3d-modular-low-poly-assets-for-prototyping-by-rgsdev
2026-09-02T01:06:12.201968,Voxel Robot assets for free,Unknown,https://maxparata.itch.io/voxel-mechas
2026-09-02T01:06:12.201968,KayKit : Halloween Bits,Unknown,https://kaylousberg.itch.io/halloween-bits
2026-09-02T01:06:12.201968,Godot Ultimate Toon Shader,Unknown,https://binbun3d.itch.io/godot-ultimate-toon-shader
2026-09-02T01:06:12.201968,[BGM] Ambiences Music Pack,Unknown,https://jdsherbert.itch.io/ambiences-music-pack
2026-09-02T01:06:12.201968,Sci-Fi Essentials Kit,Unknown,https://quaternius.itch.io/sci-fi-essentials-kit
2026-09-02T01:06:12.201968,Post-Apocalyptic World,Unknown,https://atomicrealm.itch.io/post-apocalyptic-world
2026-09-02T01:06:12.201968,KayKit : Space Base Bits,Unknown,https://kaylousberg.itch.io/space-base-bits
2026-09-02T01:06:12.201968,KayKit - Character Pack : Mystery Monthly Series 5,Unknown,https://kaylousberg.itch.io/kaykit-series-5
2026-09-02T01:06:12.201968,Metroidvania Forge,Unknown,https://michaelgames.itch.io/metroidvania-forge
2026-09-02T01:06:14.519269,KayKit : Restaurant Bits,Unknown,https://kaylousberg.itch.io/restaurant-bits
2026-09-02T01:06:14.519269,Voxel environment assets : Desert town,Unknown,https://maxparata.itch.io/voxel-desert-town
2026-09-02T01:06:14.519269,KayKit - Character Pack : Mystery Monthly Series 6,Unknown,https://kaylousberg.itch.io/kaykit-series-6
2026-09-02T01:06:14.519269,Retro PSX Nature Pack,Unknown,https://elegantcrow.itch.io/retro-psx-nature-pack
2026-09-02T01:06:14.519269,Mini Dungeon Tileset,Unknown,https://atomicrealm.itch.io/mini-dungeon-tileset
2026-09-02T01:06:14.519269,Isometric Dungeon Crawler - monogon,Unknown,https://maxparata.itch.io/monogon-isometricdungeon
2026-09-02T01:06:14.519269,Abandoned House,Unknown,https://elbolilloduro.itch.io/abandoned-house
2026-09-02T01:06:14.519269,Sewers,Unknown,https://elbolilloduro.itch.io/sewers
2026-09-02T01:06:14.519269,School Classrooms Asset Pack,Unknown,https://styloo.itch.io/classroom-asset-pack
2026-09-02T01:06:14.519269,Voxel Cyberpunk City - monogon,Unknown,https://maxparata.itch.io/cyberpunkcity-monogon
2026-09-02T01:06:14.519269,Voxel Medieval Town - monogon,Unknown,https://maxparata.itch.io/medievaltown-monogon
2026-09-02T01:06:14.519269,Voxel Dungeon Crawler - monogon,Unknown,https://maxparata.itch.io/monogon-dungeon
2026-09-02T01:06:14.519269,Voxel Environment : Counrty Side,Unknown,https://maxparata.itch.io/counrty-side
2026-09-02T01:06:14.519269,10+ Voxel Spaceships assets for free,Unknown,https://maxparata.itch.io/voxel-spaceships
2026-09-02T01:06:14.519269,Voxel Nature Pack : Rocky Mountains,Unknown,https://maxparata.itch.io/rocky-mountains
2026-09-02T01:06:14.519269,Modular Roads,Unknown,https://atomicrealm.itch.io/modular-roads
2026-09-02T01:06:14.519269,Godot Modular Transitions,Unknown,https://binbun3d.itch.io/godot-modular-transitions
2026-09-02T01:06:14.519269,Metro,Unknown,https://elbolilloduro.itch.io/metro
2026-09-02T01:06:14.519269,Isometric Zombie Apocalypse - monogon,Unknown,https://maxparata.itch.io/isometriczombieapocalypse-monogon
2026-09-02T01:06:14.519269,Free Essential Animation pack - monogon,Unknown,https://maxparata.itch.io/cc0-animations
2026-09-02T01:06:14.519269,Pixel Space Background Generator,Unknown,https://deep-fold.itch.io/space-background-generator
2026-09-02T01:06:14.519269,Mine Tileset,Unknown,https://atomicrealm.itch.io/mine-tileset
2026-09-02T01:06:14.519269,Voxel Dark Souls Gothic - monogon,Unknown,https://maxparata.itch.io/darksoulsgothic-monogon
2026-09-02T01:06:14.519269,Guns Asset Pack,Unknown,https://styloo.itch.io/guns-asset-pack
2026-09-02T01:06:14.519269,Voxel Space Colony - monogon,Unknown,https://maxparata.itch.io/voxelspacecolony
2026-09-02T01:06:14.519269,Voxel Plane assets,Unknown,https://maxparata.itch.io/voxel-plane
2026-09-02T01:06:14.519269,Free Modular 3D hospital environment,Unknown,https://madduck.itch.io/modular-3d-hospital-environment
2026-09-02T01:06:14.519269,Brackeys' 3D Game Tutorial Assets,Unknown,https://brackeysgames.itch.io/brackeys-3d-game-tutorial-assets
2026-09-02T01:06:14.519269,Godot Compositor Effect pack,Unknown,https://oddpotatodev.itch.io/godot-compositor-effect-pack
2026-09-02T01:06:14.519269,Godot Pixel Nature,Unknown,https://bukkbeek.itch.io/godot-pixel-nature
2026-09-02T01:06:14.519269,Voxel Pirates and Ships - monogon,Unknown,https://maxparata.itch.io/voxelpirates-monogon
2026-09-02T01:06:14.519269,Retro Psx Street Furniture,Unknown,https://kkryy.itch.io/streetfurniture
2026-09-02T01:06:14.519269,Godot 3D PixelArt Demo,Unknown,https://pixelagegames.itch.io/godot-3d-pixelart-demo
2026-09-02T01:06:14.519269,Pizzeria_PSX,Unknown,https://elbolilloduro.itch.io/pizzeria-psx
2026-09-02T01:06:14.519269,(Legacy) KayKit - Mini Game Variety Pack,Unknown,https://kaylousberg.itch.io/kay-kit-mini-game-variety-pack
2026-09-02T01:06:14.519269,Voxel House Interior - monogon,Unknown,https://maxparata.itch.io/voxelinterior
2026-09-02T01:06:17.011261,Top Down Pixel Art Horror,Unknown,https://kamisama887.itch.io/lorenz-fries-school-horror
2026-09-02T01:06:17.011261,KayKit - Character Pack : Mystery Monthly Series 4,Unknown,https://kaylousberg.itch.io/kaykit-series-4
2026-09-02T01:06:17.011261,Buildings,Unknown,https://elbolilloduro.itch.io/buildings
2026-09-02T01:06:17.011261,Voxel RPG Characters And Weapons - monogon,Unknown,https://maxparata.itch.io/monogon-dungeonheroes
2026-09-02T01:06:17.011261,Free Voxel Dystopian Characters,Unknown,https://maxparata.itch.io/voxel-dystopian-characters
2026-09-02T01:06:17.011261,Voxel Noir Crime Detective,Unknown,https://maxparata.itch.io/voxelnoir
2026-09-02T01:06:17.011261,Isometric Space Colony - monogon,Unknown,https://maxparata.itch.io/isometricspace-monogon
2026-09-02T01:06:17.011261,Isometric Cyberpunk City - monogon,Unknown,https://maxparata.itch.io/isocyberpunkcity-monogon
2026-09-02T01:06:17.011261,Voxel dungeon crawler environment assets : Desert,Unknown,https://maxparata.itch.io/tinyvoxeldungeon
2026-09-02T01:06:17.011261,[MOOD] Pixel Art Font Set,Unknown,https://bsl.itch.io/mood-font-set
2026-09-02T01:06:17.011261,Voxel Environment : Shopping Mall Asset,Unknown,https://maxparata.itch.io/voxelshop
2026-09-02T01:06:17.011261,Godot Grass Shader,Unknown,https://binbun3d.itch.io/godot-grass
2026-09-02T01:06:17.011261,BurgerPiz,Unknown,https://elbolilloduro.itch.io/burgerpiz
2026-09-02T01:06:17.011261,Chibi Characters,Unknown,https://styloo.itch.io/chibi
2026-09-02T01:06:17.011261,Ninja Enemy Pack,Unknown,https://kbpixelart.itch.io/ninja-enemy-pack
2026-09-02T01:06:17.011261,"VitaVehicle (Beta) - ""Realistic"" Car Physics Engine for Godot",Unknown,https://jreo.itch.io/rcp4
2026-09-02T01:06:17.011261,Voxel Apocalypse : Zombies,Unknown,https://maxparata.itch.io/voxel-zombies
2026-09-02T01:06:17.011261,COZY FARM,Unknown,https://styloo.itch.io/farm
2026-09-02T01:06:17.011261,ð¨Free Stylized Texturesð¨,Unknown,https://kalponic-studio.itch.io/free-stylized-textures
2026-09-02T01:06:17.011261,[FREE] Vector Keyboard Controls,Unknown,https://rhosgfx.itch.io/vector-keyboard-controls
2026-09-02T01:06:17.011261,Mega Bot,Unknown,https://ansimuz.itch.io/mega-bot
2026-09-02T01:06:17.011261,Animals Asset Pack,Unknown,https://styloo.itch.io/animals
2026-09-02T01:06:17.011261,Human Basic Motions FREE,Unknown,https://kevdev.itch.io/basic-motions-free
2026-09-02T01:06:17.011261,80 Songs Pack by Elektrobear,Unknown,https://moonanagames.itch.io/80-songs-pack
2026-09-02T01:06:17.011261,RG Poly Vol. 1,Unknown,https://rg-poly.itch.io/rg-poly-all-in-one
2026-09-02T01:06:17.011261,Cyberpunk Pixel Art Asset Pack â 1000+ Modular Top-Down Sci-Fi Assets,Unknown,https://sakpix.itch.io/cyberpunk-pixel-art-asset-pack
2026-09-02T01:06:17.011261,Tiny Treats - Collection 1,Unknown,https://tinytreats.itch.io/collection-1
2026-09-02T01:06:17.011261,modular voxel female character,Unknown,https://maxparata.itch.io/sexyvoxelgirls
2026-09-02T01:06:17.011261,Holder - Free Enemies,Unknown,https://holder-anibat.itch.io/holders-animated-battlers-free-enemies-pack-1
2026-09-02T01:06:17.011261,AllSky Free : Godot Edition,Unknown,https://distantlantern.itch.io/allsky-free-godot-edition
2026-09-02T01:06:17.011261,2D City Asset Pack,Unknown,https://styloo.itch.io/2d-city
2026-09-02T01:06:17.011261,PSX modular house interior pack.,Unknown,https://dissonantvoid.itch.io/psx-retro-interior-pack
2026-09-02T01:06:17.011261,Tacos,Unknown,https://elbolilloduro.itch.io/tacos
2026-09-02T01:06:17.011261,Random Objects,Unknown,https://styloo.itch.io/random
2026-09-02T01:06:17.011261,2D School Classroom Asset Pack,Unknown,https://styloo.itch.io/2dclassroom
2026-09-02T01:06:17.011261,Godot Water,Unknown,https://binbun3d.itch.io/godot-water-shader
2026-09-02T01:06:19.500185,Voxel Guns n Riffles - monogon,Unknown,https://maxparata.itch.io/voxel-guns-n-riffles-monogon
2026-09-02T01:06:19.500185,Voxel Horror Movie Characters - monogon,Unknown,https://maxparata.itch.io/horrormovie-monogon
2026-09-02T01:06:19.500185,Game Sound Effects 2 - Universal Sound Effects,Unknown,https://elvgames.itch.io/game-sounds-fx-pack-ii
2026-09-02T01:06:19.500185,Metroidvania Demo [Godot],Unknown,https://pedrovmvictor.itch.io/metroidvania-demo-godot
2026-09-02T01:06:19.500185,Explosion FX - Godot 3D Effects,Unknown,https://binbun3d.itch.io/explosion-fx
2026-09-02T01:06:19.500185,Voxel Cyberpunk Characters - monogon,Unknown,https://maxparata.itch.io/cyberpunkcharacters
2026-09-02T01:06:19.500185,Retro House Pack,Unknown,https://elegantcrow.itch.io/retro-house-pack
2026-09-02T01:06:19.500185,Pixel Gore UI,Unknown,https://maxparata.itch.io/goreui
2026-09-02T01:06:19.500185,Voxel Nuclear Survival - monogon,Unknown,https://maxparata.itch.io/nuclearsurvival
2026-09-02T01:06:19.500185,Lowpoly stylized fantasy enviroment pack,Unknown,https://wizp.itch.io/lowpoly-stylized-fantasy-enviroment-pack
2026-09-02T01:06:19.500185,Tiny Treats - Pretty Park set,Unknown,https://tinytreats.itch.io/pretty-park
2026-09-02T01:06:19.500185,Medieval Voxel Assets,Unknown,https://felixstrefter.itch.io/medieval-voxel-assets
2026-09-02T01:06:19.500185,Retro Modular House Pack,Unknown,https://elegantcrow.itch.io/retro-modular-house-pack
2026-09-02T01:06:19.500185,Godot Game Template,Unknown,https://maaack.itch.io/godot-game-template
2026-09-02T01:06:19.500185,Trash and Debris,Unknown,https://mcsteeg.itch.io/trash-and-debris
2026-09-02T01:06:19.500185,Voxel Hover Bike Assets,Unknown,https://maxparata.itch.io/hover-bike
2026-09-02T01:06:19.500185,Medieval Stylized Little Town,Unknown,https://alefrandev.itch.io/medieval-stylized-assets-littletown
2026-09-02T01:06:19.500185,Voxel Zombie Apocalypse - monogon,Unknown,https://maxparata.itch.io/voxelzombieapocalypse
2026-09-02T01:06:19.500185,[BGM] Minigame Music Pack,Unknown,https://jdsherbert.itch.io/minigame-music-pack
2026-09-02T01:06:19.500185,Ultimate Cartoon VFX MEGA PACK - Spritesheets,Unknown,https://cartooncoffee.itch.io/megapack-spritesheets
2026-09-02T01:06:19.500185,Menu futuristic,Unknown,https://deakcor.itch.io/hud-futuristic
2026-09-02T01:06:19.500185,CanariPack 8BIT TopDown,Unknown,https://canarigames.itch.io/canaripack-8bit-topdown
2026-09-02T01:06:19.500185,2D Village Asset Pack,Unknown,https://styloo.itch.io/2d-village
2026-09-02T01:06:19.500185,Mines and Cave Modular Set,Unknown,https://loafbrr.itch.io/mines-and-cave-set
2026-09-02T01:06:19.500185,Free Trippy Animated Backgrounds,Unknown,https://edermunizz.itch.io/free-trippy-animated-background
2026-09-02T01:06:19.500185,PIXEL FANTASY PLAYING CARDS,Unknown,https://cazwolf.itch.io/pixel-fantasy-cards
2026-09-02T01:06:19.500185,PSX Kitchen Props Pack,Unknown,https://nicowlas.itch.io/psx-kitchen-props-pack
2026-09-02T01:06:19.500185,16x16 TinyWorld,Unknown,https://fliegevogel.itch.io/tinyworld
2026-09-02T01:06:19.500185,Kenney's UI Theme for Godot,Unknown,https://azagaya.itch.io/kenneys-ui-theme
2026-09-02T01:06:19.500185,Exploration objects,Unknown,https://elbolilloduro.itch.io/exploration-objects
2026-09-02T01:06:19.500185,Godot 3D Robot Character,Unknown,https://captainripley.itch.io/godot-3d-robot-character
2026-09-02T01:06:19.500185,Winlu Fantasy Tileset - Orc,Unknown,https://winlu.itch.io/winku
2026-09-02T01:06:19.500185,Tiny Treats - Homely House set,Unknown,https://tinytreats.itch.io/homely-house
2026-09-02T01:06:19.500185,Memao Fantasy Character Sprite Pack,Unknown,https://sleeping-robot-games.itch.io/fantasy-character-sprite-pack
2026-09-02T01:06:19.500185,Tiny Treats - House Plants set,Unknown,https://tinytreats.itch.io/house-plants
2026-09-02T01:06:19.500185,Holder - Free Heroes,Unknown,https://holder-anibat.itch.io/holders-animated-battlers-free-heroes
2026-09-02T01:06:21.999633,Flame FX - Godot 3D Effects,Unknown,https://binbun3d.itch.io/flame-fx
2026-09-02T01:06:21.999633,Tiny Pixel Fantasy - Character Generator,Unknown,https://cazwolf.itch.io/tiny-pixel-fantasy-generator
2026-09-02T01:06:21.999633,Impact VFX - Godot 3D,Unknown,https://binbun3d.itch.io/impact-vfx
2026-09-02T01:06:21.999633,Magic Projectiles VFX - Godot 3D,Unknown,https://binbun3d.itch.io/magic-projectiles-vfx
2026-09-02T01:06:21.999633,Muzzle Flash VFX - Godot 3D,Unknown,https://binbun3d.itch.io/muzzle-flash-vfx
2026-09-02T01:06:21.999633,Tiny Treats - Baked Goods set,Unknown,https://tinytreats.itch.io/baked-goods
2026-09-02T01:06:21.999633,Retro Model Pack  Interior,Unknown,https://kkryy.itch.io/retro-interior-pack
2026-09-02T01:06:21.999633,Binbun Effects Collection Vol.2,Unknown,https://binbun3d.itch.io/effects-collection-vol2
2026-09-02T01:06:21.999633,Cat's Godot 4 Souls-Like Template & Asset Pack,Unknown,https://felesmachina.itch.io/cats-godot-souls-like-template
2026-09-02T01:06:21.999633,The Library - Indoor Asset Pack (24x24),Unknown,https://sparksandpixels.itch.io/indoor-library-assetpack
2026-09-02T01:06:21.999633,Voxel Flying Cars,Unknown,https://maxparata.itch.io/voxelflyingcars
2026-09-02T01:06:21.999633,Portal VFX - Godot 3D,Unknown,https://binbun3d.itch.io/godot-portal-vfx
2026-09-02T01:06:21.999633,40 Pixel Art Atmospheric VFX Pack,Unknown,https://alenia-studios.itch.io/10-pixel-art-atmospheric-vfx-pack
2026-09-02T01:06:21.999633,Pixel Art Parallax Backgrounds 2 (UPDATED),Unknown,https://bioma2d.itch.io/pixel-art-parallax-backgrounds
2026-09-02T01:06:21.999633,The Company Characters Asset Pack,Unknown,https://styloo.itch.io/company
2026-09-02T01:06:21.999633,Godot 3D Pixelart Starter Kit (Update 1),Unknown,https://oddpotatodev.itch.io/godot-3d-pixelart-starter-kit
2026-09-02T01:06:21.999633,Tiny Treats - Charming Kitchen set,Unknown,https://tinytreats.itch.io/charming-kitchen
2026-09-02T01:06:21.999633,[SFX] Footstep Foley Sound Effect Pack,Unknown,https://jdsherbert.itch.io/footstep-foley-sfx-pack
2026-09-02T01:06:21.999633,Robot character,Unknown,https://styloo.itch.io/robot-character
2026-09-02T01:06:21.999633,Beam VFX - Godot 3D,Unknown,https://binbun3d.itch.io/beam-vfx
2026-09-02T01:06:21.999633,2d Dungeon Asset Pack,Unknown,https://styloo.itch.io/2d-dungeon
2026-09-02T01:06:21.999633,Isometric Dark Souls Gothic - monogon,Unknown,https://maxparata.itch.io/isometricdarksouls-monogon
2026-09-02T01:06:21.999633,8bit RPG tileset - Dungeons pack (Super Gameboy Quest by Toadzilla),Unknown,https://toadzillart.itch.io/dungeons-pack
2026-09-02T01:06:21.999633,Food & Kitchen Props,Unknown,https://styloo.itch.io/food
2026-09-02T01:06:21.999633,Space Spheremaps,Unknown,https://space-spheremaps.itch.io/space-spheremaps
2026-09-02T01:06:21.999633,Industrial Assets,Unknown,https://atomicrealm.itch.io/industrial-assets
2026-09-02T01:06:21.999633,Sewers Action Pack,Unknown,https://ansimuz.itch.io/sewers-action-pack
2026-09-02T01:06:21.999633,Village Asset Pack,Unknown,https://styloo.itch.io/vil
2026-09-02T01:06:21.999633,Mega Gun Pack,Unknown,https://mcsteeg.itch.io/mega-gun-pack
2026-09-02T01:06:21.999633,8bit RPG tileset - Enemies pack (Super Gameboy Quest by Toadzilla),Unknown,https://toadzillart.itch.io/monster-pack
2026-09-02T01:06:21.999633,Magic Area VFX - Godot 3D,Unknown,https://binbun3d.itch.io/magic-area-vfx
2026-09-02T01:06:21.999633,Winlu Spaceship Tileset,Unknown,https://winlu.itch.io/spaceship-tileset
2026-09-02T01:06:21.999633,Hit FX - Godot 3D Effects,Unknown,https://binbun3d.itch.io/hit-fx
2026-09-02T01:06:21.999633,[SFX] Pixel Game Essentials Sound Effect Pack,Unknown,https://jdsherbert.itch.io/pixel-game-essentials-sfx-pack
2026-09-02T01:06:21.999633,Godot 4 FPS Controller,Unknown,https://chafmere.itch.io/godot-4-fps-controller
2026-09-02T01:06:21.999633,PSX Character Megapack,Unknown,https://retro-spud.itch.io/psx-character-megapack
2026-09-02T01:06:24.367302,Loot VFX - Godot 3D,Unknown,https://binbun3d.itch.io/loot-vfx
2026-09-02T01:06:24.367302,ICODOT - Node Icons,Unknown,https://gleeson.itch.io/icodot
2026-09-02T01:06:24.367302,PIXEL FANTASY SLOT MACHINE,Unknown,https://cazwolf.itch.io/pixel-slot-machine
2026-09-02T01:06:24.367302,Stylized Grass & Dirt,Unknown,https://juliovii.itch.io/ftpgrass-dirt
2026-09-02T01:06:24.367302,Godot 3D PixelArt Vegetation Demo,Unknown,https://pixelagegames.itch.io/3d-pixelart-vegetation
2026-09-02T01:06:24.367302,Free Low Poly Vehicles Pack,Unknown,https://rgsdev.itch.io/free-low-poly-vehicles-pack
2026-09-02T01:06:24.367302,@icons â Custom Godot node icons,Unknown,https://voxybuns.itch.io/at-icons
2026-09-02T01:06:24.367302,Footsteps Sound Effects 1 - Universal Sound Effects,Unknown,https://elvgames.itch.io/footsteps-sound-fx
2026-09-02T01:06:24.367302,CHICKEN ESCAPE ASSET PACK,Unknown,https://styloo.itch.io/chicken
2026-09-02T01:06:24.367302,100 Stylized Wall Textures,Unknown,https://kalponic-studio.itch.io/stylized-wall-textures
2026-09-02T01:06:24.367302,Quequis House,Unknown,https://elbolilloduro.itch.io/quequis-house
2026-09-02T01:06:24.367302,Cooking Assets,Unknown,https://milkandbanana.itch.io/cooking-assets
2026-09-02T01:06:24.367302,Low Poly Car,Unknown,https://styloo.itch.io/car
2026-09-02T01:06:24.367302,Parallax Backgrounds!,Unknown,https://styloo.itch.io/river-parallax-background
2026-09-02T01:06:24.367302,Status FX - Godot 3D Effects,Unknown,https://binbun3d.itch.io/status-fx
2026-09-02T01:06:24.367302,Elemental Magic FX - Godot 3D Effects,Unknown,https://binbun3d.itch.io/elemental-magic-fx
2026-09-02T01:06:24.367302,Jampot Complete Bundle Â· 307 Low-Poly 3D Models,Unknown,https://jampot-gg.itch.io/jampot-complete-bundle
2026-09-02T01:06:24.367302,Godot Fluid Glass UI,Unknown,https://binbun3d.itch.io/fluid-glass-ui
2026-09-02T01:06:24.367302,[SFX] Sci Fi UI Sound Effect Pack,Unknown,https://jdsherbert.itch.io/sci-fi-ui-sfx-pack
2026-09-02T01:06:24.367302,Overworld Tileset 16x16 Pixelart,Unknown,https://elvgames.itch.io/overworld-16x16-tileset
2026-09-02T01:06:24.367302,User Interface Sound Effects 4 - Universal Sound Effects,Unknown,https://elvgames.itch.io/user-interface-sound-fx-4
2026-09-02T01:06:24.367302,Lioren Lael - Main Character,Unknown,https://kbpixelart.itch.io/lioren-lael-main-character
2026-09-02T01:06:24.367302,Mari Character,Unknown,https://styloo.itch.io/mari
2026-09-02T01:06:24.367302,Small Adventure :: Base Top-Down Tileset,Unknown,https://raou.itch.io/small-adventure
2026-09-02T01:06:24.367302,Tiny Pixel Fantasy - Base Pack,Unknown,https://cazwolf.itch.io/tiny-pixel-fantasy1
2026-09-02T01:06:24.367302,Hospital Assets,Unknown,https://atomicrealm.itch.io/hospital-assets
2026-09-02T01:06:24.367302,Tank & War Tactic Assets,Unknown,https://maxparata.itch.io/tank-tactic
2026-09-02T01:06:24.367302,Cozy Isometric Pixel Art Asset Pack (32x32) â Game Assets for Godot,Unknown,https://choco-ted.itch.io/cozy-isometric-pixel-art-asset-pack-32x32-exterior-game-assets-for-godot-unity
2026-09-02T01:06:24.367302,People Pack #1,Unknown,https://mcsteeg.itch.io/people-pack-1
2026-09-02T01:06:24.367302,PSX Dungeon Boxes and Barrels Pack,Unknown,https://mcsteeg.itch.io/psx-dungeon-boxes-and-barrels-pack
2026-09-02T01:06:24.367302,[BGM] Nostalgia Music Pack,Unknown,https://jdsherbert.itch.io/nostalgia-music-pack
2026-09-02T01:06:24.367302,Voxel Ancient Environment assets for free,Unknown,https://maxparata.itch.io/voxel-ancient-environment
2026-09-02T01:06:24.367302,Fire VFX - Godot 3D,Unknown,https://binbun3d.itch.io/fire
2026-09-02T01:06:24.367302,Woodcutting & Mining Sound Effects 1 - Universal Sound Effects,Unknown,https://elvgames.itch.io/woodcutting-mining-sound-effects-1-universal-game-sounds
2026-09-02T01:06:24.367302,Pixelart Starfields,Unknown,https://space-spheremaps.itch.io/pixelart-starfields
2026-09-02T01:06:24.367302,Dark Magic FX - Godot 3D Effects,Unknown,https://binbun3d.itch.io/dark-magic-fx
2026-09-02T01:06:26.632039,Game - UI - Assets,Unknown,https://starcom.itch.io/casual-ui
2026-09-02T01:06:26.632039,Godot Nature Assets & Terrain Tools Collection,Unknown,https://bukkbeek.itch.io/natureblocks
2026-09-02T01:06:26.632039,Lab Assets,Unknown,https://milkandbanana.itch.io/lab-assets
2026-09-02T01:06:26.632039,Godot First Person Controller,Unknown,https://rbgr.itch.io/godot-first-person-controller
2026-09-02T01:06:26.632039,GodotBoy Export Template,Unknown,https://greenf0x.itch.io/godotboy-template
2026-09-02T01:06:26.632039,Simple scooter Asset,Unknown,https://styloo.itch.io/scooter
2026-09-02T01:06:26.632039,Halcyon Town Pack - Pixel Art Tileset (GBC Style),Unknown,https://potato-blanket.itch.io/halcyon-town-gbc-style
2026-09-02T01:06:26.632039,Animated Dice Set - Full DnD Set,Unknown,https://kneeshawdevelopments.itch.io/dd-full-animated-dice-set
2026-09-02T01:06:26.632039,8bit RPG tileset - UI pack (Super Gameboy Quest by Toadzilla),Unknown,https://toadzillart.itch.io/ui-pack
2026-09-02T01:06:26.632039,Visual Novel Music Pack // Tiny Pack,Unknown,https://richarrest.itch.io/visual-novel-music-pack-tiny-pack
2026-09-02T01:06:26.632039,Texture Pack: Scifi 01,Unknown,https://juliovii.itch.io/scifipk01
2026-09-02T01:06:26.632039,[SFX] Wooden UI Sound Effect Pack,Unknown,https://jdsherbert.itch.io/wooden-ui-sfx-pack
2026-09-02T01:06:26.632039,RPG Monsters Mega Pack,Unknown,https://elvgames.itch.io/rpg-monsters-mega-pack
2026-09-02T01:06:26.632039,[V2.0] Looming Landmarks Structures Pack,Unknown,https://3dexter.itch.io/looming-landmarks-pack
2026-09-02T01:06:26.632039,Kobold Robold VRC/Blender,Unknown,https://soi.itch.io/koboldrobold
2026-09-02T01:06:26.632039,3booodpro's first asset,Unknown,https://3boood-pro.itch.io/3booodpros-first-asset
2026-09-02T01:06:26.632039,LOWPO : Fantasy Heroes â Low Poly 3D Character Pack,Unknown,https://standout7.itch.io/fantasy-heroes
2026-09-02T01:06:26.632039,Voxel Roads and Cars - monogon,Unknown,https://maxparata.itch.io/voxelroads
2026-09-02T01:06:26.632039,User Interface Sound Effects 3 - Universal Sound Effects,Unknown,https://elvgames.itch.io/user-interface-sound-fx-3
2026-09-02T01:06:26.632039,LOWPO: Goblin Assets â Low Poly Fantasy 3D Assets for Games,Unknown,https://standout7.itch.io/goblin-lowpoly-assets
2026-09-02T01:06:26.632039,200 Stylized Mixed Textures,Unknown,https://kalponic-studio.itch.io/200-stylized-mixed-textures
2026-09-02T01:06:26.632039,Ancient Ruins Assset Pack,Unknown,https://makovice.itch.io/ancient-ruins-assset-pack
2026-09-02T01:06:26.632039,Wood Furnitures,Unknown,https://loafbrr.itch.io/wood-furnitures
2026-09-02T01:06:26.632039,Forest Model Pack,Unknown,https://kkryy.itch.io/forestmodelpack
2026-09-02T01:06:26.632039,Battle FX - Godot 3D Effects,Unknown,https://binbun3d.itch.io/battle-fx
2026-09-02T01:06:26.632039,RPG asset tileset route pack (Asset Alliance),Unknown,https://farm-animal.itch.io/sunfield-road
2026-09-02T01:06:26.632039,Penguin World Tileset,Unknown,https://atomicrealm.itch.io/penguin-world
2026-09-02T01:06:26.632039,Stylized Grass Shader,Unknown,https://stayathomedev.itch.io/stylized-grass-shader
2026-09-02T01:06:26.632039,Gumdrop Galaxy Characters,Unknown,https://robocelot.itch.io/gumdrop-source-and-sprites
2026-09-02T01:06:26.632039,Casting Call! (A Visual Novel Portrait Maker!),Unknown,https://tiradelalba.itch.io/casting-call
2026-09-02T01:06:26.632039,Sci-Fi User Interface Sounds - Universal Sound Effects,Unknown,https://elvgames.itch.io/sci-fi-ui-sounds-fx-pack
2026-09-02T01:06:26.632039,Waste No Space GUI,Unknown,https://flatus.itch.io/waste-no-space-gui
2026-09-02T01:06:26.632039,Main Character - Knight,Unknown,https://kbpixelart.itch.io/main-character-knight
2026-09-02T01:06:26.632039,Retro Skyscraper Pack,Unknown,https://elegantcrow.itch.io/retro-skyscraper-pack
2026-09-02T01:06:26.632039,[New HiScore] Pixel Art Font + Bitmap,Unknown,https://bsl.itch.io/new-hi-score
2026-09-02T01:06:26.632039,Physics Car Game Asset Pack,Unknown,https://lucylavend.itch.io/physics-car-game-asset-pack
2026-09-02T01:06:28.998353,"POLY - Megapolis City (Unity, UE, Godot)",Unknown,https://animpicstudio.itch.io/poly-megapolis-city-unity-ue-godot
2026-09-02T01:06:28.998353,Bat Enemy Sprite 4 Directions [Fantasy Dreamland],Unknown,https://elvgames.itch.io/bat-sprites-fantasy-dreamland
2026-09-02T01:06:28.998353,Laboratory Tileset 16x16 Pixelart [Fantasy Dreamland],Unknown,https://elvgames.itch.io/laboratory-tileset-16x16-pixelart
2026-09-02T01:06:28.998353,Vivid Motion 23 Universal Status Effects,Unknown,https://vivid-motion-assets.itch.io/vivid-motion-23universal-status-effects
2026-09-02T01:06:28.998353,BearFX Explosions | Pixel Effect Pack,Unknown,https://like100bears.itch.io/bearfx-explosions
2026-09-02T01:06:28.998353,Ultimate Cartoon VFX MEGA PACK - PNG  Sequences,Unknown,https://cartooncoffee.itch.io/megapack-video
2026-09-02T01:06:28.998353,DEMO RPG asset tileset exterior pack | JOYQUEST,Unknown,https://narehop.itch.io/tileset-topdown-demo
2026-09-02T01:06:28.998353,Stylized Mining Nodes: Modular Ores & Crystals Kit,Unknown,https://newlua-studios.itch.io/stylized-mining
2026-09-02T01:06:28.998353,Starter VFX Pack: Essential Juice for Godot (Lite Edition),Unknown,https://alekseiramirov.itch.io/starter-vfx-pack-essential-juice-for-godot-lite-edition
2026-09-02T01:06:28.998353,Texture Pack: Tech 01,Unknown,https://juliovii.itch.io/techpk01
2026-09-02T01:06:28.998353,Isometric Asset Pack: Geo,Unknown,https://silivar.itch.io/asset-pack-geo
2026-09-02T01:06:28.998353,Zombie,Unknown,https://maximumdamage.itch.io/zombie
2026-09-02T01:06:28.998353,Human Basic Motions,Unknown,https://kevdev.itch.io/basic-motions
2026-09-02T01:06:28.998353,Tiny Treats - Bubbly Bathroom set,Unknown,https://tinytreats.itch.io/bubbly-bathroom
2026-09-02T01:06:28.998353,Generic Dark Pixel UI,Unknown,https://flatus.itch.io/generic-dark-pixel-ui
2026-09-02T01:06:28.998353,PSX Roads,Unknown,https://postdev.itch.io/psx-roads
2026-09-02T01:06:28.998353,Godot Plush Character 3D,Unknown,https://gtibo.itch.io/godot-plush-character
2026-09-02T01:06:28.998353,"PS1 House Pack â 100 Low Poly Houses, Textured Inside and Out",Unknown,https://najjar320.itch.io/ps1-house-pack-100-low-poly-houses
2026-09-02T01:06:28.998353,Fishing Sound Effects 1 - Universal Sound Effects,Unknown,https://elvgames.itch.io/fishing-sound-effects-1-universal-sound-effects
2026-09-02T01:06:28.998353,Godot PSX starter kit,Unknown,https://druid-cz.itch.io/godot-psx-starter-kit
2026-09-02T01:06:28.998353,Hazmat Character,Unknown,https://mcsteeg.itch.io/hazmat-character
2026-09-02T01:06:28.998353,PSX Backrooms Asset Pack,Unknown,https://liminallydreamcore.itch.io/backrooms-psx
2026-09-02T01:06:28.998353,BASE MESH---Man Simple,Unknown,https://vyurt.itch.io/base-mesh-man-simple
2026-09-02T01:06:28.998353,Laser Beams VFX: Standard & Pixel Art,Unknown,https://halconvengador.itch.io/beams-vfx
2026-09-02T01:06:28.998353,Minimalistic UI Theme for Godot Games,Unknown,https://azagaya.itch.io/minimalistic-ui
2026-09-02T01:06:28.998353,Skinned Voxel Robot - Mixamo compatible,Unknown,https://maxparata.itch.io/voxel-mecha-deluxe
2026-09-02T01:06:28.998353,RPG Medieval Music - Dungeon,Unknown,https://elvgames.itch.io/rpg-medieval-music-dungeon
2026-09-02T01:06:28.998353,Godot Hologram FX,Unknown,https://binbun3d.itch.io/hologram-fx
2026-09-02T01:06:28.998353,Godot 3D Planet Generator,Unknown,https://naejimer.itch.io/godot-3d-planet-generator
2026-09-02T01:06:28.998353,Retro Rigged Bigfoot,Unknown,https://elegantcrow.itch.io/retro-rigged-bigfoot
2026-09-02T01:06:28.998353,Magic & Spells Sound Effects 1 - Universal Sound Effects,Unknown,https://elvgames.itch.io/game-sound-effects-magic-and-spells
2026-09-02T01:06:28.998353,Horror Player Item Pack,Unknown,https://3dexter.itch.io/retrohorrorkit
2026-09-02T01:06:28.998353,Backrooms like asset RE,Unknown,https://loafbrr.itch.io/backrooms-like-asset-re
2026-09-02T01:06:28.998353,Pixel Progress Bar Asset Pack - 14 Colors,Unknown,https://catshaped.itch.io/pixel-progress-bar-asset-pack
2026-09-02T01:06:28.998353,Tornado VFX 3D - Godot,Unknown,https://soygus.itch.io/tornado-vfx-godot
2026-09-02T01:06:28.998353,Stella Character Generator: Animal Parts,Unknown,https://visustella.itch.io/stella-generator-animal-parts
2026-09-02T01:06:31.503055,12+ Slashes and AoE Animation Pack!,Unknown,https://manugamingcreations.itch.io/slashes-and-aoe-animation-pack
2026-09-02T01:06:31.503055,PS1/PSX Game Asset : Winter Nature Pack,Unknown,https://halfhuman.itch.io/ps1-winter-tree
2026-09-02T01:06:31.503055,Post-Apocalyptic - Interiors Pack,Unknown,https://atomicrealm.itch.io/post-apocalyptic-interiors
2026-09-02T01:06:31.503055,Enchanted Axes Icons 32x32 Pixelart [Axetober 2024],Unknown,https://elvgames.itch.io/axe-item-icons-axetober-2024
2026-09-02T01:06:31.503055,Low Poly 3D PSX Horror Game Asset Pack,Unknown,https://devilsworkshop.itch.io/low-poly-3d-psx-horror-game-asset-pack
2026-09-02T01:06:31.503055,A Bunch Of Rocks,Unknown,https://verzatiledev.itch.io/rocks
2026-09-02T01:06:31.503055,Rain and Snow Shader with Parallax Effect for Godot,Unknown,https://steampunkdemon.itch.io/rain-and-snow-shader-with-parallax-effect-for-godot
2026-09-02T01:06:31.503055,Elv Tavern Tileset,Unknown,https://elvgames.itch.io/elv-tavern-tileset
2026-09-02T01:06:31.503055,PSX Dog,Unknown,https://mcsteeg.itch.io/psx-dog
2026-09-02T01:06:31.503055,Dungeon Asset Pack,Unknown,https://styloo.itch.io/dungeon-asset-pack
2026-09-02T01:06:31.503055,FREE Spaceships Vol. 1,Unknown,https://gisha.itch.io/spaceships-asset-pack
2026-09-02T01:06:31.503055,GDH All Animation Bundle (Unreal Engine/Mixamo),Unknown,https://gamedev-hero.itch.io/gdh-all-animation-bundle-unreal-enginefbx
2026-09-02T01:06:31.503055,Health Asset Pack,Unknown,https://atebits.itch.io/health-pack
2026-09-02T01:06:31.503055,Game Sound Effects 3 - Universal Sound Effects,Unknown,https://elvgames.itch.io/game-sound-effects-3-universal-sfx
2026-09-02T01:06:31.503055,Isometric Pirates and Ships - monogon,Unknown,https://maxparata.itch.io/isometricpirates-monogon
2026-09-02T01:06:31.503055,Winlu Fantasy Tileset - Winter,Unknown,https://winlu.itch.io/winlu-fantasy-tileset-winter
2026-09-02T01:06:31.503055,Game Sound Effects 4 - Universal Sound Effects,Unknown,https://elvgames.itch.io/game-sound-effects-4-universal-sfx
2026-09-02T01:06:31.503055,PSX Animals :Rats,Unknown,https://mcsteeg.itch.io/psx-animals-rats
2026-09-02T01:06:31.503055,Sword Sound Effects - Universal Sound Effects,Unknown,https://elvgames.itch.io/sword-sound-effects-1-universal-game-sounds
2026-09-02T01:06:31.503055,PSXPack,Unknown,https://daheim.itch.io/psxpack
2026-09-02T01:06:31.503055,Transitions - Godot Asset,Unknown,https://in3mo.itch.io/transitions-godot
2026-09-02T01:06:31.503055,Magic Orb VFX - Godot 3D,Unknown,https://binbun3d.itch.io/magic-orb-vfx
2026-09-02T01:06:31.503055,Post-Apocalyptic - Into the Wild,Unknown,https://atomicrealm.itch.io/post-apocalyptic-into-the-wild
2026-09-02T01:06:31.503055,SimpleBox GUI,Unknown,https://azagaya.itch.io/simplebox-gui
2026-09-02T01:06:31.503055,Godot Card FX,Unknown,https://binbun3d.itch.io/godot-card-fx
2026-09-02T01:06:31.503055,Audacious Assets: Glassmorphism UI for Godot,Unknown,https://audaciousgabe.itch.io/audacious-assets-glassmorphism
2026-09-02T01:06:31.503055,Painterly Sky Background,Unknown,https://kalponic-studio.itch.io/painterly-sky-background
2026-09-02T01:06:31.503055,PSX Style Water Surface,Unknown,https://immaculate-lift-studio.itch.io/psx-style-water-surface
2026-09-02T01:06:31.503055,RPG Medieval Music - Battle,Unknown,https://elvgames.itch.io/rpg-medieval-music-battle
2026-09-02T01:06:31.503055,PS1 | PSX Post-Apocaliptic Shelter,Unknown,https://cursedlake.itch.io/ps1-psx-post-apocaliptic-shelter
2026-09-02T01:06:31.503055,Free Futuristic City,Unknown,https://edermunizz.itch.io/free-futuristic-city
2026-09-02T01:06:31.503055,Scab,Unknown,https://maximumdamage.itch.io/scab
2026-09-02T01:06:31.503055,Pixel Portals,Unknown,https://nojoule.itch.io/pixel-portals
2026-09-02T01:06:31.503055,Godot SplashScreens,Unknown,https://labrat93.itch.io/godot-splashscreens
2026-09-02T01:06:31.503055,Grid Placement: Base Building & Object Placement for Godot 4,Unknown,https://chris-tutorials.itch.io/grid-placement-godot
2026-09-02T01:06:31.503055,Tiny Treats - Pleasant Picnic set,Unknown,https://tinytreats.itch.io/pleasant-picnic
2026-09-02T01:06:34.011623,Godot Dither Shader,Unknown,https://sambigos.itch.io/godot-dither-shader
2026-09-02T01:06:34.011623,Medieval NPC Pack - Part 2,Unknown,https://kbpixelart.itch.io/medieval-npc-pack-part-2
2026-09-02T01:06:34.011623,Achievements Sound Effects 1 - Universal Sound Effects,Unknown,https://elvgames.itch.io/game-sound-effects-achievements
2026-09-02T01:06:34.011623,PSX MEGA Nature Pack,Unknown,https://mcsteeg.itch.io/psx-mega-nature-pack
2026-09-02T01:06:34.011623,3D Food Asset Pack,Unknown,https://styloo.itch.io/3dfood
2026-09-02T01:06:34.011623,Fantasy Asset Mega Bundle,Unknown,https://mcsteeg.itch.io/fantasy-asset-mega-bundle
2026-09-02T01:06:34.011623,Modular Wooden Docks,Unknown,https://loafbrr.itch.io/wooden-docks
2026-09-02T01:06:34.011623,GAME READY BACKROOMS ASSET PACK VOL. 1,Unknown,https://oxygen3d.itch.io/game-ready-backrooms-asset-pack-vol-1
2026-09-02T01:06:34.011623,Free Low Poly Trees & Forest Nature Pack for Godot / Unity / Unreal,Unknown,https://hooray4brains.itch.io/free-forest-nature-pack
2026-09-02T01:06:34.011623,RPG Medieval Music - Tavern,Unknown,https://elvgames.itch.io/rpg-medieval-music-tavern
2026-09-02T01:06:34.011623,Japanese Rural Village - Low Poly 3D Assets,Unknown,https://yumeforge.itch.io/japanese-rural-village
2026-09-02T01:06:34.011623,Traffic Road Assets,Unknown,https://milkandbanana.itch.io/traffic-road-assets
2026-09-02T01:06:34.011623,Godot Compositor - 3D Pixel Art,Unknown,https://pixelagegames.itch.io/godot-compositor-3d-pixel-art
2026-09-02T01:06:34.011623,80 Stylized Wood Textures,Unknown,https://kalponic-studio.itch.io/80-stylized-vegetation-textures
2026-09-02T01:06:34.011623,PSX Animated FPS Hands,Unknown,https://mcsteeg.itch.io/psx-animated-fps-hands
2026-09-02T01:06:34.011623,Magic & Spells Sound Effects 3 - Universal Sound Effects,Unknown,https://elvgames.itch.io/game-sound-effects-magic-spells-1
2026-09-02T01:06:34.011623,PSX Elk Demon,Unknown,https://retro-spud.itch.io/psx-elk-demon-npc-monster
2026-09-02T01:06:34.011623,PSX Snowy Nature Asset Collection (by Stark Crafts),Unknown,https://starkcrafts.itch.io/psx-snowynature
2026-09-02T01:06:34.011623,Fireball Enemy Sprite 4 Directions [Fantasy Dreamland],Unknown,https://elvgames.itch.io/fireball-sprites-fantasy-dreamland
2026-09-02T01:06:34.011623,PS1/PSX Fish Pack,Unknown,https://cursedlake.itch.io/ps1psx-fish-pack
2026-09-02T01:06:34.011623,Cars - Low Poly Massive Car Pack,Unknown,https://rg-poly.itch.io/cars-low-poly-massive-car-pack
2026-09-02T01:06:34.011623,Sword Maker,Unknown,https://snoopethduckduck.itch.io/sword-maker
2026-09-02T01:06:34.011623,Magic & Spells Sound Effects 4 - Universal Sound Effects,Unknown,https://elvgames.itch.io/game-sound-effects-magic-spells-2
2026-09-02T01:06:34.011623,DRAGONBUN - Item Borders: Pack 1,Unknown,https://marimo.itch.io/dragonbun-borders1
2026-09-02T01:06:34.011623,PSX Computer asset pack,Unknown,https://realduende.itch.io/psx-computer-pack
2026-09-02T01:06:34.011623,PSX Lighting Asset Pack,Unknown,https://ink-ribbon.itch.io/psx-lighting-asset-pack
2026-09-02T01:06:34.011623,Medieval NPC Pack - P1,Unknown,https://kbpixelart.itch.io/medieval-npc-pack-p1
2026-09-02T01:06:34.011623,Fairy Cottage Pack,Unknown,https://zazzz333.itch.io/fairy-cottage-pack
2026-09-02T01:06:34.011623,Mushroom Enemy Sprite 4 Directions [Fantasy Dreamland],Unknown,https://elvgames.itch.io/mushroom-sprites-fantasy-dreamland
2026-09-02T01:06:34.011623,Frosted Glass - Godot 3D Shader,Unknown,https://binbun3d.itch.io/frosted-glass
2026-09-02T01:06:34.011623,Free 8-BIT Music Pack,Unknown,https://elvgames.itch.io/free-8-bit-collection-pack
2026-09-02T01:06:34.011623,Human Melee Animations,Unknown,https://kevdev.itch.io/human-melee-animations
2026-09-02T01:06:34.011623,Monster Sound Effects 1 - Universal Sound Effects,Unknown,https://elvgames.itch.io/game-sound-effects-monster-pack-1
2026-09-02T01:06:34.011623,Human Spellcasting Animations FREE,Unknown,https://kevdev.itch.io/human-spellcasting-animations-free
2026-09-02T01:06:34.011623,Minimal Platformer Template - Godot 4,Unknown,https://chroma-dave.itch.io/minimal-platformer-template-godot-4
2026-09-02T01:06:34.011623,house interior asset pack !,Unknown,https://styloo.itch.io/houseinteriorassetpack
2026-09-02T01:06:36.376249,DRAGONBUN - Potions: Pack 1,Unknown,https://marimo.itch.io/dragonbun-icons1
2026-09-02T01:06:36.376249,FREE Castle and Fort Builder Pack,Unknown,https://mcsteeg.itch.io/castle-and-fort-builder-pack
2026-09-02T01:06:36.376249,Sprout Enemy Sprite 4 Directions [Fantasy Dreamland],Unknown,https://elvgames.itch.io/sprout-sprites-fantasy-dreamland
2026-09-02T01:06:36.376249,Texture Pack: Photoscaned 01,Unknown,https://juliovii.itch.io/pspk01
2026-09-02T01:06:36.376249,Human Crafting Animations FREE,Unknown,https://kevdev.itch.io/human-villager-animations-free
2026-09-02T01:06:36.376249,Post-Apocalyptic - Gas Station,Unknown,https://atomicrealm.itch.io/post-apocalyptic-gas-station
2026-09-02T01:06:36.376249,Winlu Fantasy - Destroyed Exterior,Unknown,https://winlu.itch.io/winlu-fantasy-tileset-exterior-destroyed
2026-09-02T01:06:36.376249,Pixel Portrait Creator,Unknown,https://lyime.itch.io/pixel-portrait-creator
2026-09-02T01:06:36.376249,Godot 4 Project - Shader Studies v1,Unknown,https://oddpotatodev.itch.io/godot-46-shader-studies-v1
2026-09-02T01:06:36.376249,Forest People - Part2,Unknown,https://kbpixelart.itch.io/forest-people-part2
2026-09-02T01:06:36.376249,Animal Sprites Pixelart Asset Pack [Farming Game],Unknown,https://elvgames.itch.io/farming-animals-pixelart-asset-pack
2026-09-02T01:06:36.376249,2D Godot 4.1 RPG serie - Asset,Unknown,https://jeanmakesgames.itch.io/2d-rpg-asset
2026-09-02T01:06:36.376249,Tiny Games Asset Pack,Unknown,https://styloo.itch.io/tinygames
2026-09-02T01:06:36.376249,High Resolution Playing Cards,Unknown,https://badhandstudio.itch.io/high-resolution-playing-cards
2026-09-02T01:06:36.376249,Voxel Nuclear Bunker - monogon,Unknown,https://maxparata.itch.io/voxelnuclearbunker
2026-09-02T01:06:36.376249,81 Songs Pack by Elektrobear,Unknown,https://moonanagames.itch.io/81-song-pack
2026-09-02T01:06:36.376249,Crafting & Tinkering Sound Effects - Universal Sound Effects,Unknown,https://elvgames.itch.io/game-sound-effects-crafting-tinkering
2026-09-02T01:06:36.376249,GAME READY BACKROOMS ASSET PACK VOL. 2,Unknown,https://oxygen3d.itch.io/game-ready-backrooms-asset-pack-vol-2
2026-09-02T01:06:36.376249,Orbix Enemy Sprite 4 Directions [Fantasy Dreamland],Unknown,https://elvgames.itch.io/orbix-sprites-fantasy-dreamland
2026-09-02T01:06:36.376249,FREE Houses 2D,Unknown,https://styloo.itch.io/house-2d
2026-09-02T01:06:36.376249,Infinite Ocean,Unknown,https://stayathomedev.itch.io/infinite-ocean
2026-09-02T01:06:36.376249,Pixel Platformer Pack,Unknown,https://disarmedgames.itch.io/pixel-platformer-pack
2026-09-02T01:06:36.376249,16-BIT RPG Music 4 - Dark & Cursed Lands,Unknown,https://elvgames.itch.io/16-bit-rpg-dark-cursed-lands
2026-09-02T01:06:36.376249,Stylized Tables & Chairs Set,Unknown,https://hattylaird.itch.io/stylized-lowpoly-table-chairs-set
2026-09-02T01:06:36.376249,Free Kitchen Asset Pack,Unknown,https://styloo.itch.io/kitchen
2026-09-02T01:06:36.376249,Free Chairs & Tables PSX Asset Pack,Unknown,https://apfelgarten.itch.io/chairs-tables-psx-asset-pack
2026-09-02T01:06:36.376249,Pixel Art Tree Asset Pack,Unknown,https://devkidd.itch.io/pixel-tree-asset-pack
2026-09-02T01:06:36.376249,Neon Wave Theme for Godot Games,Unknown,https://azagaya.itch.io/neon-wave-theme-for-godot-games
2026-09-02T01:06:36.376249,Pixel Art Tileset Forest Asset Pack,Unknown,https://pixeline-k.itch.io/pixel-art-forest-asset-pack
2026-09-02T01:06:36.376249,Little Runmo - Project File,Unknown,https://juhosprite.itch.io/little-runmo-project-file
2026-09-02T01:06:36.376249,Godot 4 Scene Manager+ (Source Files/Code),Unknown,https://baconandgames.itch.io/scene-manager-source-code
2026-09-02T01:06:36.376249,Takin the Godot Game Template,Unknown,https://tinytakinteller.itch.io/takin-godot-template
2026-09-02T01:06:36.376249,"Clouds Parallax Backgrounds featuring clouds, sky, and a small forest - Pixel art sprite pack",Unknown,https://captainskolot.itch.io/clouds-parallax-backgrounds-featuring-clouds-sky-and-a-small-forest-pixel-art-sp
2026-09-02T01:06:36.376249,Pixel Art Shaders,Unknown,https://nojoule.itch.io/pixel-art-shaders
2026-09-02T01:06:36.376249,Clean Dark Godot theme,Unknown,https://galacticlake.itch.io/clean-dark-godot-theme
2026-09-02T01:06:36.376249,Fantasy UI,Unknown,https://oinky55.itch.io/fantasy-ui
2026-09-02T01:06:38.670243,VoidPix Skybox Pack,Unknown,https://abhishta.itch.io/voidpix-skybox-pack
2026-09-02T01:06:38.670243,Skill Sound Effects 1 - Universal Sound Effects,Unknown,https://elvgames.itch.io/skill-sound-effects-pack-1
2026-09-02T01:06:38.670243,16-Bit RPG Music 1 - Adventure,Unknown,https://elvgames.itch.io/16-bit-rpg-music-1-adventure
2026-09-02T01:06:38.670243,Ambient Weather Loops 1 - Universal Sound Effects,Unknown,https://elvgames.itch.io/ambient-weather-sfx-1-universal-sound-effects
2026-09-02T01:06:38.670243,Texture Pack: Facades,Unknown,https://juliovii.itch.io/facadespk02
2026-09-02T01:06:38.670243,Cartoon City Massive Pack- Characters,Unknown,https://rg-poly.itch.io/cartoon-city-massive-pack-characters
2026-09-02T01:06:38.670243,Funglet Enemy Sprite 4 Directions [Fantasy Dreamland],Unknown,https://elvgames.itch.io/funglet-sprites-fantasy-dreamland
2026-09-02T01:06:38.670243,Godot Retro Theme 'Space Worm',Unknown,https://softwave.itch.io/godot-retro-theme-space-worm
2026-09-02T01:06:38.670243,Item Icons 16x16 Pixelart [Farming Game],Unknown,https://elvgames.itch.io/farming-game-item-icons-16x16-pixelart
2026-09-02T01:06:38.670243,Sonny The Boxer! 3D Character,Unknown,https://vnparadise.itch.io/sonny-the-boxer-3d-character
2026-09-02T01:06:38.670243,Godot Cliffs & Rocks Asset Pack 1,Unknown,https://arnklit.itch.io/godot-rock-asset-pack1
2026-09-02T01:06:38.670243,Voxel Cyberpunk Buildings - monogon,Unknown,https://maxparata.itch.io/voxelcyberpunkbuildings
2026-09-02T01:06:38.670243,Pixel Hero Maker,Unknown,https://hippogames.itch.io/pixel-hero-maker
2026-09-02T01:06:38.670243,Retro Low Poly Ghoul / Zombie PSX Model - Rigged and Animated!,Unknown,https://daniel-almenara.itch.io/ghoul-zombie
2026-09-02T01:06:38.670243,Tiny Treats - Fun Playground set,Unknown,https://tinytreats.itch.io/fun-playground
2026-09-02T01:06:38.670243,Ice VFX - Godot 3D,Unknown,https://binbun3d.itch.io/ice-vfx
2026-09-02T01:06:38.670243,60 Stylized Vegetation Textures,Unknown,https://kalponic-studio.itch.io/60-stylized-vegetation-textures
2026-09-02T01:06:38.670243,FREE Godot Project - Skybox Shader,Unknown,https://emaceart.itch.io/free-stylized-procedural-sky-godot-skybox-shader
2026-09-02T01:06:38.670243,Stylized Asian Village,Unknown,https://wizp.itch.io/stylized-asian-village
2026-09-02T01:06:38.670243,Free Characters,Unknown,https://katcho.itch.io/free-characters
2026-09-02T01:06:38.670243,[Free] Medieval Props - Small Pack Low Poly,Unknown,https://rg-poly.itch.io/medieval-props-small-pack-low-poly
2026-09-02T01:06:38.670243,Swamp - Part 1 & 2,Unknown,https://kbpixelart.itch.io/swamp-part-12
2026-09-02T01:06:38.670243,Stylized Metals 01,Unknown,https://juliovii.itch.io/ftp-metals-01
2026-09-02T01:06:38.670243,FREE 2D Space Game [Pack],Unknown,https://gisha.itch.io/2d-space-game-pack
2026-09-02T01:06:38.670243,Godot Platformer Template,Unknown,https://suppersaif.itch.io/godot-platformer-template
2026-09-02T01:06:38.670243,Pixel Promise - 24x24 Pixel Font,Unknown,https://v3x3d.itch.io/pixel-promise
2026-09-02T01:06:38.670243,Brewing & Alchemy Sound Effects - Universal Sound Effects,Unknown,https://elvgames.itch.io/game-sound-effects-brewing-alchemy
2026-09-02T01:06:38.670243,Texture Pack: Skin 01,Unknown,https://juliovii.itch.io/skinpk01
2026-09-02T01:06:38.670243,Backrooms Asset Pack [ FREE ],Unknown,https://naivegoblin.itch.io/cc0-backrooms-asset-pack
2026-09-02T01:06:38.670243,"Ocean3D: Water, Waves & Buoyancy for Godot 4",Unknown,https://ocean3d.itch.io/ocean3d
2026-09-02T01:06:38.670243,project - character controller,Unknown,https://lotovik.itch.io/project-character-controller
2026-09-02T01:06:38.670243,Texture Pack: Paper 01,Unknown,https://juliovii.itch.io/paperpk01
2026-09-02T01:06:38.670243,[â¦] VisuStella Armory Season One Collection,Unknown,https://visustella.itch.io/visustella-armory-season-1
2026-09-02T01:06:38.670243,Post-Apocalyptic - Pharmacy,Unknown,https://atomicrealm.itch.io/post-apocalyptic-pharmacy
2026-09-02T01:06:38.670243,Third Person Shooter Template,Unknown,https://chafmere.itch.io/third-person-shooter-template
2026-09-02T01:06:38.670243,PIXEL FANTASY COIN FLIP,Unknown,https://cazwolf.itch.io/pixel-coinflip
2026-09-02T01:06:41.277491,Animated Pixel Art Coin Pack,Unknown,https://shiezy.itch.io/animated-pixel-art-coin-pack
2026-09-02T01:06:41.277491,"POLY - Mega Weapons Kit Modular (Unity, UE, Godot)",Unknown,https://animpicstudio.itch.io/poly-mega-weapons-kit-modular-unity-ue-godot
2026-09-02T01:06:41.277491,[â¦] VisuStella Armory Season Two Collection,Unknown,https://visustella.itch.io/visustella-armory-season-two-collection
2026-09-02T01:06:41.277491,SFX Packs - FREE -,Unknown,https://cyberofficial.itch.io/sfx-pack
2026-09-02T01:06:41.277491,Modular Wood Structures,Unknown,https://loafbrr.itch.io/modular-wood-structures
2026-09-02T01:06:41.277491,Elv Inn Tileset,Unknown,https://elvgames.itch.io/elv-inn-tileset
2026-09-02T01:06:41.277491,Monster Sound Effects 2 - Universal Sound Effects,Unknown,https://elvgames.itch.io/monster-pack-2-universal-game-sound-effects
2026-09-02T01:06:41.277491,2D Pixel Isometric Cave tiles - 32x32,Unknown,https://kipperfalcon.itch.io/pixel-isometric-cave-tiles
2026-09-02T01:06:41.277491,FREE Pixel Grass And Flowers,Unknown,https://styloo.itch.io/pixel-grass-and-flowers
2026-09-02T01:06:41.277491,WORLD CHAMPIONSHIP HEROES Football Stars Collection,Unknown,https://sakpix.itch.io/world-championship-heroes-football-stars-collection
2026-09-02T01:06:41.277491,Beamwing Enemy Sprite 4 Directions [Fantasy Dreamland],Unknown,https://elvgames.itch.io/beamwing-sprites-fantasy-dreamland
2026-09-02T01:06:41.277491,Pocket Series: Village â 16x16 RPG Village Asset Pack,Unknown,https://sebbyspoons.itch.io/pocket-village
2026-09-02T01:06:41.277491,â Frozen Kingdom Fantasy Characters Pack,Unknown,https://sakpix.itch.io/frozen-kingdom-fantasy-characters-pack
2026-09-02T01:06:41.277491,Castle and village - Pixel art pack,Unknown,https://edermunizz.itch.io/castle-and-village-pixel-art-pack
2026-09-02T01:06:41.277491,Pixel Art Sci Fi Theme for Godot,Unknown,https://azagaya.itch.io/sci-fi-theme
2026-09-02T01:06:41.277491,NEON DYNASTY â Cyberpunk Legends Collection,Unknown,https://sakpix.itch.io/neon-dynasty-cyberpunk-legends-collection
2026-09-02T01:06:41.277491,Voxel Cyberpunk Street - monogon,Unknown,https://maxparata.itch.io/voxelcyberpunkstreet
2026-09-02T01:06:41.277491,PSX Style Camera Shader for Godot 4,Unknown,https://immaculate-lift-studio.itch.io/psx-style-camera-shader-for-godot-4
2026-09-02T01:06:41.277491,Human Dance Animations FREE,Unknown,https://kevdev.itch.io/human-dance-animations-free
2026-09-02T01:06:41.277491,GODOT 2D - PIXEL PLATFORMER TEMPLATE,Unknown,https://dark-palette.itch.io/godot-2d-pixel-platformer-template
2026-09-02T01:06:41.277491,Slime Enemy Sprite 4 Directions [Fantasy Dreamland],Unknown,https://elvgames.itch.io/slime-sprites-fantasy-dreamland
2026-09-02T01:06:41.277491,Ornate Pixel Art Theme,Unknown,https://azagaya.itch.io/ornate-theme
2026-09-02T01:06:41.277491,Pixel UI Theme for Godot,Unknown,https://thowsenmedia.itch.io/pixel-ui-theme-for-godot
2026-09-02T01:06:41.277491,[Free] Medieval Weapons - Small Low Poly Pack,Unknown,https://rg-poly.itch.io/medieval-weapons-small-low-poly-pack
2026-09-02T01:06:41.277491,Ultimate Retro PSX Tree Pack,Unknown,https://elegantcrow.itch.io/ultimate-retro-psx-tree-pack
2026-09-02T01:06:41.277491,PixelArt Gamepad Mega Pack,Unknown,https://oworowo.itch.io/pixelart-gamepad-ui-pack
2026-09-02T01:06:41.277491,Modular Dungeon Tiles Asset,Unknown,https://loafbrr.itch.io/modular-dungeon-tiles-asset
2026-09-02T01:06:41.277491,Healing & Medical Item Pack,Unknown,https://3dexter.itch.io/retro-health-healing-essential-items-pack
2026-09-02T01:06:41.277491,Godot 3.5 FPS Controller,Unknown,https://chafmere.itch.io/godot-fps-controller
2026-09-02T01:06:41.277491,DUNGEON WARRIORS 128Ã128 DARK FANTASY DUNGEON CHARACTER COLLECTION,Unknown,https://sakpix.itch.io/dungeon-warriors-128128-dark-fantasy-dungeon-character-collection
2026-09-02T01:06:41.277491,Goat Enemy Pack,Unknown,https://kbpixelart.itch.io/goat-enemy-pack
2026-09-02T01:06:41.277491,sci fi like asset pack,Unknown,https://loafbrr.itch.io/sci-fi-like-asset-pack
2026-09-02T01:06:41.277491,Achievements Sound Effects 2 - Universal Sound Effects,Unknown,https://elvgames.itch.io/game-sound-effects-achievements-2
2026-09-02T01:06:41.277491,lofi ordinary man / psx character,Unknown,https://stephrobertgames.itch.io/lofi-ordinary-man
2026-09-02T01:06:41.277491,Pixel Mood - Adventure Set,Unknown,https://alwore.itch.io/pixel-mood
2026-09-02T01:06:41.277491,City Asset pack,Unknown,https://styloo.itch.io/city
2026-09-02T01:06:43.535082,Toon Styled Stuff,Unknown,https://dream-search-repeat.itch.io/toon-styled-stuff
2026-09-02T01:06:43.535082,Magic & Spells Sound Effects 6 - Universal Sound Effects,Unknown,https://elvgames.itch.io/magic-spells-sound-effects-6-universal-sound-effects
2026-09-02T01:06:43.535082,Wulfstan - The Wolf,Unknown,https://kbpixelart.itch.io/wulfstan-the-wolf
2026-09-02T01:06:43.535082,PSX Asset Pack,Unknown,https://hanusvalenta.itch.io/psxassetpack
2026-09-02T01:06:43.535082,Low Poly Mannequin,Unknown,https://arcorcao.itch.io/low-poly-mannequin
2026-09-02T01:06:43.535082,Texture Pack: Stylized 01,Unknown,https://juliovii.itch.io/stylizedpk01
2026-09-02T01:06:43.535082,Cosmic Backgrounds,Unknown,https://verzatiledev.itch.io/cosmic-backgrounds
2026-09-02T01:06:43.535082,CircuitForms | Mech_00,Unknown,https://jimmys7777.itch.io/mech-00
2026-09-02T01:06:43.535082,Hazmat Suit - PSX Style,Unknown,https://moi0210.itch.io/hazmat-suit-ps1-style
2026-09-02T01:06:43.535082,Viking Village - Part 1,Unknown,https://kbpixelart.itch.io/viking-village-part-1
2026-09-02T01:06:43.535082,Footsteps Sound Effects 3 - Universal Sound Effects,Unknown,https://elvgames.itch.io/game-sound-effects-footsteps-2
2026-09-02T01:06:43.535082,"POLY - Mega Survival Kit (Unity, UE, Godot)",Unknown,https://animpicstudio.itch.io/poly-mega-survival-kit
2026-09-02T01:06:43.535082,Free Pixel Art  ||Forest&Moon  Background,Unknown,https://forest-elfs.itch.io/forestmoon
2026-09-02T01:06:43.535082,VisuStella Worlds: Medieval Church,Unknown,https://visustella.itch.io/visustella-world-medieval-church
2026-09-02T01:06:43.535082,FREE Godot Project - Grass Wind Shader,Unknown,https://emaceart.itch.io/emaceart-stylized-grass-grass-shader-for-godot-4
2026-09-02T01:06:43.535082,Warehouse / Factory,Unknown,https://actg.itch.io/warehouse-factory
2026-09-02T01:06:43.535082,Avatar Black,Unknown,https://vyurt.itch.io/avatar-black
2026-09-02T01:06:43.535082,220 Stylized Ground Textures,Unknown,https://kalponic-studio.itch.io/stylized-ground-textures
2026-09-02T01:06:43.535082,Mobile UI Buttons Pack,Unknown,https://qog-studio.itch.io/mobile-ui-buttons-pack
2026-09-02T01:06:43.535082,Tiny Treats - Lovely Living Room set,Unknown,https://tinytreats.itch.io/lovely-living-room
2026-09-02T01:06:43.535082,Side Scroller Village Tileset,Unknown,https://kalponic-studio.itch.io/side-scroller-village-tileset
2026-09-02T01:06:43.535082,2D Pixel Art Status Effect Sprites,Unknown,https://elthen.itch.io/2d-pixel-art-status-effect-sprites
2026-09-02T01:06:43.535082,Vivid Motion : 500+ Animated RPG Icons,Unknown,https://vivid-motion-assets.itch.io/vivid-motion-500-animated-rpg-icons
2026-09-02T01:06:43.535082,"Premium Enchanted Forest Pixel Art Characters for Fantasy RPGs, Roguelikes & Magical Adventures",Unknown,https://sakpix.itch.io/premium-enchanted-forest-pixel-art-characters-for-fantasy-rpgs-roguelikes-magic
2026-09-02T01:06:43.535082,Materials Stylized Metal Panels,Unknown,https://juliovii.itch.io/ftp-stylized-metal-panels
2026-09-02T01:06:43.535082,Godot Theme: Soft Retro,Unknown,https://intergenic.itch.io/godot-theme-soft-retro
2026-09-02T01:06:43.535082,Staff Maker,Unknown,https://snoopethduckduck.itch.io/staff-maker
2026-09-02T01:06:43.535082,3d weapons Asset pack,Unknown,https://styloo.itch.io/3d-weapons-asset-pack
2026-09-02T01:06:43.535082,DithArt's Sci-Fi Tileset,Unknown,https://dithart.itch.io/sci-fi-tileset
2026-09-02T01:06:43.535082,Texture Pack: Stylized 02,Unknown,https://juliovii.itch.io/stylizedpk02
2026-09-02T01:06:43.535082,Human Archer Animations FREE,Unknown,https://kevdev.itch.io/human-archer-animations-free
2026-09-02T01:06:43.535082,Magic & Spells Sound Effects 5 - Universal Sound Effects,Unknown,https://elvgames.itch.io/magic-spells-sfx-5-universal-game-sounds
2026-09-02T01:06:43.535082,250+ Low Poly Tree Assets â Forest & Dead Trees,Unknown,https://hooray4brains.itch.io/low-poly-forest-nature-pack
2026-09-02T01:06:43.535082,Godot Pixel Art Emoji Pack,Unknown,https://kradzilla.itch.io/godot-pixel-art-emoji-pack
2026-09-02T01:06:43.535082,Demon Enemy Pack - Remake,Unknown,https://kbpixelart.itch.io/demon-enemy-pack-remake
2026-09-02T01:06:43.535082,Top Down Pixel Art Horror Full,Unknown,https://kamisama887.itch.io/top-down-pixel-art-horror-paid
2026-09-02T01:06:45.798623,ð SCI-FI LEGENDS â FUTURISTIC CHARACTERS PACK,Unknown,https://sakpix.itch.io/sci-fi-legends-futuristic-characters-pack
2026-09-02T01:06:45.798623,Dithart's FREE Sci-fi Tileset,Unknown,https://dithart.itch.io/ditharts-free-sci-fi-tileset
2026-09-02T01:06:45.798623,âï¸ Eternal Samurai & Yokai Warriors Pack,Unknown,https://sakpix.itch.io/eternal-samurai-yokai-warriors-pack
2026-09-02T01:06:45.798623,Beggar,Unknown,https://kbpixelart.itch.io/beggar-patreon-member-only
2026-09-02T01:06:45.798623,Pocket Series: Forest â 16Ã16 Asset Pack,Unknown,https://sebbyspoons.itch.io/pocket-forest
2026-09-02T01:06:45.798623,Turn Based RPG Monsters Pack 1,Unknown,https://elvgames.itch.io/turn-based-rpg-monsters-pack-1
2026-09-02T01:06:45.798623,Beastfolk Legends â Fantasy Animal Warriors Characters Pack,Unknown,https://sakpix.itch.io/beastfolk-legends-fantasy-animal-warriors-characters-pack
2026-09-02T01:06:45.798623,Dunewatcher Enemy Sprite 4 Directions [Fantasy Dreamland],Unknown,https://elvgames.itch.io/dunewatcher-enemy-sprite-fantasy-dreamland
2026-09-02T01:06:45.798623,DRAGONBUN - Weapons: Pack 1,Unknown,https://marimo.itch.io/dragonbun-icons5
2026-09-02T01:06:45.798623,Low Poly Dragon Model 3D,Unknown,https://bocdagla.itch.io/low-poly-dragon
2026-09-02T01:06:45.798623,"Free + Ultimate Pixel Art Food Pack â 18,700+ Files | 1100+ Assets - RPG, Survival, Farming & Cooking Game Icons",Unknown,https://pixel-1992.itch.io/ultimate-pixel-art-food-pack-18700-files-1100-assets-rpg-survival-farming-cookin
2026-09-02T01:06:45.798623,"FREE Super Input Prompt Icon Pack for PC & Console Gamesâ Compatible with Unreal Engine, Unity & Godot",Unknown,https://juliocacko.itch.io/free-super-input-prompt-pack-icons-unreal-unity-godot
2026-09-02T01:06:45.798623,Mechanized Subjects - Part 2,Unknown,https://kbpixelart.itch.io/mechanized-subjects-part-2
2026-09-02T01:06:45.798623,Dunestalker Enemy Sprite 4 Directions [Fantasy Dreamland],Unknown,https://elvgames.itch.io/dunestalker-enemy-sprite-fantasy-dreamland
2026-09-02T01:06:45.798623,DRAGONBUN - Cooking: Pack 3,Unknown,https://marimo.itch.io/dragonbun-icons13
2026-09-02T01:06:45.798623,Marketplace Tileset 16x16 Pixelart [Farming Game],Unknown,https://elvgames.itch.io/marketplace-tiles-16x16-pixelart-asset-pack
2026-09-02T01:06:45.798623,Sci-Fi UI Sound Effects 2 - Universal Sound Effects,Unknown,https://elvgames.itch.io/sci-fi-ui-sound-effects-2-universal-sound-effects
2026-09-02T01:06:45.798623,Pixel Hospital Tileset â Modern Medical Pixel Art (32x32),Unknown,https://jackburton84.itch.io/pixel-hospital-tileset-modern-medical-pixel-art-32x32
2026-09-02T01:06:45.798623,"Free Low Poly Car, 3 body kits, 4 rims...",Unknown,https://icemaan.itch.io/free-low-poly-car2-3-body-kits-4-rims
2026-09-02T01:06:45.798623,PSX Animals: Cats,Unknown,https://mcsteeg.itch.io/psx-animals-cats
2026-09-02T01:06:45.798623,PS1 Retro Water Shader for Unity,Unknown,https://halfhuman.itch.io/ps1-water-shader
2026-09-02T01:06:45.798623,Stylized potion bottles 3D pack,Unknown,https://saatou.itch.io/potion-bottle-bundle-for-your-3d-game
2026-09-02T01:06:45.798623,GAME READY MILITARY BASE ASSET PACK,Unknown,https://oxygen3d.itch.io/game-ready-military-base-asset-pack
2026-09-02T01:06:45.798623,Graybox 2D,Unknown,https://tinypot.itch.io/graybox-2d
2026-09-02T01:06:45.798623,Street Props Pack (Game Ready),Unknown,https://crazydrpants.itch.io/street-props-pack
2026-09-02T01:06:45.798623,Astronaut  - PSX Style,Unknown,https://moi0210.itch.io/astronaut-psx-style
2026-09-02T01:06:45.798623,Complete Action RPG Game Assets Bundle,Unknown,https://elvgames.itch.io/complete-action-rpg-game-assets-bundle
2026-09-02T01:06:45.798623,Kyleâs Rock Pack,Unknown,https://kyle-fuji.itch.io/kyles-rock-pack
2026-09-02T01:06:45.798623,Lizard Enemy Pack,Unknown,https://kbpixelart.itch.io/lizard-enemy-pack
2026-09-02T01:06:45.798623,GodotSky,Unknown,https://stayathomedev.itch.io/godotsky
2026-09-02T01:06:45.798623,The Eye - Enemy,Unknown,https://kbpixelart.itch.io/the-eye-enemy
2026-09-02T01:06:45.798623,Handpainted fantasy props pack,Unknown,https://lukky-nl.itch.io/handpainted-fantasy-props-pack
2026-09-02T01:06:45.798623,Materials Stylized Ceramic Tiles 01,Unknown,https://juliovii.itch.io/ftp-stylizedceramictiles01
2026-09-02T01:06:45.798623,Low Poly FPS Weapons Pack Lite,Unknown,https://justcreate3d.itch.io/low-poly-fps-weapons-pack-lite
2026-09-02T01:06:45.798623,Vector Icons & Ui,Unknown,https://styloo.itch.io/vector
2026-09-02T01:06:45.798623,Tiny Treats - Playful Bedroom set,Unknown,https://tinytreats.itch.io/playful-bedroom
2026-09-02T01:06:48.220007,Overworld Autotiles,Unknown,https://dandeliondino.itch.io/overworld-autotiles
2026-09-02T01:06:48.220007,STARFORGE ALLIANCE â 128Ã128 Sci-Fi Character Collection,Unknown,https://sakpix.itch.io/starforge-alliance-128128-sci-fi-character-collection
2026-09-02T01:06:48.220007,Footsteps Sound Effects 2 - Universal Sound Effects,Unknown,https://elvgames.itch.io/game-sound-effects-footsteps
2026-09-02T01:06:48.220007,PSX Animals: Farm Pack,Unknown,https://mcsteeg.itch.io/psx-animals-farm-pack
2026-09-02T01:06:48.220007,Top-Down Nature Environment,Unknown,https://mr-pixelz.itch.io/16x16-pixel-nature-environment
2026-09-02T01:06:48.220007,Textures Glass Windows,Unknown,https://juliovii.itch.io/ftp-glass-windows
2026-09-02T01:06:48.220007,Texture Pack: Medieval Tiles 01,Unknown,https://juliovii.itch.io/ftp-medieval-tiles-01
2026-09-02T01:06:48.220007,DARK GOTHIC FANTASY â LEGENDS COLLECTION,Unknown,https://sakpix.itch.io/dark-gothic-fantasy-legends-collection
2026-09-02T01:06:48.220007,Sword Sound Effects 2 - Universal Sound Effects,Unknown,https://elvgames.itch.io/sword-sound-effects-2-universal-sound-effects
2026-09-02T01:06:48.220007,FREE PSX Demonic Weapons Pack,Unknown,https://retro-spud.itch.io/psx-demonic-weapons-pack
2026-09-02T01:06:48.220007,PS1 | PSX Huntsman spider,Unknown,https://cursedlake.itch.io/ps1-psx-huntsman-spider
2026-09-02T01:06:48.220007,DRAGONBUN - Freebies: Pack 1,Unknown,https://marimo.itch.io/dragonbun-freeicons1
2026-09-02T01:06:48.220007,16x16 Tiny World - Farmlands,Unknown,https://fliegevogel.itch.io/t
2026-09-02T01:06:48.220007,Orbistone Enemy Sprite 4 Directions [Fantasy Dreamland],Unknown,https://elvgames.itch.io/orbistone-enemy-sprite-fantasy-dreamland
2026-09-02T01:06:48.220007,Animated Game Characters,Unknown,https://atomicrealm.itch.io/pixel-art-characters
2026-09-02T01:06:48.220007,Unfinished Buildings Set,Unknown,https://loafbrr.itch.io/unfinished-buildings
2026-09-02T01:06:48.220007,VisuStella Armory: Capes and Mantles Vol.01,Unknown,https://visustella.itch.io/visustella-armory-capes-and-mantles-vol01
2026-09-02T01:06:48.220007,A Bunch of Trees,Unknown,https://verzatiledev.itch.io/trees
2026-09-02T01:06:48.220007,Japanese Izakaya â Low Poly 3D Asset Pack (Free sampler),Unknown,https://yumeforge.itch.io/japanese-izakaya-low-poly-3d-asset-pack-free-sampler
2026-09-02T01:06:48.220007,Low Poly House Interior & Exterior,Unknown,https://justcreate3d.itch.io/low-poly-house-interior-exterior
2026-09-02T01:06:48.220007,Cozy Sim Music Pack [Town Life] - Tiny Pack,Unknown,https://richarrest.itch.io/cozy-sim-music-pack-town-life
2026-09-02T01:06:48.220007,Texture Pack: Asphalt 01,Unknown,https://juliovii.itch.io/ftp-asphalt-01
2026-09-02T01:06:48.220007,Soldier Character Pack,Unknown,https://mcsteeg.itch.io/soldier-character-pack
2026-09-02T01:06:48.220007,"""Realistic"" Buildings asset pack for Godot - Blender",Unknown,https://joethejunkbox.itch.io/buildings-assets
2026-09-02T01:06:48.220007,"Free Low Poly Car, 3 body kits, 4 rims...",Unknown,https://icemaan.itch.io/free-low-poly-car-3-body-kits-4-rims
2026-09-02T01:06:48.220007,Desert Package,Unknown,https://kbpixelart.itch.io/desert-package
2026-09-02T01:06:48.220007,Librarium Statics - Bone Knights,Unknown,https://aekashics.itch.io/librarium-statics-bone-knights
2026-09-02T01:06:48.220007,ð° Dark Fantasy Dungeon Heroes Pack,Unknown,https://sakpix.itch.io/dark-fantasy-dungeon-heroes-pack
2026-09-02T01:06:48.220007,Vampire Survivors Template,Unknown,https://hvnsart.itch.io/vampire-survivors-template
2026-09-02T01:06:48.220007,Puppet Combo style Retro VHS Shaders for Unity,Unknown,https://halfhuman.itch.io/puppet-combo-style-vhs-shaders-for-unity
2026-09-02T01:06:48.220007,1-bit champion generator,Unknown,https://umpatra.itch.io/1-bit-champion-generator
2026-09-02T01:06:48.220007,GBC Plush: Modern - Living Room 01,Unknown,https://daxxpixel.itch.io/gbcplush-modern-living-room-01
2026-09-02T01:06:48.220007,BEAST KINGDOMS 128Ã128 Fantasy Animal Warriors Collection,Unknown,https://sakpix.itch.io/beast-kingdoms-128128-fantasy-animal-warriors-collection
2026-09-02T01:06:48.220007,Texture Pack: Metallic Grids & Tiles,Unknown,https://juliovii.itch.io/ftp-metallic-grids-tiles
2026-09-02T01:06:48.220007,Turn Based RPG Monsters Pack 02,Unknown,https://elvgames.itch.io/turn-based-rpg-monsters-pack-2
2026-09-02T01:06:48.220007,Medieval Megapack - Low Poly,Unknown,https://rg-poly.itch.io/medieval-megapack-low-poly
2026-09-02T01:06:50.566145,Classic JRPG Music Pack // Medium Pack,Unknown,https://richarrest.itch.io/classic-jrpg-music-pack-medium-pack
2026-09-02T01:06:50.566145,Low Poly Vehicles Package-Optimized,Unknown,https://awbmegames0.itch.io/low-poly-vehicles-optimized-package
2026-09-02T01:06:50.566145,S13 CITY BUILDER 8 BITS,Unknown,https://s13games.itch.io/s13-city-builder-8-bits
2026-09-02T01:06:50.566145,Basic FPS Controller,Unknown,https://stayathomedev.itch.io/basic-fps-controller
2026-09-02T01:06:50.566145,Texture Pack: Plastic 01,Unknown,https://juliovii.itch.io/plasticpk01
2026-09-02T01:06:50.566145,"Free Low Poly Car, 3 body kits, 4 rims",Unknown,https://icemaan.itch.io/free-low-poly-car3-3-body-kits-4-rims
2026-09-02T01:06:50.566145,[Tileset] RPG Overworld,Unknown,https://rhosgfx.itch.io/rpg-overworld
2026-09-02T01:06:50.566145,Sea Assets - Ships,Unknown,https://atomicrealm.itch.io/sea-assets
2026-09-02T01:06:50.566145,Dwarf Basic Motions FREE,Unknown,https://kevdev.itch.io/dwarf-basic-motions-free
2026-09-02T01:06:50.566145,"LOWPO : Undead Low poly Character Pack (FBX, GLTF, BLEND, OBJ)",Unknown,https://standout7.itch.io/lowpo-undead
2026-09-02T01:06:50.566145,14 Blue Energy Animation Pack!,Unknown,https://manugamingcreations.itch.io/blue-energy-animation-pack
2026-09-02T01:06:50.566145,Turn Based RPG Monsters Pack 4,Unknown,https://elvgames.itch.io/turn-based-rpg-monsters-pack-4
2026-09-02T01:06:50.566145,Snow Mountain Backgrounds,Unknown,https://myaumya.itch.io/snow-mountain-backgrounds
2026-09-02T01:06:50.566145,Rockhelm Enemy Sprite 4 Directions [Fantasy Dreamland],Unknown,https://elvgames.itch.io/rockhelm-enemy-sprite-fantasy-dreamland
2026-09-02T01:06:50.566145,LO-FI Burger Menu Tray Asset Pack [FREE],Unknown,https://hauntedgato.itch.io/lo-fi-burger-menu-tray-asset-pack
2026-09-02T01:06:50.566145,Character Sprites Asset Pack 6 [Fantasy Dreamland],Unknown,https://elvgames.itch.io/character-sprites-asset-pack-6-fantasy-dreamland
2026-09-02T01:06:50.566145,Obssidian Dark Relic Pixel UI & HUD Pack â Godot 4 Ready,Unknown,https://obssidian-art.itch.io/obssidian-dark-relic-pixel-ui-hud-pack-godot-4-ready
2026-09-02T01:06:50.566145,Obssidian Gothic UI â Godot Ready Dark Fantasy UI Kit,Unknown,https://obssidian-art.itch.io/obssidian-gothic-ui-godot
2026-09-02T01:06:50.566145,LICH KING EMPEROR â LEGENDARY UNDEAD FROST MONARCH,Unknown,https://sakpix.itch.io/lich-king-emperor-legendary-undead-frost-monarch
2026-09-02T01:06:50.566145,"Neon District FREE â Cyberpunk Pixel Art Starter Kit (16x16, Unity/Godot/RPG Maker)",Unknown,https://abk911lol.itch.io/neon-district-free-cyberpunk-pixel-art-starter-kit-16x16-unitygodotrpg-maker
2026-09-02T01:06:50.566145,[FREE] Potion Inventory Sprites - 170 Pack,Unknown,https://polyyai.itch.io/potion-inventory-sprites-170-pack
2026-09-02T01:06:50.566145,Pixelart itempack 16x16 sprites- free assetpack,Unknown,https://svor.itch.io/16x16itempack
2026-09-02T01:06:50.566145,Golden Legend â Free Fantasy Starter Pack,Unknown,https://dtmates.itch.io/golden-legend-free-fantasy-starter-pack
2026-09-02T01:06:50.566145,Texture Pack: Metal Grids,Unknown,https://juliovii.itch.io/ftp-metal-grid
2026-09-02T01:06:50.566145,Millennium Dynasty - Music Pack,Unknown,https://cazwolf.itch.io/millennium-dynasty
2026-09-02T01:06:50.566145,DRAGONBUN - Weapons: Pack 5,Unknown,https://marimo.itch.io/dragonbun-icons9
2026-09-02T01:06:50.566145,Texture Pack: Leather 01,Unknown,https://juliovii.itch.io/leatherpk01
2026-09-02T01:06:50.566145,Sea Water Material (Godot Engine),Unknown,https://fourhours.itch.io/sea-water-material
2026-09-02T01:06:50.566145,Texture Pack: Stylized 03,Unknown,https://juliovii.itch.io/ftp-stylized-03
2026-09-02T01:06:50.566145,Godot Node Icons - Card Games & More,Unknown,https://greenhavensoftware.itch.io/card-games-and-more-node-icons-for-godot
2026-09-02T01:06:50.566145,Materials Stylized Bricks & Plaster,Unknown,https://juliovii.itch.io/ftp-stylized-bricks-plaster
2026-09-02T01:06:50.566145,PS1 | PSX Medieval Market,Unknown,https://cursedlake.itch.io/ps1-psx-medieval-market
2026-09-02T01:06:50.566145,Godot Water Splash VFX,Unknown,https://tomazod.itch.io/godot-splash-vfx
2026-09-02T01:06:50.566145,Spaceship Generator,Unknown,https://deep-fold.itch.io/spaceship-generator
2026-09-02T01:06:50.566145,Sporefiend Enemy Sprite 4 Directions [Fantasy Dreamland],Unknown,https://elvgames.itch.io/sporefiend-sprites-fantasy-dreamland
2026-09-02T01:06:50.566145,10+ Biomes Top-Down Tilesets for Many Engines!,Unknown,https://pixelodyssey.itch.io/10plus-biomes-top-down-tilesets
2026-09-02T01:06:52.825259,Texture Pack: Wood 02,Unknown,https://juliovii.itch.io/woodpk02
2026-09-02T01:06:52.825259,Magic & Spells Sound Effects 8 - Universal Sound Effects,Unknown,https://elvgames.itch.io/magic-spells-sound-effects-8-universal-sound-effects
2026-09-02T01:06:52.825259,8-BIT Adventure Music Bundle,Unknown,https://elvgames.itch.io/8-bit-adventure-music-bundle
2026-09-02T01:06:52.825259,Slimey Enemy Sprite 4 Directions [Fantasy Dreamland],Unknown,https://elvgames.itch.io/slimey-sprites-fantasy-dreamland
2026-09-02T01:06:52.825259,8-BIT Battle Music 3,Unknown,https://elvgames.itch.io/8-bit-battle-music-3
2026-09-02T01:06:52.825259,2D Pixel Art Spell Projectile Sprites,Unknown,https://elthen.itch.io/2d-pixel-art-spell-projectile-sprites
2026-09-02T01:06:52.825259,Godot Ship Controller,Unknown,https://ryanremer.itch.io/godot-ship-controller
2026-09-02T01:06:52.825259,VisuStella Armory: Shields Vol.01,Unknown,https://visustella.itch.io/visustella-armory-shields-vol01
2026-09-02T01:06:52.825259,"POLY - Survival Subway (Unity, UE, Godot)",Unknown,https://animpicstudio.itch.io/poly-survival-subway-unity-ue-godot
2026-09-02T01:06:52.825259,[MAT] PBR Materials Pack,Unknown,https://jdsherbert.itch.io/pbr-materials-pack-free
2026-09-02T01:06:52.825259,NINJA CHARACTER,Unknown,https://styloo.itch.io/ninja
2026-09-02T01:06:52.825259,10 Branching Quests (Survival RPG Dialogue System),Unknown,https://francisco-89549.itch.io/rpg-quest-system
2026-09-02T01:06:52.825259,64x64 Pixel Art Dungeon Tileset (4 Color Variants),Unknown,https://miguelsgp.itch.io/pixel-art-dungeon-tileset-64x64
2026-09-02T01:06:52.825259,Cactoid Enemy Sprite 4 Directions [Fantasy Dreamland],Unknown,https://elvgames.itch.io/cactoid-sprites-fantasy-dreamland
2026-09-02T01:06:52.825259,8-BIT Fantasy Music - Dungeons,Unknown,https://elvgames.itch.io/8-bit-fantasy-music-dungeons
2026-09-02T01:06:52.825259,Lakeview Bakery | Low-poly | Stylized,Unknown,https://bukkbeek.itch.io/lakeview-bakery
2026-09-02T01:06:52.825259,Mega Marine Pack with Extras,Unknown,https://rapidpunches.itch.io/megamarinepack
2026-09-02T01:06:52.825259,Branching Dialogue Graph Godot (with json),Unknown,https://insbilla.itch.io/branching-dialogue-graph-godot-with-json
2026-09-02T01:06:52.825259,Josie - Character Model,Unknown,https://jenjell.itch.io/josie-character-model
2026-09-02T01:06:52.825259,3D Platformer Character [Free],Unknown,https://yahyadanboos.itch.io/3d-platformer-character
2026-09-02T01:06:52.825259,PSX Animals: Horses,Unknown,https://mcsteeg.itch.io/psx-animals-horses
2026-09-02T01:06:52.825259,Texture Pack: Wood & Windows,Unknown,https://juliovii.itch.io/ftp-wood-windows
2026-09-02T01:06:52.825259,Free Ruined Village Buildings â Pixel Art Assets,Unknown,https://mutterpixel-studio.itch.io/ruined-village-buildings-pixel-art-assets
2026-09-02T01:06:52.825259,[BGM] Harvest Seasons Music Pack,Unknown,https://jdsherbert.itch.io/harvest-seasons-music-pack
2026-09-02T01:06:52.825259,Scrolling Starfield Shader for Godot,Unknown,https://steampunkdemon.itch.io/pixelated-starfield-shader-with-paralax-scrolling-effect-for-godot
2026-09-02T01:06:52.825259,Godot 2D Prototype Assets,Unknown,https://toldoven.itch.io/godot-2d-prototype-asset-pack
2026-09-02T01:06:52.825259,City Builder Game Template,Unknown,https://mxfilho.itch.io/meas-city-builder-game-template
2026-09-02T01:06:52.825259,LOWPO: Base Character â Low Poly Rigged 3D Model,Unknown,https://standout7.itch.io/lowpo-base
2026-09-02T01:06:52.825259,Materials Stylized Concrete,Unknown,https://juliovii.itch.io/fmp-stylized-concrete
2026-09-02T01:06:52.825259,Stylized Tree Pack,Unknown,https://wizp.itch.io/stylized-tree-pack
2026-09-02T01:06:52.825259,Materials Leather 02,Unknown,https://juliovii.itch.io/materials-leather-02
2026-09-02T01:06:52.825259,16-Bit RPG Music 2 - Towns & Villages,Unknown,https://elvgames.itch.io/16-bit-rpg-music-2-towns-villages
2026-09-02T01:06:52.825259,Platformer Tileset Industrial Core 16x16 Pixelart,Unknown,https://elvgames.itch.io/platformer-tileset-industrial-core
2026-09-02T01:06:52.825259,Fire Rain Effect,Unknown,https://inspiredsloth.itch.io/fire-rain-effect
2026-09-02T01:06:52.825259,Generic Grass/Dirt Tileset,Unknown,https://sourix5042.itch.io/generic-grassdirt-tileset
2026-09-02T01:06:52.825259,ð® MORWEN â WITCH OF THE ECLIPSE,Unknown,https://sakpix.itch.io/morwen-witch-of-the-eclipse
2026-09-02T01:06:55.275135,ARCANE LEGACY 128Ã128 Magic Academy Character Collection,Unknown,https://sakpix.itch.io/arcane-legacy-128128-magic-academy-character-collection
2026-09-02T01:06:55.275135,Lowpoly  plant pack Godot,Unknown,https://niwl-games.itch.io/plants
2026-09-02T01:06:55.275135,Stylized Stone & Wood  02,Unknown,https://juliovii.itch.io/ftp-stone-wood-02
2026-09-02T01:06:55.275135,ð©¸Crimson Vampire Hunters Packð©¸,Unknown,https://sakpix.itch.io/crimson-vampire-hunters-pack
2026-09-02T01:06:55.275135,The Action Adventure Platformer or Something Like That...,Unknown,https://alexrequiemd.itch.io/theactionadventureplatformergodot
2026-09-02T01:06:55.275135,8-BIT Adventure Music 2,Unknown,https://elvgames.itch.io/8-bit-adventure-music-2
2026-09-02T01:06:55.275135,Character Sprites 16x16 Pixelart Asset Pack 4 [Farming Game],Unknown,https://elvgames.itch.io/farming-character-sprites-4
2026-09-02T01:06:55.275135,Pixel RPG VFX Pack â Free Animated Effects,Unknown,https://pewas.itch.io/pixel-rpg-vfx-pack-free-animated-effects
2026-09-02T01:06:55.275135,Texture Pack: Stone and Bricks 01,Unknown,https://juliovii.itch.io/stoneandbrickspk01
2026-09-02T01:06:55.275135,Cozy Character Pack,Unknown,https://mintygamekit.itch.io/cozy-character-pack
2026-09-02T01:06:55.275135,Texture Pack: Wood 03,Unknown,https://juliovii.itch.io/ftp-wood-03
2026-09-02T01:06:55.275135,Pixel Grassland pack,Unknown,https://moranovo.itch.io/tile
2026-09-02T01:06:55.275135,Castle Wall Kit,Unknown,https://loafbrr.itch.io/castle-wall-kit
2026-09-02T01:06:55.275135,Low Poly Sci-Fi Weapons Lite,Unknown,https://justcreate3d.itch.io/low-poly-sci-fi-weapons-lite
2026-09-02T01:06:55.275135,Cycloring Enemy Sprite 4 Directions [Fantasy Dreamland],Unknown,https://elvgames.itch.io/cycloring-enemy-sprite-fantasy-dreamland
2026-09-02T01:06:55.275135,Godot Theme: Black and White,Unknown,https://intergenic.itch.io/godot-theme-black-and-white
2026-09-02T01:06:55.275135,ð´ SUMMER BEACH GIRLS,Unknown,https://sakpix.itch.io/summer-beach-girls
2026-09-02T01:06:55.275135,Sci-fi Modular Sentry Gun,Unknown,https://3darknight.itch.io/sci-fi-modular-sentry-gun
2026-09-02T01:06:55.275135,PSX SUBWAY STATION,Unknown,https://joethejunkbox.itch.io/psx-subway-station
2026-09-02T01:06:55.275135,Pixel EvoMonsters Pack 03,Unknown,https://elvgames.itch.io/pixel-evomonsters-pack-03
2026-09-02T01:06:55.275135,3D Spaceships Pack,Unknown,https://polyyai.itch.io/3d-spaceships-pack
2026-09-02T01:06:55.275135,Voxel City - monogon,Unknown,https://maxparata.itch.io/voxelcity
2026-09-02T01:06:55.275135,Pixel Mood - Old West Town,Unknown,https://alwore.itch.io/pixel-mood-old-west-town
2026-09-02T01:06:55.275135,Pixel Tower Defenders Asset Pack,Unknown,https://codelaboratory.itch.io/pixel-tower-defenders-asset-pack
2026-09-02T01:06:55.275135,PSX School & Asylum - Low Poly Horror Assets,Unknown,https://blackmirestudios.itch.io/psx-abandoned-school-asylum-low-poly-horror-props
2026-09-02T01:06:55.275135,Basic First Person for Godot 4,Unknown,https://gabrielcassimiro.itch.io/basic-first-person-for-godot-4
2026-09-02T01:06:55.275135,IRON EMPIRE â 128Ã128 Legendary Steampunk Heroes Collection,Unknown,https://sakpix.itch.io/iron-empire-128128-legendary-steampunk-heroes-collection
2026-09-02T01:06:55.275135,Texture Pack: Wooden Floor 01,Unknown,https://juliovii.itch.io/ftp-woodenfloor-01
2026-09-02T01:06:55.275135,First Person Arms Pack,Unknown,https://vyurt.itch.io/first-person-arms-pack
2026-09-02T01:06:55.275135,A Bunch of Archery (CC0),Unknown,https://verzatiledev.itch.io/archery
2026-09-02T01:06:55.275135,Modular Female Elf Pack: From Base Mesh to Hero,Unknown,https://fran-zerogame.itch.io/modular-female-elf-pack-from-base-mesh-to-hero
2026-09-02T01:06:55.275135,Visual Novel Example Project,Unknown,https://nathanhoad.itch.io/godot-dialogue-example-project-visual-novel
2026-09-02T01:06:55.275135,Free Car Low Poly,Unknown,https://icemaan.itch.io/free-car-low-poly
2026-09-02T01:06:55.275135,Free Low Poly Summer Pack,Unknown,https://d1mee.itch.io/free-low-poly-summer-pack
2026-09-02T01:06:55.275135,Godot Ready Low Poly Modular Character,Unknown,https://gevonstria.itch.io/godot-ready-low-poly-character
2026-09-02T01:06:55.275135,VisuStella Armory: Medieval Clothing Vol.01,Unknown,https://visustella.itch.io/visustella-armory-medieval-clothing-vol01
2026-09-02T01:06:57.629076,Godot Day and Night Sky,Unknown,https://josuec.itch.io/godot-day-and-night-sky
2026-09-02T01:06:57.629076,Texture Pack: Mix Pack 08,Unknown,https://juliovii.itch.io/ftp-mixpack08
2026-09-02T01:06:57.629076,PSX Shotgun,Unknown,https://myles-leslie.itch.io/psx-shotgun
2026-09-02T01:06:57.629076,Slime Shooter - Godot Learning Project,Unknown,https://polygonix.itch.io/slime-shooter-godot-foss-learning-project
2026-09-02T01:06:57.629076,RPG asset tileset Busy CafÃ© pack (Asset Alliance),Unknown,https://shanianickel.itch.io/busy-cafe
2026-09-02T01:06:57.629076,â¡ Neon Viper: Cyberpunk Combat Hero,Unknown,https://sakpix.itch.io/neon-viper-cyberpunk-combat-hero
2026-09-02T01:06:57.629076,PSX Dark Knights Pack,Unknown,https://retro-spud.itch.io/psx-dark-knights-pack
2026-09-02T01:06:57.629076,GBC Plush: Essential - The Cave,Unknown,https://daxxpixel.itch.io/gbcplush-essential-thecave
2026-09-02T01:06:57.629076,Monster Sound Effects 3 - Universal Sound Effects,Unknown,https://elvgames.itch.io/monster-sound-effects-3-universal-game-sounds
2026-09-02T01:06:57.629076,2D Dog Character,Unknown,https://styloo.itch.io/dog2d
2026-09-02T01:06:57.629076,Turn Based RPG Monsters Pack 20,Unknown,https://elvgames.itch.io/turn-based-rpg-monsters-pack-20
2026-09-02T01:06:57.629076,Kingdom Citizens â Fantasy Townfolk & NPC Collection,Unknown,https://sakpix.itch.io/kingdom-citizens-fantasy-townfolk-npc-collection
2026-09-02T01:06:57.629076,Pixel EvoMonsters Pack 16,Unknown,https://elvgames.itch.io/pixel-evomonsters-pack-16
2026-09-02T01:06:57.629076,UI Aurora,Unknown,https://verzatiledev.itch.io/ui-aurora
2026-09-02T01:06:57.629076,General Weather Complete Pack - 2D Weather VFX + Bonus SFX-Godot-Ready,Unknown,https://obssidian-art.itch.io/general-weather-complete-pack-godot-ready
2026-09-02T01:06:57.629076,PSX Style Door & Window Textures,Unknown,https://marcis.itch.io/retro-textures-2
2026-09-02T01:06:57.629076,A Bunch of Vases,Unknown,https://verzatiledev.itch.io/vases
2026-09-02T01:06:57.629076,Prototype Textures,Unknown,https://unitology.itch.io/prototype-textures
2026-09-02T01:06:57.629076,Cyberpunk Pixel Art â Civilians Pack,Unknown,https://lunascra.itch.io/20-cyberpunk-pixel-art-npcs
2026-09-02T01:06:57.629076,Low Poly Food Pack,Unknown,https://greboge.itch.io/low-poly-food-pack
2026-09-02T01:06:57.629076,2D Pixel Art Combusted Sprites,Unknown,https://elthen.itch.io/2d-pixel-art-combusted-sprites
2026-09-02T01:06:57.629076,Sci-Fi Monster Sound Effects 2 - Universal Sound Effects,Unknown,https://elvgames.itch.io/game-sound-effects-sci-fi-monster-2
2026-09-02T01:06:57.629076,DithArt's Sci-Fi Tileset 3 - Alien Spaceship,Unknown,https://dithart.itch.io/ditharts-alien-spaceship
2026-09-02T01:06:57.629076,"RPG Maker VX Ace, MV & MZ Animations - Air/Dash Spell Pack",Unknown,https://manugamingcreations.itch.io/rpg-maker-vx-ace-mv-mz-animations-air-spell-pack
2026-09-02T01:06:57.629076,Antalon Enemy Sprite 4 Directions [Fantasy Dreamland],Unknown,https://elvgames.itch.io/antalon-sprites-fantasy-dreamland
2026-09-02T01:06:57.629076,Godot Day Night 2D System,Unknown,https://thowsenmedia.itch.io/godot-day-night-2d-system
2026-09-02T01:06:57.629076,12 Kitchen Tools & Ingredients - Pixelart / Pixel Art Sprite  for cooking RPG,Unknown,https://captainskolot.itch.io/12-asset-pixelart-pixel-art-sprite-dessert-pack-rpg
2026-09-02T01:06:57.629076,Foliage_1,Unknown,https://loafbrr.itch.io/foliage-1
2026-09-02T01:06:57.629076,PanningCamera2D: Godot Lesson Pack,Unknown,https://bramwell.itch.io/panning-cam
2026-09-02T01:06:57.629076,Voxel Zombie Characters - monogon,Unknown,https://maxparata.itch.io/voxelzombiecharacters
2026-09-02T01:06:57.629076,WHISPERING MEADOW â 128Ã128 Cozy Village Heroes Collection,Unknown,https://sakpix.itch.io/whispering-meadow-128128-cozy-village-heroes-collection
2026-09-02T01:06:57.629076,Classic JRPG Music Pack // Tiny Pack,Unknown,https://richarrest.itch.io/classic-jrpg-music-pack-tiny-pack
2026-09-02T01:06:57.629076,Materials Carved Stone,Unknown,https://juliovii.itch.io/materials-carved-stone
2026-09-02T01:06:57.629076,Texture Pack: Stone Tiles,Unknown,https://juliovii.itch.io/ftp-stone-tiles
2026-09-02T01:06:57.629076,"Godot splash screen, animated",Unknown,https://guhnahdahb.itch.io/godot-splash-screen-gnd-pop
2026-09-02T01:06:57.629076,Natural Exteriors - Asset Pack,Unknown,https://studiodenny.itch.io/naturalexteriors
2026-09-02T01:06:59.969433,16-BIT Achievement Sound Effects - Universal Sound Effects,Unknown,https://elvgames.itch.io/16-bit-achievement-sound-effects-universal-sound-effects
2026-09-02T01:06:59.969433,Spooky Mansion [16x16],Unknown,https://dhassa.itch.io/spooky-mansion
2026-09-02T01:06:59.969433,VOID RAVEN â Cosmic Void Huntress,Unknown,https://sakpix.itch.io/void-raven-cosmic-void-huntress
2026-09-02T01:06:59.969433,Human Crafting Animations,Unknown,https://kevdev.itch.io/human-villager-animations
2026-09-02T01:06:59.969433,Free GB Village,Unknown,https://hoyb.itch.io/free-gb-village
2026-09-02T01:06:59.969433,DithArt's Sci-Fi Tileset 2 - Med Bay,Unknown,https://dithart.itch.io/ditharts-sci-fi-tileset2
2026-09-02T01:06:59.969433,Tiny Plane Asset Pack,Unknown,https://styloo.itch.io/plane
2026-09-02T01:06:59.969433,Free Stylized Sprite VFX,Unknown,https://kalponic-studio.itch.io/free-stylized-sprite-vfx
2026-09-02T01:06:59.969433,SpaceShips,Unknown,https://verzatiledev.itch.io/spaceships
2026-09-02T01:06:59.969433,8-BIT Battle Music Bundle,Unknown,https://elvgames.itch.io/8-bit-battle-music-bundle
2026-09-02T01:06:59.969433,Pet Rats Pack,Unknown,https://maxmorkson.itch.io/pet-rat-pack
2026-09-02T01:06:59.969433,Inventory Sidebar and Container,Unknown,https://tinyloomstd.itch.io/inventory-sidebar-and-container
2026-09-02T01:06:59.969433,RPG / Roguelike items asset pack,Unknown,https://lazy-fox.itch.io/items-asset-pack
2026-09-02T01:06:59.969433,Chess,Unknown,https://verzatiledev.itch.io/chess
2026-09-02T01:06:59.969433,BloomBorne Enchanter - Enemy,Unknown,https://kbpixelart.itch.io/bloomborne-enchanter-enemy
2026-09-02T01:06:59.969433,CYBER SHINOBI â Futuristic Ninja Hero,Unknown,https://sakpix.itch.io/cyber-shinobi-futuristic-ninja-hero
2026-09-02T01:06:59.969433,Materials Stone Floors,Unknown,https://juliovii.itch.io/materials-stone-floors
2026-09-02T01:06:59.969433,NPC & Environmental Package Collection,Unknown,https://kbpixelart.itch.io/npc-environmental-package-collection
2026-09-02T01:06:59.969433,Backrooms Level 94 PSX Pack,Unknown,https://liminallydreamcore.itch.io/psx-backrooms-level-94-pack
2026-09-02T01:06:59.969433,3D Low Poly Chest,Unknown,https://3darknight.itch.io/3d-low-poly-chest
2026-09-02T01:06:59.969433,Walkie-Talkie (CC0),Unknown,https://verzatiledev.itch.io/walkie-talkie
2026-09-02T01:06:59.969433,PSX Guns: Ammo,Unknown,https://mcsteeg.itch.io/psx-guns-ammo
2026-09-02T01:06:59.969433,Bandit Enemy Pack - Remake,Unknown,https://kbpixelart.itch.io/bandit-enemy-pack
2026-09-02T01:06:59.969433,Pixel art keyboard and mouse sprites (16x16)  â 100 Icon UI Asset Pack,Unknown,https://svor.itch.io/pixelart-keyboard-ui-iconpac-1616
2026-09-02T01:06:59.969433,Foliath Enemy Sprite 4 Directions [Fantasy Dreamland],Unknown,https://elvgames.itch.io/foliath-sprites-fantasy-dreamland
2026-09-02T01:06:59.969433,â¡ KAEL-09 â NEON BLADE OPERATIVE,Unknown,https://sakpix.itch.io/kael-09-neon-blade-operative
2026-09-02T01:06:59.969433,Fantasy Terrain Materials | Core Terrain,Unknown,https://orcpoweredgames.itch.io/stylized-terrain-textures-vol-1
2026-09-02T01:06:59.969433,Private Investigator Office Asset Pack,Unknown,https://devotedloner.itch.io/private-investigator-office-asset-pack
2026-09-02T01:06:59.969433,Pixel Flow: Fantasy [16x16] [RPG],Unknown,https://dhassa.itch.io/pixel-flow-fantasy
2026-09-02T01:06:59.969433,Cobra Robot 4k Character Asset,Unknown,https://dartrak.itch.io/cobra-robot
2026-09-02T01:06:59.969433,Platformer Tileset Research Facility 16x16 Pixelart,Unknown,https://elvgames.itch.io/platformer-tileset-research-facility
2026-09-02T01:06:59.969433,Modular Bad Guy Character Pack,Unknown,https://mcsteeg.itch.io/modular-bad-guy-character-pack
2026-09-02T01:06:59.969433,2D GIRL,Unknown,https://styloo.itch.io/girl
2026-09-02T01:06:59.969433,Universal Pixel UI & HUD Pack â Godot 4 Ready,Unknown,https://obssidian-art.itch.io/universal-pixel-ui-hud-pack-godot-4-ready
2026-09-02T01:06:59.969433,Pixel Cops: NPC Pack,Unknown,https://lunascra.itch.io/pixel-cops-npc-pack
2026-09-02T01:06:59.969433,Synthesized Vehicle Audio,Unknown,https://jreo.itch.io/jreo-sva
2026-09-02T01:07:02.224446,Texture Pack: Tiles 01,Unknown,https://juliovii.itch.io/tilespk01
2026-09-02T01:07:02.224446,Stylized 3D Fire and Smoke VFX Godot,Unknown,https://knowercoder.itch.io/3d-fire-and-smoke
2026-09-02T01:07:02.224446,Mutant Enemy Pack,Unknown,https://kbpixelart.itch.io/mutant-enemy-pack
2026-09-02T01:07:02.224446,8-BIT Battle Music 2,Unknown,https://elvgames.itch.io/8-bit-battle-music-2
2026-09-02T01:07:02.224446,Card Game Framework,Unknown,https://dbzer0.itch.io/card-game-framework
2026-09-02T01:07:02.224446,Godot C# Examples,Unknown,https://gametemplates.itch.io/godot-cs-examples
2026-09-02T01:07:02.224446,Texture Pack: Food 01,Unknown,https://juliovii.itch.io/foodpk01
2026-09-02T01:07:02.224446,Industrial Cyberpunk 3D Tilepack,Unknown,https://slipperhat.itch.io/industrial-cyberpunk-3d-tilepack
2026-09-02T01:07:02.224446,Rockeye Enemy Sprite 4 Directions [Fantasy Dreamland],Unknown,https://elvgames.itch.io/rockeye-enemy-sprite-fantasy-dreamland
2026-09-02T01:07:02.224446,Magic & Spells Sound Effects 7 - Universal Sound Effects,Unknown,https://elvgames.itch.io/magic-spells-sound-effects-7-universal-game-sounds
2026-09-02T01:07:02.224446,Game Components â Drop-in Gameplay Systems for Godot 4,Unknown,https://thornido.itch.io/godot-game-components
2026-09-02T01:07:02.224446,FROZEN KINGDOM â 128Ã128 Legendary Ice Heroes Collection,Unknown,https://sakpix.itch.io/frozen-kingdom-128128-legendary-ice-heroes-collection
2026-09-02T01:07:02.224446,PSX Evil Clowns,Unknown,https://retro-spud.itch.io/psx-evil-clowns
2026-09-02T01:07:02.224446,Giga psx-style inspired lowpoly assets (Updated to 45+ assets! ),Unknown,https://jamzuz.itch.io/giga-psx-style-inspired-lowpoly-assets
2026-09-02T01:07:02.224446,Topdown prototyping walls 16x16,Unknown,https://whiteshampoo.itch.io/topdown-prototyping-walls
2026-09-02T01:07:02.224446,Classic JRPG Music Pack // Grand Pack,Unknown,https://richarrest.itch.io/classic-jrpg-music-pack-grand-pack
2026-09-02T01:07:02.224446,Cute Dungeon Megapack,Unknown,https://rg-poly.itch.io/cute-dungeon-megapack
2026-09-02T01:07:02.224446,FREE APOCA,Unknown,https://blazowacho.itch.io/free-apoca
2026-09-02T01:07:02.224446,Mountain Parallax Backgrounds featuring mountains and a beautiful sky - Pixel art sprite pack,Unknown,https://captainskolot.itch.io/mountain-parallax-backgrounds-featuring-mountains-and-a-beautiful-sky-pixel-ar
2026-09-02T01:07:02.224446,Modern Classic - Godot UI Theme,Unknown,https://raou.itch.io/modernclassic-ui-theme
2026-09-02T01:07:02.224446,Dungeon Voxel Assets,Unknown,https://felixstrefter.itch.io/dungeon-voxel-assets
2026-09-02T01:07:02.224446,Low Poly Elf Character â Game-Ready,Unknown,https://fran-zerogame.itch.io/low-poly-elf-character-game-ready
2026-09-02T01:07:02.224446,Free Model - Sam [FBX/TSCN/MHM],Unknown,https://frontlinestudios.itch.io/asset-sam
2026-09-02T01:07:02.224446,AK47,Unknown,https://mcsteeg.itch.io/ak47
2026-09-02T01:07:02.224446,Godot 4.6 Dynamic Ripples Project,Unknown,https://paper-kitty-games.itch.io/godot-4-dynamic-ripples
2026-09-02T01:07:02.224446,Fire Mage,Unknown,https://idiostaide.itch.io/fire-mage
2026-09-02T01:07:02.224446,Pixel Fantasy RPG Icons Equipment 32Ã32,Unknown,https://cyangmou.itch.io/pixel-fantasy-rpg-icons-equipment-3232
2026-09-02T01:07:02.224446,VELKHAR â Lord of the Dead,Unknown,https://sakpix.itch.io/velkhar-lord-of-the-dead
2026-09-02T01:07:02.224446,Steampunk Bot Enemy Pack - V1,Unknown,https://kbpixelart.itch.io/steampunk-bot-enemy-pack
2026-09-02T01:07:02.224446,Soft light Godot theme,Unknown,https://galacticlake.itch.io/soft-light-godot-theme
2026-09-02T01:07:02.224446,Pixel EvoMonsters Pack 07,Unknown,https://elvgames.itch.io/pixel-evomonsters-pack-07
2026-09-02T01:07:02.224446,90's Retro Office Pack,Unknown,https://crazydrpants.itch.io/90s-retro-office-pack
2026-09-02T01:07:02.224446,Comic-Verza-Sans Font (CCO),Unknown,https://verzatiledev.itch.io/comic-verza-sans
2026-09-02T01:07:02.224446,Texture Pack: Tiles 02,Unknown,https://juliovii.itch.io/tilespk02
2026-09-02T01:07:02.224446,CYBERPUNK SIDE-SCROLLER TILESET 32x32,Unknown,https://sakpix.itch.io/cyberpunk-side-scroller-tileset-32x32
2026-09-02T01:07:02.224446,Traps & Mechanisms Sound Effects - Universal Sound Effects,Unknown,https://elvgames.itch.io/traps-mechanisms-sound-effects-universal-sound-effects
2026-09-02T01:07:04.584102,Mini Biomes: 8x8 Platformer Tileset,Unknown,https://bakadri.itch.io/mini-biomes-8x8-platformer-tileset
2026-09-02T01:07:04.584102,8-BIT Fantasy Music - Villages,Unknown,https://elvgames.itch.io/8-bit-fantasy-music-villages
2026-09-02T01:07:04.584102,10 Retro Pixel-Art Transitions,Unknown,https://alenia-studios.itch.io/retro-transitions
2026-09-02T01:07:04.584102,COZY ASSETS - Isometric Modular Male Character Kit (Idle + Walk + Sit),Unknown,https://klimmos.itch.io/cozy-assets-male-isometric-modular-character-kit
2026-09-02T01:07:04.584102,Texture Pack: Metal & Tiles,Unknown,https://juliovii.itch.io/ftp-metal-and-tiles
2026-09-02T01:07:04.584102,CC0 ASSET PACK - OLD WEST TOWN,Unknown,https://naivegoblin.itch.io/old-west-asset-pack
2026-09-02T01:07:04.584102,Pocket Series: Dungeon - 16x16 Asset Pack,Unknown,https://sebbyspoons.itch.io/pocket-dungeon
2026-09-02T01:07:04.584102,inflatables,Unknown,https://loafbrr.itch.io/inflatables
2026-09-02T01:07:04.584102,Free Pixel Character Sprite (One Eyed Creature),Unknown,https://potat0master.itch.io/free-pixel-character-sprite-one-eyed-creature
2026-09-02T01:07:04.584102,Ultimate Retro Shader Collection for Godot,Unknown,https://zorochase.itch.io/ultimate-retro-shader-collection-for-godot
2026-09-02T01:07:04.584102,Turn Based RPG Monsters Pack 8,Unknown,https://elvgames.itch.io/turn-based-rpg-monsters-pack-8
2026-09-02T01:07:04.584102,Holographic card VFX - Godot,Unknown,https://soygus.itch.io/holographic-card-vfx-godot
2026-09-02T01:07:04.584102,Meadows - Stylized Environment for Godot ( + Unity & Unreal Engine),Unknown,https://polyartstudios.itch.io/meadows-godot
2026-09-02T01:07:04.584102,Texture Pack: Wood 01,Unknown,https://juliovii.itch.io/woodpk01
2026-09-02T01:07:04.584102,Pixel EvoMonsters Pack 12,Unknown,https://elvgames.itch.io/pixel-evomonsters-pack-12
2026-09-02T01:07:04.584102,Stylized School Asset Pack,Unknown,https://hattylaird.itch.io/stylized-school-asset-pack
2026-09-02T01:07:04.584102,Restyling Van Buren,Unknown,https://abdurakhman.itch.io/restyling-van-buren
2026-09-02T01:07:04.584102,SCI-FI SIDE-SCROLLER TILESET,Unknown,https://sakpix.itch.io/sci-fi-side-scroller-tileset
2026-09-02T01:07:04.584102,8-BIT Fantasy Music - Farming,Unknown,https://elvgames.itch.io/8-bit-fantasy-music-farming
2026-09-02T01:07:04.584102,Modular Pixel Houses Tileset Pack 05,Unknown,https://elvgames.itch.io/modular-houses-tileset-pack-08
2026-09-02T01:07:04.584102,ð AUREX â DRAGONBLOOD CHAMPION,Unknown,https://sakpix.itch.io/aurex-dragonblood-champion
2026-09-02T01:07:04.584102,Pixel Mood - Goblins Sprite Pack,Unknown,https://alwore.itch.io/pixel-mood-goblins-sprite-pack
2026-09-02T01:07:04.584102,Low Poly RPG Fantasy Weapons Lite,Unknown,https://justcreate3d.itch.io/low-poly-rpg-fantasy-weapons-lite
2026-09-02T01:07:04.584102,[PACK] 3D Base Character Mesh,Unknown,https://aethercode.itch.io/pack-3d-base-character-mesh
2026-09-02T01:07:04.584102,Mythological Enemy Pack - V2,Unknown,https://kbpixelart.itch.io/mythological-enemy-pack-v2
2026-09-02T01:07:04.584102,Minimalist Warehouse Set - Godot 3,Unknown,https://carbonova.itch.io/minimalist-warehouse-set
2026-09-02T01:07:04.584102,SIDE-SCROLLER STARTER TILESET,Unknown,https://sakpix.itch.io/side-scroller-starter-tileset
2026-09-02T01:07:04.584102,Source Code - BiLLz Devs 2D Platformer Mechanics,Unknown,https://billz-devs.itch.io/source-code-billz-devs-2d-platformer-mechanics
2026-09-02T01:07:04.584102,M â¤ï¸ tema,Unknown,https://fishxels.itch.io/motema
2026-09-02T01:07:04.584102,PS1/PSX Heavy Arctic Transport,Unknown,https://cursedlake.itch.io/ps1psx-heavy-arctic-transport
2026-09-02T01:07:04.584102,Low Poly Medieval Bedroom Furniture Asset Pack,Unknown,https://jaybeelittlecreations.itch.io/low-poly-medieval-bedroom-furniture-asset-pack
2026-09-02T01:07:04.584102,Top-Down Snow Environment,Unknown,https://mr-pixelz.itch.io/16x16-pixel-snow-environment
2026-09-02T01:07:04.584102,THE BLACK SANCTUM â 128Ã128 Psychological Horror Character Collection,Unknown,https://sakpix.itch.io/the-black-sanctum-128128-psychological-horror-character-collection
2026-09-02T01:07:04.584102,Toilets,Unknown,https://loafbrr.itch.io/toilets
2026-09-02T01:07:04.584102,8-BIT Adventure Music 3,Unknown,https://elvgames.itch.io/8-bit-adventure-music-3
2026-09-02T01:07:04.584102,Free Tileset Pack,Unknown,https://pulkitverma.itch.io/free-tileset-pack
2026-09-02T01:07:06.900965,Godot third person combo template,Unknown,https://waffleawt.itch.io/godot-third-person-combo-template
2026-09-02T01:07:06.900965,8x8 Moss Temple Tileset Game Pack [Retro Adventure],Unknown,https://elvgames.itch.io/8x8-moss-temple-tileset-game-pack-retro-adventure
2026-09-02T01:07:06.900965,Godot4.3 base camera3d for 3rd person game,Unknown,https://jajoji.itch.io/godot43-base-camera3d-for-3rd-person-game
2026-09-02T01:07:06.900965,Warfront Elite Squad- Modern Military Operators Collection,Unknown,https://sakpix.itch.io/warfront-elite-squad-modern-military-operators-collection
2026-09-02T01:07:06.900965,16x16 Dungeon Asset Pack â Moonlit Platformer Series,Unknown,https://sebbyspoons.itch.io/moonlit-dungeon-dark-fantasy-pixel-platformer-tileset
2026-09-02T01:07:06.900965,JAPANESE LEGENDS â Fantasy Character Collection  128Ã128 Retro Pixel Art,Unknown,https://sakpix.itch.io/japanese-legends-fantasy-character-collection-128128-retro-pixel-art
2026-09-02T01:07:06.900965,Tiny Ironheart â Free  Animated Community Hero,Unknown,https://sakpix.itch.io/tiny-ironheart-free-community-hero
2026-09-02T01:07:06.900965,Pixelart Dungeon Tileset from osadam,Unknown,https://osadam.itch.io/pixelart-dungeon-tileset-from-osadam
2026-09-02T01:07:06.900965,Cute Sleeping Kittens 2D Icons/Images,Unknown,https://gamedev-kitty.itch.io/sleeping-kittens-2d-icon-pack
2026-09-02T01:07:06.900965,PSX Rigged characters : Photo-Mapped Retro Pack,Unknown,https://anwar2077.itch.io/psx-rigged-characters-photo-mapped-retro-pack
2026-09-02T01:07:06.900965,Mansion of Shadow : 16x16 Tileset,Unknown,https://bakadri.itch.io/mansion-of-shadow-16x16-tileset
2026-09-02T01:07:06.900965,8-BIT Fantasy Music - Dungeons II,Unknown,https://elvgames.itch.io/8-bit-fantasy-music-dungeons-ii
2026-09-02T01:07:06.900965,PSX Farm Tools,Unknown,https://mcsteeg.itch.io/psx-farm-tools
2026-09-02T01:07:06.900965,8-BIT Adventure Music 5,Unknown,https://elvgames.itch.io/8-bit-adventure-music-5
2026-09-02T01:07:06.900965,PinBall,Unknown,https://verzatiledev.itch.io/pinball
2026-09-02T01:07:06.900965,Interactive Phone UI,Unknown,https://verzatiledev.itch.io/interactive-phone-ui
2026-09-02T01:07:06.900965,Amir - Forest Nature Pack,Unknown,https://ahmedamirdev.itch.io/amir-forest-nature-pack
2026-09-02T01:07:06.900965,School Hall - Free License,Unknown,https://peladodev.itch.io/school
2026-09-02T01:07:06.900965,Castles and Moonbases,Unknown,https://atomicrealm.itch.io/castles-and-moonbases
2026-09-02T01:07:06.900965,A Bunch of Chests,Unknown,https://verzatiledev.itch.io/a-bunch-of-chests
2026-09-02T01:07:06.900965,Godot | CustomizableMenu for begginers 1.0,Unknown,https://chukoj.itch.io/godot-customizablemenu-for-begginers
2026-09-02T01:07:06.900965,Farming Sim Character Base,Unknown,https://smallmak.itch.io/farming-sim-character-base
2026-09-02T01:07:06.900965,Pixel EvoMonsters Pack 20,Unknown,https://elvgames.itch.io/pixel-evomonsters-pack-20
2026-09-02T01:07:06.900965,8-BIT Battle Music 1,Unknown,https://elvgames.itch.io/8-bit-battle-music-1
2026-09-02T01:07:06.900965,HEROIC LEGENDS â ULTIMATE SUPER HEROES COLLECTION,Unknown,https://sakpix.itch.io/heroic-legends-ultimate-super-heroes-collection
2026-09-02T01:07:06.900965,Hex Vector Map Tileset,Unknown,https://palona.itch.io/hex-vector-map-tileset
2026-09-02T01:07:06.900965,Free Low Poly Rocks,Unknown,https://crazydrpants.itch.io/free-low-poly-rocks
2026-09-02T01:07:06.900965,PSX Eyehead Monstrosity,Unknown,https://retro-spud.itch.io/psx-eyehead-monstrosity
2026-09-02T01:07:06.900965,DRAGONBUN - Books & Papers: Pack 1,Unknown,https://marimo.itch.io/dragonbun-icons3
2026-09-02T01:07:06.900965,Crosshairs UI,Unknown,https://verzatiledev.itch.io/crosshairs-ui
2026-09-02T01:07:06.900965,TileMap AutoTile 16x16,Unknown,https://jameelkak.itch.io/tilemap
2026-09-02T01:07:06.900965,Godot 4 Platformer Basics,Unknown,https://michaelgames.itch.io/godot-platformer-controller-basics
2026-09-02T01:07:06.900965,Super Retro Odyssey â¢ Sound Effects Pack,Unknown,https://farm-animal.itch.io/se-pack
2026-09-02T01:07:06.900965,Two Handed Sword Animations V2 (UE/FBX),Unknown,https://gamedev-hero.itch.io/two-handed-sword-animations-v2
2026-09-02T01:07:06.900965,8-BIT Fantasy Music - Exploration,Unknown,https://elvgames.itch.io/8-bit-fantasy-music-exploration
2026-09-02T01:07:06.900965,Advanced Locomotion System,Unknown,https://danielsantoscbr.itch.io/advanced-locomotion-system
2026-09-02T01:07:09.287168,Isometric RPG World Pack - Pixel Art,Unknown,https://khaledpng.itch.io/isometricitchio
2026-09-02T01:07:09.287168,Texture Pack: Tiles & Stones,Unknown,https://juliovii.itch.io/texture-pack-metal-grids
2026-09-02T01:07:09.287168,Ork Enemy Pack - Remake,Unknown,https://kbpixelart.itch.io/ork-enemy-pack
2026-09-02T01:07:09.287168,"Pixel Art Parallax Backgrounds: Dark Castle Dungeon - Pixel Art Sprite Pack""",Unknown,https://captainskolot.itch.io/pixel-art-parallax-backgrounds-dark-castle-dungeon-pixel-art-sprite-pack
2026-09-02T01:07:09.287168,CYBERPUNK ELITE CHARACTER COLLECTION,Unknown,https://sakpix.itch.io/cyberpunk-elite-character-collection
2026-09-02T01:07:09.287168,Kings and Pigs - Source Godot Code,Unknown,https://in3mo.itch.io/source-code-kings-and-pigs
2026-09-02T01:07:09.287168,Character Sprites 16x16 Pixelart Asset Pack 3 [Farming Game],Unknown,https://elvgames.itch.io/farming-character-sprites-3
2026-09-02T01:07:09.287168,Archangel Commander â Legendary Celestial Warrior Hero,Unknown,https://sakpix.itch.io/archangel-commander-legendary-celestial-warrior-hero
2026-09-02T01:07:09.287168,Stormreach â Sky Kingdom Fantasy Soundtrack Pack | 20 RPG Tracks,Unknown,https://sakpix.itch.io/stormreach-sky-kingdom-fantasy-soundtrack-pack-20-rpg-tracks
2026-09-02T01:07:09.287168,Godot 3 - 2D->3D Dungeon-Game-Template,Unknown,https://dsuter.itch.io/godot-3-2d-3d-dungeon-game-template
2026-09-02T01:07:09.287168,Golden Dragon - Faction NPC Pack,Unknown,https://lunascra.itch.io/golden-dragon
2026-09-02T01:07:09.287168,Pixelart Fonts Asset Pack 2,Unknown,https://elvgames.itch.io/pixelart-fonts-asset-pack-2
2026-09-02T01:07:09.287168,A Bunch of TD Turrets,Unknown,https://verzatiledev.itch.io/a-bunch-of-tower-defence-turrets
2026-09-02T01:07:09.287168,Low Poly House Kit,Unknown,https://moovingbox.itch.io/low-poly-house-kit
2026-09-02T01:07:09.287168,A Bunch of Banners (CC0),Unknown,https://verzatiledev.itch.io/banners
2026-09-02T01:07:09.287168,Pixel Art Parallax Backgrounds: Forest Paths with Mountains and Clouds - Pixel art Sprite Pack Pixelart,Unknown,https://captainskolot.itch.io/pixel-art-parallax-backgrounds-forest-paths-with-mountains-and-clouds-pixel-ar
2026-09-02T01:07:09.287168,Godot Minimal Game Template,Unknown,https://maaack.itch.io/godot-minimal-game-template
2026-09-02T01:07:09.287168,[SVG] Vector Food Pack PRO,Unknown,https://rhosgfx.itch.io/vector-food-pack-pro
2026-09-02T01:07:09.287168,Godod First Person Character,Unknown,https://dv-gamedev.itch.io/godod-first-person-character
2026-09-02T01:07:09.287168,Free Practice Isometric Tiles For Godot,Unknown,https://depth-strider.itch.io/practice-iso-tiles
2026-09-02T01:07:09.287168,Dark Ambient Music Pack // Tiny Pack,Unknown,https://richarrest.itch.io/distant-screams-dark-ambient-music-pack-tiny-pack
2026-09-02T01:07:09.287168,Retro PSX Style Shipyard Kit,Unknown,https://luriddream.itch.io/retro-psx-style-shipyard-kit
2026-09-02T01:07:09.287168,Mythological Enemy Pack - V1,Unknown,https://kbpixelart.itch.io/mythological-enemy-pack-v1
2026-09-02T01:07:09.287168,Mini Zulu Warrior,Unknown,https://rektocraft.itch.io/mini-zulu-warrior
2026-09-02T01:07:09.287168,Materials Plastics,Unknown,https://juliovii.itch.io/materials-plastics
2026-09-02T01:07:09.287168,Industrial Characters - Sci-fi,Unknown,https://atomicrealm.itch.io/industrial-characters-scifi
2026-09-02T01:07:09.287168,[FREE] Alien Character Game Asset,Unknown,https://xflimbox.itch.io/alienguycharacter
2026-09-02T01:07:09.287168,Altorum Heights - Part 1,Unknown,https://kbpixelart.itch.io/altorum-heights-part-1
2026-09-02T01:07:09.287168,Horror(Player template with script),Unknown,https://nikita-chumakov.itch.io/horrorplayer-template
2026-09-02T01:07:09.287168,Pixel Girls Walk Sheet Pack,Unknown,https://moranovo.itch.io/pixel-girls-walk-sheet-park
2026-09-02T01:07:09.287168,Desert Enemy Package,Unknown,https://kbpixelart.itch.io/desert-enemy-package
2026-09-02T01:07:09.287168,ð§ ELDRIC â APPRENTICE WIZARD,Unknown,https://sakpix.itch.io/eldric-apprentice-wizard
2026-09-02T01:07:09.287168,Mythic Dungeon (CC0),Unknown,https://verzatiledev.itch.io/mythic-dungeon
2026-09-02T01:07:09.287168,Godot 4 Retro Horror FX Toolkit,Unknown,https://rastalr.itch.io/godot-4-retro-horror-fx-toolkit
2026-09-02T01:07:09.287168,UI Autumn (CC0),Unknown,https://verzatiledev.itch.io/ui-autumn
2026-09-02T01:07:09.287168,Tiny Treats - Bakery Building set,Unknown,https://tinytreats.itch.io/bakery-building
2026-09-02T01:07:11.532890,Semi-Realistic Gun Collection,Unknown,https://vyurt.itch.io/semi-realistic-gun-collection
2026-09-02T01:07:11.532890,GBC Plush: Essential - Forest Cabin 01,Unknown,https://daxxpixel.itch.io/gbcplush-essential-forestcabin-01
2026-09-02T01:07:11.532890,Electronic Game Music Bundle,Unknown,https://elvgames.itch.io/electronic-game-music-bundle
2026-09-02T01:07:11.532890,Simply Plush (Sprite + Animations),Unknown,https://splendiddog.itch.io/simply-plush
2026-09-02T01:07:11.532890,16-BIT RPG Music 6 - Divine & Sacred,Unknown,https://elvgames.itch.io/16-bit-rpg-music-6-divine-sacred
2026-09-02T01:07:11.532890,FREE Godot Engine Logo Redesigns,Unknown,https://stayathomedev.itch.io/free-godot-logo-redesigns
2026-09-02T01:07:11.532890,Turn Based RPG Monsters Pack 21,Unknown,https://elvgames.itch.io/turn-based-rpg-monsters-pack-21
2026-09-02T01:07:11.532890,Food and Drink: Vegetable Pack,Unknown,https://mcsteeg.itch.io/vegetable-pack
2026-09-02T01:07:11.532890,DRAGONBUN - Herbs & Ingredients: Pack 1,Unknown,https://marimo.itch.io/dragonbun-icons2
2026-09-02T01:07:11.532890,Pixel Art Parallax Backgrounds: Cloudy Sky with Forest and River - Pixel art Sprite Pack Pixelart,Unknown,https://captainskolot.itch.io/pixel-art-parallax-backgrounds-cloudy-sky-with-forest-and-river-pixel-art-spri
2026-09-02T01:07:11.532890,Poison Spell Icons 16x16 Pixelart,Unknown,https://elvgames.itch.io/poison-spell-icons-16x16-pixelart
2026-09-02T01:07:11.532890,Free Grafito 2D Game Assets,Unknown,https://jovannyrodz.itch.io/free-grafito-2d-game-assets
2026-09-02T01:07:11.532890,A Bunch of Lamp-Posts,Unknown,https://verzatiledev.itch.io/lamps
2026-09-02T01:07:11.532890,Skeleton Enemy Pack - Remake,Unknown,https://kbpixelart.itch.io/skeleton-enemy-pack-remake
2026-09-02T01:07:11.532890,Villager men psx/lowpoly design,Unknown,https://stephrobertgames.itch.io/villager-men-psxlowpoly-design
2026-09-02T01:07:11.532890,16-BIT RPG Music 7 - Boss Battles,Unknown,https://elvgames.itch.io/16-bit-rpg-music-6-boss-battles
2026-09-02T01:07:11.532890,Cozy Cat CafÃ©- Asset Pack V.2.2,Unknown,https://mintygamekit.itch.io/cozycatcafe
2026-09-02T01:07:11.532890,Ultimate RPG Icon Megapack â 1000+ Retro Pixel Art Icons,Unknown,https://sakpix.itch.io/ultimate-rpg-icon-megapack-1000-retro-pixel-art-icons
2026-09-02T01:07:11.532890,DARK GOTHIC ELITE CHARACTER COLLECTION,Unknown,https://sakpix.itch.io/dark-gothic-elite-character-collection
2026-09-02T01:07:11.532890,Gritty Bathroom Interior - Pixel Asset Pack Vol 2,Unknown,https://aintgotjack.itch.io/gritty-bathroom
2026-09-02T01:07:11.532890,Modular Pixel Cats: Customizable Animated Sprite Pack,Unknown,https://dyru.itch.io/modular-pixel-cats-customizable-animated-sprite-pack
2026-09-02T01:07:11.532890,8-BIT Adventure Music 4,Unknown,https://elvgames.itch.io/8-bit-adventure-music-4
2026-09-02T01:07:11.532890,32x32 Free Pixel Weapon Pack,Unknown,https://darkice8899.itch.io/32x32-pixel-art-weapon-pack-100-hand-crafted-free-starter-premium
2026-09-02T01:07:11.532890,Top-Down Cave,Unknown,https://mr-pixelz.itch.io/16x16-pixel-cave
2026-09-02T01:07:11.532890,Kyle's Mushroom Pack,Unknown,https://kyle-fuji.itch.io/kyles-mushroom-pack
2026-09-02T01:07:11.532890,PRIMAL DYNASTIES â 256Ã256 Fantasy Beast Champions Collection,Unknown,https://sakpix.itch.io/primal-dynasties-256256-fantasy-beast-champions-collection
2026-09-02T01:07:11.532890,Pixel Art Stylized Background,Unknown,https://edermunizz.itch.io/pixel-art-stylized-background
2026-09-02T01:07:11.532890,Godot Plushie 3D Character,Unknown,https://apiratehat.itch.io/godot-plushie-3d-character
2026-09-02T01:07:11.532890,Adventure Platformer Demo [Godot],Unknown,https://pedrovmvictor.itch.io/godot-adventure-platformer-demo-godot
2026-09-02T01:07:11.532890,Pixel RPG Character Pack - Human,Unknown,https://direbubble.itch.io/pixel-human-character-pack-6-classes-with-animations-3232
2026-09-02T01:07:11.532890,Modular Godot Game â 5 Fighters + Tileset,Unknown,https://shinobugaen.itch.io/pixelabyss-character-tester
2026-09-02T01:07:11.532890,Texture Pack: Leather & Metal,Unknown,https://juliovii.itch.io/ftp-leather-metal
2026-09-02T01:07:11.532890,Balatro Style Card UI Asset Pack for Godot 4.6+,Unknown,https://jazzjackrabbit-1.itch.io/balatro-style-card-ui-assetpack-for-godot-47
2026-09-02T01:07:11.532890,Free Christmas SFX Pack,Unknown,https://kento-games.itch.io/free-christmas-sfx-pack
2026-09-02T01:07:11.532890,Materials Stylized Mix Stones 01,Unknown,https://juliovii.itch.io/ftp-stylized-mix-stones-01
2026-09-02T01:07:11.532890,Dog Pack â 4 Cute Pixel Art Animated Pups ^-^,Unknown,https://megamicrobats.itch.io/dogpack
2026-09-02T01:07:13.799240,BEASTFOLK WARRIORS 256Ã256 FANTASY BEASTFOLK CHARACTER COLLECTION,Unknown,https://sakpix.itch.io/beastfolk-warriors-256256-fantasy-beastfolk-character-collection
2026-09-02T01:07:13.799240,Sibuna Enemy,Unknown,https://kbpixelart.itch.io/sibuna-enemy
2026-09-02T01:07:13.799240,Godot 4 3D PinJoint Rope Physics,Unknown,https://palin-drome.itch.io/godot-4-3d-pinjoint-rope-physics
2026-09-02T01:07:13.799240,SAK-GUARDIAN OF THE CAT KINGDOM,Unknown,https://sakpix.itch.io/sak-guardian-of-the-cat-kingdom
2026-09-02T01:07:13.799240,CHRONO SOVEREIGNS â 256Ã256 Elite Steampunk Champions Collection,Unknown,https://sakpix.itch.io/chrono-sovereigns-256256-elite-steampunk-champions-collection
2026-09-02T01:07:13.799240,RPG asset tileset cave pack (Asset Alliance),Unknown,https://farm-animal.itch.io/cold-cave
2026-09-02T01:07:13.799240,"Forest Path Parallax (Trees, Paths, Mountains, and Clouds) - Pixel Art Sprite Pack",Unknown,https://captainskolot.itch.io/forest-path-parallax-trees-paths-mountains-and-clouds-pixel-art-sprite-pack
2026-09-02T01:07:13.799240,[â¦]VisuStella Cuisine Season One Collection,Unknown,https://visustella.itch.io/visustella-cuisine-season-one-collection
2026-09-02T01:07:13.799240,EVERGROVE LEGENDS â 256Ã256 Elite Woodland Guardians Collection,Unknown,https://sakpix.itch.io/evergrove-legends-256256-elite-woodland-guardians-collection
2026-09-02T01:07:13.799240,Pixel Art Parallax Backgrounds: Forest  - Pixel Art Sprite Pack,Unknown,https://captainskolot.itch.io/pixel-art-parallax-backgrounds-forest-pixel-art-sprite-pack
2026-09-02T01:07:13.799240,Goblin Low Poly,Unknown,https://maximumdamage.itch.io/goblin-low-poly
2026-09-02T01:07:13.799240,Texture Pack: Tree Bark 01,Unknown,https://juliovii.itch.io/ftp-tree-bark-01
2026-09-02T01:07:13.799240,Room Furniture Pack,Unknown,https://moranovo.itch.io/room-furniture-pack
2026-09-02T01:07:13.799240,Pixel EvoMonsters Pack 04,Unknown,https://elvgames.itch.io/pixel-evomonsters-pack-04
2026-09-02T01:07:13.799240,Cozy Village NPC Collection Vol.1,Unknown,https://sakpix.itch.io/cozy-village-npc-collection-vol1
2026-09-02T01:07:13.799240,Pixelart Fonts Asset Pack,Unknown,https://elvgames.itch.io/pixelart-fonts-asset-pack
2026-09-02T01:07:13.799240,Low Poly Modular Character Assets - Complete Pack,Unknown,https://lunaria-assets.itch.io/low-poly-modular-character-assets-complete-pack
2026-09-02T01:07:13.799240,Unarmed Fighting Animation V3 (Unreal Engine/FBX),Unknown,https://gamedev-hero.itch.io/unarmed-fighting-animation-v3-unreal-enginefbx
2026-09-02T01:07:13.799240,Controller Keys V3 UI,Unknown,https://verzatiledev.itch.io/controller-keys-v3-ui
2026-09-02T01:07:13.799240,Pixel EvoMonsters Pack 35,Unknown,https://elvgames.itch.io/pixel-evomonsters-pack-35
2026-09-02T01:07:13.799240,Spear Combat Animation V1 (Unreal Engine/FBX),Unknown,https://gamedev-hero.itch.io/spear-combat-animation-v1-unreal-enginefbx
2026-09-02T01:07:13.799240,Top Town 8 Directional Animal Pack,Unknown,https://sharkusmk.itch.io/top-town-8-directional-animal-pack
2026-09-02T01:07:13.799240,Godot Project Template,Unknown,https://genacvid.itch.io/godot-project-template
2026-09-02T01:07:13.799240,Masked Character,Unknown,https://verzatiledev.itch.io/masked-character
2026-09-02T01:07:13.799240,Godot visual-novel template project,Unknown,https://kzulfazriawan.itch.io/godot-visual-novel-template-project
2026-09-02T01:07:13.799240,Crimson Kitsune Empress â Legendary Fox Spirit Samurai Hero,Unknown,https://sakpix.itch.io/crimson-kitsune-empress-legendary-fox-spirit-samurai-hero
2026-09-02T01:07:13.799240,Pixel Mood - Four Seasons,Unknown,https://alwore.itch.io/pixel-mood-four-seasons
2026-09-02T01:07:13.799240,OLYMPUS ASCENSION â Greek Gods & Heroes Collection,Unknown,https://sakpix.itch.io/olympus-ascension-greek-gods-heroes-collection
2026-09-02T01:07:13.799240,PSX Plague Doctor,Unknown,https://retro-spud.itch.io/psx-plague-doctor
2026-09-02T01:07:13.799240,DithArt's Sci-Fi Tileset 4 - Sci-Fi Dungeon,Unknown,https://dithart.itch.io/ditharts-sci-fi-tileset-4-sci-fi-dungeon
2026-09-02T01:07:13.799240,Cozy Groceries â Free Starter Pack,Unknown,https://maygetsu.itch.io/cozy-groceries-free-starter-pack
2026-09-02T01:07:13.799240,100 Stylized Forest Textures,Unknown,https://kalponic-studio.itch.io/100-stylized-forest-textures
2026-09-02T01:07:13.799240,Stylized Bricks 01,Unknown,https://juliovii.itch.io/ftpstylized-bricks-01
2026-09-02T01:07:13.799240,Texture Pack: Walls & Food,Unknown,https://juliovii.itch.io/ftp-walls-food
2026-09-02T01:07:13.799240,Elowen â Guardian of the Moonlit Grove,Unknown,https://sakpix.itch.io/elowen-guardian-of-the-moonlit-grove
2026-09-02T01:07:13.799240,Voxel Icons and Items Megapack - monogon,Unknown,https://maxparata.itch.io/voxelicons
2026-09-02T01:07:16.043149,DRAGONBORN CHAMPIONS â LEGENDARY DRAGON KINGDOM HEROES,Unknown,https://sakpix.itch.io/dragonborn-champions-legendary-dragon-kingdom-heroes
2026-09-02T01:07:16.043149,NEON PROTOCOL â Cyberpunk RPG Icon Collection,Unknown,https://sakpix.itch.io/neon-protocol-cyberpunk-rpg-icon-collection
2026-09-02T01:07:16.043149,Hazmat Suit 2.0 - PSX Style,Unknown,https://moi0210.itch.io/hazmat-ps1
2026-09-02T01:07:16.043149,Monkey Sprite,Unknown,https://gtibo.itch.io/monkey-sprite
2026-09-02T01:07:16.043149,Game Consoles,Unknown,https://voxelbytebot.itch.io/game-consoles
2026-09-02T01:07:16.043149,PIXELCORE Free Sampler - 11 Pixel VFX,Unknown,https://mikuji.itch.io/pixelcore-free-sampler-11-pixel-vfx
2026-09-02T01:07:16.043149,Pixel Mood - Dirt Biome,Unknown,https://alwore.itch.io/pixel-mood-dirt-biome
2026-09-02T01:07:16.043149,Tetris Pixel Art Tileset,Unknown,https://lambdagamesofficial.itch.io/tetris-pixel-art-tileset
2026-09-02T01:07:16.043149,Fire Slime - Pixel Art Enemy,Unknown,https://cappaz.itch.io/fire-slime
2026-09-02T01:07:16.043149,Pixel Farming Tools,Unknown,https://mr-pixelz.itch.io/16x16-pixel-farming-tools
2026-09-02T01:07:16.043149,Stylized Sword Icon Pack,Unknown,https://kalponic-studio.itch.io/stylized-sword-icon-pack
2026-09-02T01:07:16.043149,RAVEN â THE EXECUTIONER,Unknown,https://sakpix.itch.io/raven-the-executioner
2026-09-02T01:07:16.043149,Jane -  The Fake Victim,Unknown,https://shinobugaen.itch.io/pixel-abyss-jane
2026-09-02T01:07:16.043149,Texture Pack: Wood 01 Variations,Unknown,https://juliovii.itch.io/woodpkvar01
2026-09-02T01:07:16.043149,INFERNA â 128Ã128 Legendary Abyssal Valkyrie,Unknown,https://sakpix.itch.io/inferna-128128-legendary-abyssal-valkyrie
2026-09-02T01:07:16.043149,Particle effects for Godot 3,Unknown,https://danilw.itch.io/particle-effects-godot3
2026-09-02T01:07:16.043149,PixelatedLove,Unknown,https://justkato.itch.io/pixelatedlove
2026-09-02T01:07:16.043149,Vaporwave Sunset Godot theme,Unknown,https://galacticlake.itch.io/vaporwave-sunset-godot-theme
2026-09-02T01:07:16.043149,Godot 2D Platformer Controller,Unknown,https://ludonauta.itch.io/precision-platforming
2026-09-02T01:07:16.043149,Prototype Textures,Unknown,https://gabrielcassimiro.itch.io/prototype-textures
2026-09-02T01:07:16.043149,[â¦]VisuStella Atelier Season One Collection,Unknown,https://visustella.itch.io/visustella-atelier-season-one-collection
2026-09-02T01:07:16.043149,36 Pixelart emojis 16x16 sprites-Free assetpack,Unknown,https://svor.itch.io/36-emojis1616
2026-09-02T01:07:16.043149,Turtle Character Sprite,Unknown,https://sharkusmk.itch.io/turtle-player-top-down-sprite-2d-pixel
2026-09-02T01:07:16.043149,[â¦] VisuStella Armory Season Three Collection,Unknown,https://visustella.itch.io/visustella-armory-season-three-collection
2026-09-02T01:07:16.043149,Pixel EvoMonsters Pack 36,Unknown,https://elvgames.itch.io/pixel-evomonsters-pack-36
2026-09-02T01:07:16.043149,[BGM] Horrowshow Soundscapes Music Pack,Unknown,https://jdsherbert.itch.io/horrowshow-soundscapes-music-pack
2026-09-02T01:07:16.043149,Platformer Character Base,Unknown,https://413games.itch.io/platformercharacterbase
2026-09-02T01:07:16.043149,16+ Wooden Log Pack - Pixelart / Pixel Art sprite Forest  RPG Fantasy LumberJack Tree Pack,Unknown,https://captainskolot.itch.io/wooden-log-pack-pixelart-pixel-art-sprite-bust-pack-rpg-fantasylumberjack-tree-p
2026-09-02T01:07:16.043149,Pistol Template For Godot,Unknown,https://kokori-studio.itch.io/pistol-template-for-godot
2026-09-02T01:07:16.043149,Cute Valley - Legendary Edition,Unknown,https://pixelando-art.itch.io/cute-valley
2026-09-02T01:07:16.043149,Pixel EvoMonsters Pack 11,Unknown,https://elvgames.itch.io/pixel-evomonsters-pack-11
2026-09-02T01:07:16.043149,Dragon Enemy Package,Unknown,https://kbpixelart.itch.io/dragon-enemy-package
2026-09-02T01:07:16.043149,8x8 Castle Tileset Game Pack [Retro Adventure],Unknown,https://elvgames.itch.io/8x8-castle-tileset
2026-09-02T01:07:16.043149,32 x 32px Isometric Prototyping Kit (15 shapes & more perspectives),Unknown,https://cozyconsoleco.itch.io/32-x-32-isometric-prototyping-kit
2026-09-02T01:07:16.043149,16-Bit RPG Music 3 - Dungeons,Unknown,https://elvgames.itch.io/16-bit-rpg-music-3-dungeons
2026-09-02T01:07:16.043149,PSX Island Environment Asset Pack,Unknown,https://ink-ribbon.itch.io/psx-island-assets
2026-09-02T01:07:18.588754,Cyberpunk Style Music 1,Unknown,https://elvgames.itch.io/cyberpunk-style-music-1
2026-09-02T01:07:18.588754,FREE! 4 directions prototype character!,Unknown,https://lucky-loops.itch.io/free-4-directions-prototype-character
2026-09-02T01:07:18.588754,Futuristic Female Portrait Pack â Pixelart / Pixel Art Sprite â Badass Busts for RPG / Visual Novel,Unknown,https://captainskolot.itch.io/futuristic-female-portrait-pack-pixelart-pixel-art-sprite-badass-busts-for-rpg
2026-09-02T01:07:18.588754,Male Character for Godot (Animated/Rigged)+Mouth rig,Unknown,https://smokin-joe.itch.io/male-character-for-godot
2026-09-02T01:07:18.588754,Ao Tengu - Enemy,Unknown,https://kbpixelart.itch.io/ao-tengu-enemy
2026-09-02T01:07:18.588754,PSX Anomaly Monster,Unknown,https://retro-spud.itch.io/psx-anomaly-monster
2026-09-02T01:07:18.588754,16x16 TinyWorld - Vikings,Unknown,https://fliegevogel.itch.io/16x16-tiny-world-vikings
2026-09-02T01:07:18.588754,UI Ice,Unknown,https://verzatiledev.itch.io/ui-ice
2026-09-02T01:07:18.588754,"Fantasy Accessories Pixel Art Pack â 11,933 Belts, Rings & Necklaces (64Ã64 â 32Ã32 RPG Assets)",Unknown,https://pixel-1992.itch.io/fantasy-accessories-pixel-art-pack-11933-belts-rings-necklaces-6464-3232-rpg-ass
2026-09-02T01:07:18.588754,Simple Convenience Store Assets,Unknown,https://samezpix.itch.io/simple-convenience-store-pixel-assets
2026-09-02T01:07:18.588754,Iconic Open Wheelers Car Pack - Low Poly,Unknown,https://som-natalino.itch.io/iconic-open-wheelers-low-poly-car-pack
2026-09-02T01:07:18.588754,Electronic Game Music 5,Unknown,https://elvgames.itch.io/electronic-game-music-5
2026-09-02T01:07:18.588754,Godot Input Prompts,Unknown,https://pennycook.itch.io/godot-input-prompts
2026-09-02T01:07:18.588754,PS1 | PSX Space Street Food Kiosk,Unknown,https://cursedlake.itch.io/ps1-psx-space-street-food-kiosk
2026-09-02T01:07:18.588754,Office environment,Unknown,https://voxelbytebot.itch.io/office-environment
2026-09-02T01:07:18.588754,Free 160 Pixel Art Effects,Unknown,https://icemaan.itch.io/free-500-pixel-art-effects
2026-09-02T01:07:18.588754,Godot 4: Tree wind shader Asset,Unknown,https://creative-core-studio.itch.io/godot-4-tree-wind-shader-asset
2026-09-02T01:07:18.588754,Pixel EvoMonsters Pack 15,Unknown,https://elvgames.itch.io/pixel-evomonsters-pack-15
2026-09-02T01:07:18.588754,16-BIT RPG Music 5 - Exploration,Unknown,https://elvgames.itch.io/16-bit-rpg-music-4-exploration
2026-09-02T01:07:18.588754,Dark Survival HUD Elements â Free Asset Pack,Unknown,https://gamanbit.itch.io/dark-survival-hud-elements-free-asset-pack
2026-09-02T01:07:18.588754,8-BIT Battle Music 5,Unknown,https://elvgames.itch.io/8-bit-battle-music-5
2026-09-02T01:07:18.588754,ECLIPSE ORDER â Lunar Guardians Collection,Unknown,https://sakpix.itch.io/eclipse-order-lunar-guardians-collection
2026-09-02T01:07:18.588754,NIGHTMARE SLASHERS Horror Killers Collection,Unknown,https://sakpix.itch.io/nightmare-slashers-horror-killers-collection
2026-09-02T01:07:18.588754,Fire AoE ( 4 animations ),Unknown,https://manugamingcreations.itch.io/fire-aoe-animation-for-any-engine
2026-09-02T01:07:18.588754,2D Pixel Art Elite Swordsman Sprites,Unknown,https://elthen.itch.io/2d-pixel-art-elite-swordsman-sprites
2026-09-02T01:07:18.588754,HYRUN : Crowd Runner Hyper Casual Game Asset Pack,Unknown,https://standout7.itch.io/crowd-runner
2026-09-02T01:07:18.588754,Crosshairs UI V2,Unknown,https://verzatiledev.itch.io/crosshairs-v2-ui
2026-09-02T01:07:18.588754,8-BIT Fantasy Music - Exploration II,Unknown,https://elvgames.itch.io/8-bit-fantasy-music-exploration-ii
2026-09-02T01:07:18.588754,Yuki - RPG Animated Hero +150 Frames,Unknown,https://shinobugaen.itch.io/pixel-abyss-yuki
2026-09-02T01:07:18.588754,Sci-Fi Monster Sound Effects 1 - Universal Sound Effects,Unknown,https://elvgames.itch.io/game-sound-effects-sci-fi-monster-1
2026-09-02T01:07:18.588754,LO-FI Computer Desk Asset Pack,Unknown,https://hauntedgato.itch.io/lo-fi-computer-desk-asset-pack
2026-09-02T01:07:18.588754,8-BIT Battle Music 4,Unknown,https://elvgames.itch.io/8-bit-battle-music-4
2026-09-02T01:07:18.588754,[Old] Sain's Retro Square UI Frames Asset Pack,Unknown,https://sainguinpixels.itch.io/sains-retro-square-ui-frames-asset-pack
2026-09-02T01:07:18.588754,Pixel Mood - Cemetery,Unknown,https://alwore.itch.io/pixel-mood-cemetery
2026-09-02T01:07:18.588754,Food pack,Unknown,https://dream-search-repeat.itch.io/food-pack
2026-09-02T01:07:18.588754,Haunted Pixel Tileset Pack,Unknown,https://godboyhappy.itch.io/haunted-pixel-tileset-pack
2026-09-02T01:07:21.034586,Godot 2D survival game template,Unknown,https://logroudliy.itch.io/godot-2d-survival-game-template
2026-09-02T01:07:21.034586,Palette Swap Shader - Godot,Unknown,https://sglmnaz.itch.io/paletteswap-with-luts
2026-09-02T01:07:21.034586,One Handed Sword Animation V3 (Unreal Engine/FBX),Unknown,https://gamedev-hero.itch.io/onehanded-sword-animation-v3-unreal-enginefbx
2026-09-02T01:07:21.034586,Dynamite Guy,Unknown,https://atomicrealm.itch.io/dynamite-guy
2026-09-02T01:07:21.034586,Pixel Survival Farming,Unknown,https://motian6.itch.io/pixel-survival-farming
2026-09-02T01:07:21.034586,Retro Graveyard 16x16 Tileset [Kingdom Explorer],Unknown,https://elvgames.itch.io/retro-graveyard-tiles
2026-09-02T01:07:21.034586,2D Side-Scroller,Unknown,https://khaledpng.itch.io/2d-side-scroller
2026-09-02T01:07:21.034586,16x16 Swamp Asset Pack â Moonlit Platformer Series,Unknown,https://sebbyspoons.itch.io/moonlitswamp
2026-09-02T01:07:21.034586,Character Outfits: Essentials Pack,Unknown,https://rpatterson-smokeworks.itch.io/character-outfit-essentials
2026-09-02T01:07:21.034586,Texture Pack: Metal 01,Unknown,https://juliovii.itch.io/metalpk01
2026-09-02T01:07:21.034586,Low Poly Mega Pack,Unknown,https://awbmegames0.itch.io/low-poly-mega-pack
2026-09-02T01:07:21.034586,Texture Pack: Mix Pack 01,Unknown,https://juliovii.itch.io/ftp-mix-pack-01
2026-09-02T01:07:21.034586,Godot Themed Prototype Textures,Unknown,https://duhkore.itch.io/godot-themed-prototype-textures
2026-09-02T01:07:21.034586,Game Jam Starter Template,Unknown,https://hatmix.itch.io/game-jam-starter-template
2026-09-02T01:07:21.034586,Lost Kingdom,Unknown,https://tinypot.itch.io/lost-kingdom
2026-09-02T01:07:21.034586,Super Retro Odyssey â¢ Ambients Sounds Pack,Unknown,https://farm-animal.itch.io/ambients-pack
2026-09-02T01:07:21.034586,Crimson Syndicate - Faction NPC Pack,Unknown,https://lunascra.itch.io/crimson
2026-09-02T01:07:21.034586,Godot 4 - 3D-Multiplayer Dedicated Server Template,Unknown,https://dsuter.itch.io/godot-4-3d-multiplayer-dedicated-server-template
2026-09-02T01:07:21.034586,Godot Logo Pack: Splash Screens & Banners,Unknown,https://zacksly.itch.io/godot-logo-pack
2026-09-02T01:07:21.034586,Checkers (CC0),Unknown,https://verzatiledev.itch.io/checkers
2026-09-02T01:07:21.034586,3D Goose,Unknown,https://plewr.itch.io/goose
2026-09-02T01:07:21.034586,Mega modular hangar / spaceship lowpoly kit,Unknown,https://jamzuz.itch.io/modular-lowpoly-interior-assets
2026-09-02T01:07:21.034586,Godot Magic Sparkles addon,Unknown,https://sir-g.itch.io/godot-magic-sparkles
2026-09-02T01:07:21.034586,DRAGONBUN - Keys: Pack 1,Unknown,https://marimo.itch.io/dragonbun-icons4
2026-09-02T01:07:21.034586,LOWPO: Samurai Pack â Low poly & Animated,Unknown,https://standout7.itch.io/lowpo-samurai
2026-09-02T01:07:21.034586,Purple city assetpack,Unknown,https://svor.itch.io/purple-city-assetpack
2026-09-02T01:07:21.034586,"1400 Fantasy Survival Crafting Icons â Pixel Art Asset Pack (64x64 & 32x32) | Resources, Tools & Magic Materials",Unknown,https://pixel-1992.itch.io/115-fantasy-survival-crafting-icons-pixel-art-asset-pack-64x64-32x32-resource
2026-09-02T01:07:21.034586,Dominoes,Unknown,https://verzatiledev.itch.io/dominoes
2026-09-02T01:07:21.034586,One Handed Sword Animation V2 (Unreal Engine/FBX),Unknown,https://gamedev-hero.itch.io/onehanded-sword-animation-v2
2026-09-02T01:07:21.034586,[BGM] Spooky Tales Music Pack,Unknown,https://jdsherbert.itch.io/spooky-tales-music-pack
2026-09-02T01:07:21.034586,PSX Abomination 2,Unknown,https://retro-spud.itch.io/psx-abomination-2
2026-09-02T01:07:21.034586,Goblin Faction Set,Unknown,https://mcsteeg.itch.io/goblin-faction-set
2026-09-02T01:07:21.034586,Cute Kitten Animation RUN,Unknown,https://gamedev-kitty.itch.io/cute-kitten-animation-run
2026-09-02T01:07:21.034586,Multipass sketchy outline,Unknown,https://qbieshay.itch.io/multipass-sketchy-outline
2026-09-02T01:07:21.034586,Game Pickups,Unknown,https://loafbrr.itch.io/pickups
2026-09-02T01:07:21.034586,CELESTIAL NEXUS 256Ã256 Elite Cosmic Guardians Collection,Unknown,https://sakpix.itch.io/celestial-nexus-256256-elite-cosmic-guardians-collection
2026-09-02T01:07:23.300271,SciFi Hologram [Godot],Unknown,https://knucklenoise.itch.io/scifi-hologram
2026-09-02T01:07:23.300271,MEGA VOXEL PEOPLE PACK - 20 VOX STYLE 3D CHARACTERS,Unknown,https://kbrody.itch.io/mega-voxel-people-pack-20-vox-style-3d-models
2026-09-02T01:07:23.300271,10+ Free Low Poly Trees Pack,Unknown,https://crazydrpants.itch.io/free-low-poly-trees-pack
2026-09-02T01:07:23.300271,Great Sword Animation V1 (UE/FBX),Unknown,https://gamedev-hero.itch.io/great-sword-animation-v1-uefbx
2026-09-02T01:07:23.300271,Stylized Bricks & Pavement,Unknown,https://juliovii.itch.io/ftp-bricks-pavement
2026-09-02T01:07:23.300271,Coin,Unknown,https://osmanfrat.itch.io/coin
2026-09-02T01:07:23.300271,Pixel Flow: Crystal Ground,Unknown,https://dhassa.itch.io/pixel-flow-crystal-ground
2026-09-02T01:07:23.300271,DRAGONBUN - Weapons: Pack 2,Unknown,https://marimo.itch.io/dragonbun-icons6
2026-09-02T01:07:23.300271,JAPANESE MYTHS â ELITE COLLECTION,Unknown,https://sakpix.itch.io/japanese-myths-elite-collection
2026-09-02T01:07:23.300271,Super Retro Odyssey â¢ Melodies Musics Pack,Unknown,https://farm-animal.itch.io/me-pack
2026-09-02T01:07:23.300271,Medieval cave tileset topdown 32x32,Unknown,https://booomstick.itch.io/medieval-cave-tileset-topdown-32x32
2026-09-02T01:07:23.300271,DRAGONBUN - Cooking: Pack 2,Unknown,https://marimo.itch.io/dragonbun-icons12
2026-09-02T01:07:23.300271,Ultimate 16x16 Items Pack,Unknown,https://mr-pixelz.itch.io/ultimate-pixel-items-pack
2026-09-02T01:07:23.300271,Enchanted Woodlands: Complete Low Poly Forest Collection,Unknown,https://lowendplay.itch.io/full-forest-pack
2026-09-02T01:07:23.300271,Green Hills Background,Unknown,https://myaumya.itch.io/green-hills-background
2026-09-02T01:07:23.300271,Godot Starter Assets,Unknown,https://niwl-games.itch.io/godot-starter-assets
2026-09-02T01:07:23.300271,Samurai Frog - Pixel Art Enemy,Unknown,https://cappaz.itch.io/samurai-frog
2026-09-02T01:07:23.300271,Texture Pack: Tiles & Roaches,Unknown,https://juliovii.itch.io/ftp-tiles-roaches
2026-09-02T01:07:23.300271,Magical Forest - Top-Down Pixel Asset,Unknown,https://mr-pixelz.itch.io/magical-forest
2026-09-02T01:07:23.300271,Pixel drinks and beverages 16x16,Unknown,https://zabbyshelter.itch.io/pixel-drinks-and-beverages
2026-09-02T01:07:23.300271,Texture Pack: Scifi 02,Unknown,https://juliovii.itch.io/ftp-scifi-02
2026-09-02T01:07:23.300271,Bacon Juice for Godot (gross),Unknown,https://baconandgames.itch.io/bacon-juice-for-godot
2026-09-02T01:07:23.300271,Free Pixel Art  || Forest Background,Unknown,https://forest-elfs.itch.io/pixel-bacgground-forest
2026-09-02T01:07:23.300271,Pixel EvoMonsters Pack 31,Unknown,https://elvgames.itch.io/pixel-evomonsters-pack-31
2026-09-02T01:07:23.300271,Cursors UI,Unknown,https://verzatiledev.itch.io/cursors-ui
2026-09-02T01:07:23.300271,Stylized Asian Food - Lowpoly Culinary Pack,Unknown,https://newlua-studios.itch.io/stylized-asian-food
2026-09-02T01:07:23.300271,DRAGONBUN - Weapons: Pack 4,Unknown,https://marimo.itch.io/dragonbun-icons8
2026-09-02T01:07:23.300271,16x16 Programmer Art [FREE],Unknown,https://patrik-arts.itch.io/16x16-programmer-art
2026-09-02T01:07:23.300271,Old Retro Junk,Unknown,https://heyitscdr.itch.io/old-retro-junk
2026-09-02T01:07:23.300271,Godot 2D VFX Visual Shaders,Unknown,https://dragonforge-development.itch.io/godot-2d-vfx-visual-shaders
2026-09-02T01:07:23.300271,Pixel Flow: Fantasy Expansion,Unknown,https://dhassa.itch.io/pixel-flow-fantasy-expansion
2026-09-02T01:07:23.300271,Spooky Outside,Unknown,https://dhassa.itch.io/spooky-outside
2026-09-02T01:07:23.300271,Paper-Cut Nature Tileset Pack â Top-Down 2D Forest Assets (64px & 256px),Unknown,https://captain-moo.itch.io/nature-pack
2026-09-02T01:07:23.300271,ARCANE LEGACY 256Ã256 Elite Magic Academy Character Collection,Unknown,https://sakpix.itch.io/arcane-legacy-256256-elite-magic-academy-character-collection
2026-09-02T01:07:23.300271,Mobile Car Controller - Godot,Unknown,https://devsanti.itch.io/mobile-car-controller-godot
2026-09-02T01:07:23.300271,Godot D20 Framework,Unknown,https://dax272.itch.io/godot-d20-framework
2026-09-02T01:07:25.622729,Cold Biome Voxel Asset Pack,Unknown,https://makovice.itch.io/cold-biome-voxel-asset-pack
2026-09-02T01:07:25.622729,Platformer Tileset Haunted Valley 16x16 Pixelart,Unknown,https://elvgames.itch.io/platformer-tileset-haunted-valley-16x16-pixelart
2026-09-02T01:07:25.622729,Dragon Lands,Unknown,https://kbpixelart.itch.io/dragon-lands
2026-09-02T01:07:25.622729,FRONTIER LEGENDS-Wild West Heroes Collection,Unknown,https://sakpix.itch.io/frontier-legends-wild-west-heroes-collection
2026-09-02T01:07:25.622729,CONSTRUCTION 100 PROPS ASSET PACK,Unknown,https://oxygen3d.itch.io/construction-100-props-asset-pack
2026-09-02T01:07:25.622729,WASTELAND LEGENDS Post-Apocalyptic Survivors Collection,Unknown,https://sakpix.itch.io/wasteland-legends-post-apocalyptic-survivors-collection
2026-09-02T01:07:25.622729,Isometric City Builder Vol1-  Asset Pack,Unknown,https://khaledpng.itch.io/isometric-city-builder-ultimate-asset-pack
2026-09-02T01:07:25.622729,"FREE RPG Consumables Icons Pack (PNG)  8 Icons, 4 Styles, 4 Sizes",Unknown,https://marcomyly.itch.io/free-rpg-consumables-icons-pack-png-8-icons-4-styles-4-sizes
2026-09-02T01:07:25.622729,Car AI for Godot,Unknown,https://sergeygrigorev.itch.io/car-ai-for-godot
2026-09-02T01:07:25.622729,TDRPG -- Village -- Pixel Art Top-Down Exterior Tileset,Unknown,https://raou.itch.io/tdrpg-forest
2026-09-02T01:07:25.622729,Godot 3D Platformer Starter Toolkit,Unknown,https://icessien.itch.io/godot-platformer-starter-toolkit
2026-09-02T01:07:25.622729,Pixel Art Tree Asset Pack 2,Unknown,https://devkidd.itch.io/pixel-tree-asset-pack-2
2026-09-02T01:07:25.622729,DithArt's Fantasy Dungeon Tileset,Unknown,https://dithart.itch.io/fantasy-dungeon-tileset
2026-09-02T01:07:25.622729,Lowpoly Interior Kit,Unknown,https://khaleer.itch.io/3d-interior-asset-pack
2026-09-02T01:07:25.622729,VisuStella Cuisine:  Finger,Unknown,https://visustella.itch.io/visustella-cuisine-finger
2026-09-02T01:07:25.622729,Pixel Art Parallax Backgrounds: Fire Castle Dungeon - Pixel Art Sprite Pack,Unknown,https://captainskolot.itch.io/pixel-art-parallax-backgrounds-fire-castle-dungeon-pixel-art-sprite-pack
2026-09-02T01:07:25.622729,Pocket Series: Cemeteryâ 16x16 Spooky Asset Pack,Unknown,https://sebbyspoons.itch.io/pocket-cemetery
2026-09-02T01:07:25.622729,Godot Force Feedback Example FFB,Unknown,https://cairerocha.itch.io/godot-force-feedback-example-ffb
2026-09-02T01:07:25.622729,Medieval Fantasy Set,Unknown,https://loafbrr.itch.io/medieval-fantasy-set
2026-09-02T01:07:25.622729,"Gas Stations, Doors & Props â Retro Game Assets",Unknown,https://pablopfa.itch.io/gas-stations-doors-props-retro-game-assets
2026-09-02T01:07:25.622729,Pixelart Fonts Asset Pack 4,Unknown,https://elvgames.itch.io/pixelart-fonts-asset-pack-4
2026-09-02T01:07:25.622729,Pixelart Fonts Asset Pack 3,Unknown,https://elvgames.itch.io/pixelart-fonts-asset-pack-3
2026-09-02T01:07:25.622729,Isometric Cyberpunk Streets,Unknown,https://maxparata.itch.io/isometric-cyberpunk-streets
2026-09-02T01:07:25.622729,3D Rigged Character Model,Unknown,https://plewr.itch.io/3d-rigged-character
2026-09-02T01:07:25.622729,THRONE OF MADNESS â 256Ã256 Elite Psychological Horror Collection,Unknown,https://sakpix.itch.io/throne-of-madness-256256-elite-psychological-horror-collection
2026-09-02T01:07:25.622729,VisuStella Armory: Profiteering Alchemist Vol. 02,Unknown,https://visustella.itch.io/visustella-armory-profiteering-alchemist-vol-02
2026-09-02T01:07:25.622729,âFREE Bar asset pack !â,Unknown,https://styloo.itch.io/freebarassetspack
2026-09-02T01:07:25.622729,ATLANTIS ROYAL GUARD Lost Kingdom Warriors Collection,Unknown,https://sakpix.itch.io/atlantis-royal-guard-lost-kingdom-warriors-collection
2026-09-02T01:07:25.622729,Turn Based RPG Monsters Pack 15,Unknown,https://elvgames.itch.io/turn-based-rpg-monsters-pack-15
2026-09-02T01:07:25.622729,"Barbarian Warrior â GameâReady, Rigged & Animated (by ManNeko)",Unknown,https://manneko.itch.io/barbarian-warrior-low-poly-3d-model
2026-09-02T01:07:25.622729,Sword and Shield Animation V1 (Unreal Engine/FBX),Unknown,https://gamedev-hero.itch.io/sword-and-shield-animations-v1
2026-09-02T01:07:25.622729,"RPG Face Portrait Pixel Art Pack â 2,500+ Fantasy Characters for Dialogue & UI",Unknown,https://pixel-1992.itch.io/rpg-face-portrait-pixel-art-pack-2500-fantasy-characters-for-dialogue-ui
2026-09-02T01:07:25.622729,Cozy Characters - Lip Sync and Expressions,Unknown,https://mintygamekit.itch.io/cozy-lipsync-characters
2026-09-02T01:07:25.622729,[Asset] Zombie Random,Unknown,https://zicman.itch.io/zombie-random
2026-09-02T01:07:25.622729,VisuStella Armory:  Two Handed Sword Vol.01,Unknown,https://visustella.itch.io/visustella-armory-two-handed-swords-vol01
2026-09-02T01:07:25.622729,Viking World - Stylized Environment,Unknown,https://rg-poly.itch.io/viking-world-stylized-environment
2026-09-02T01:07:27.990494,"ð Pixel Hollow Freebie Pack 1 â 4 Cozy Companions Sprites â 48Ã48 Pixel Art Creatures (RPG Maker, Unity, Godot)",Unknown,https://pixel-hollow-studios.itch.io/pixel-hollow-freebie-pack-1
2026-09-02T01:07:27.990494,Pixel dessert and bakery 16x16,Unknown,https://zabbyshelter.itch.io/pixel-dessert-and-bakery-16x16
2026-09-02T01:07:27.990494,Potion,Unknown,https://varipixels.itch.io/potions-sprites
2026-09-02T01:07:27.990494,Two Handed Sword Animation V3,Unknown,https://gamedev-hero.itch.io/two-handed-sword-animation-v3
2026-09-02T01:07:27.990494,16x pixel art world,Unknown,https://fakeflxp.itch.io/16x-pixel-art-world
2026-09-02T01:07:27.990494,Low-Poly Precision Outline Shader for Godot 4,Unknown,https://sol-vin.itch.io/low-poly-pos
2026-09-02T01:07:27.990494,Special Soldier - Enemy,Unknown,https://kbpixelart.itch.io/special-soldier-enemy
2026-09-02T01:07:27.990494,DESERT KINGDOMS  92Ã92 Premium Fantasy Pixel Art Characters,Unknown,https://sakpix.itch.io/desert-kingdoms-9292-premium-fantasy-pixel-art-characters
2026-09-02T01:07:27.990494,RPG asset tileset Cozy Indoor pack (Asset Alliance),Unknown,https://shanianickel.itch.io/cozy-indoor
2026-09-02T01:07:27.990494,One Handed Sword Animation V1 (Unreal Engine/FBX),Unknown,https://gamedev-hero.itch.io/onehanded-sword-animation-v1
2026-09-02T01:07:27.990494,Package Carts,Unknown,https://loafbrr.itch.io/package-carts
2026-09-02T01:07:27.990494,Cute Kitten Animation IDLE,Unknown,https://gamedev-kitty.itch.io/cute-kitten-animation-idle
2026-09-02T01:07:27.990494,ØªØ­ÙÙ ÙØ§Ø¹Ø¨ 3d ÙÙØ¸ÙØ± Ø§ÙØ´Ø®Øµ Ø§ÙØ«Ø§ÙØ« (Godot 4),Unknown,https://zflt-dev.itch.io/thirdpersoncharacter
2026-09-02T01:07:27.990494,Textreme 2 UI + Character animation,Unknown,https://ash-k.itch.io/textreme2-ui-character-animation
2026-09-02T01:07:27.990494,Visual Shader Relief Parallax Mapping Node - Godot 4.5+,Unknown,https://interdreamsoft.itch.io/relief-parallax-mapping
2026-09-02T01:07:27.990494,Pixel EvoMonsters Pack 21,Unknown,https://elvgames.itch.io/pixel-evomonsters-pack-21
2026-09-02T01:07:27.990494,Two Handed Sword Animation Bundle,Unknown,https://gamedev-hero.itch.io/two-handed-sword-animation-bundle
2026-09-02T01:07:27.990494,"Dark Fantasy Pixel Art World â Tiles, Props & UI (16-bit)",Unknown,https://marcomyly.itch.io/dark-fantasy-pixel-art-world-tiles-props-ui-16-bit
2026-09-02T01:07:27.990494,Pixel Crawler I - The Crypt,Unknown,https://aekashics.itch.io/pixel-crawler-i-the-crypt
2026-09-02T01:07:27.990494,ð¼ï¸Painterly Textures Vol. 2,Unknown,https://kalponic-studio.itch.io/painterly-textures-vol-2
2026-09-02T01:07:27.990494,Godot 4.4 Project Template,Unknown,https://bodhiii.itch.io/godot-4-project-template
2026-09-02T01:07:27.990494,Legendary Infernal Kingdom Champions,Unknown,https://sakpix.itch.io/legendary-infernal-kingdom-champions
2026-09-02T01:07:27.990494,8x8 Platformer/side-scroller tiles,Unknown,https://luis2d.itch.io/8x8-platform-tileset
2026-09-02T01:07:27.990494,Hit Reaction Animations,Unknown,https://powstudio.itch.io/hit-reaction-animations
2026-09-02T01:07:27.990494,Half-Life 2-like Godot Engine animated splash screen,Unknown,https://endxrprism.itch.io/hl2-godot-splash-screen
2026-09-02T01:07:27.990494,1959 Mini British - Modular Car,Unknown,https://atomicrealm.itch.io/mini-modular-car
2026-09-02T01:07:27.990494,Turn Based RPG Monsters Pack 13,Unknown,https://elvgames.itch.io/turn-based-rpg-monsters-pack-13
2026-09-02T01:07:27.990494,Cartoon Tropical Nature Pack,Unknown,https://elegantcrow.itch.io/cartoon-tropical-nature-pack
2026-09-02T01:07:27.990494,Horse Controller Project,Unknown,https://gw-tuts.itch.io/horse-controller
2026-09-02T01:07:27.990494,Cute Park Pack,Unknown,https://rg-poly.itch.io/cute-park-pack
2026-09-02T01:07:27.990494,"POLY - Lite Survival Forest (Unity, UE, Godot)",Unknown,https://animpicstudio.itch.io/poly-lite-survival-forest-unity-ue-godot
2026-09-02T01:07:27.990494,Godot 4 UI Juice Kit,Unknown,https://miisan.itch.io/godot-4-ui
2026-09-02T01:07:27.990494,25+ Fantasy Swords Assets V2 - Pixelart / Pixel Art sprite Equipment & Items Pack for RPG fantasy,Unknown,https://captainskolot.itch.io/25-fantasy-swords-assets-v2-pixelart-pixel-art-sprite-equipment-items-pack-f
2026-09-02T01:07:27.990494,Fantasy background,Unknown,https://dreamdale.itch.io/fantasy-background
2026-09-02T01:07:27.990494,Godot 3D Robot Shooter,Unknown,https://captainripley.itch.io/godot
2026-09-02T01:07:27.990494,Super Retro Odyssey â¢ Music Themes Pack,Unknown,https://farm-animal.itch.io/bgm-pack
2026-09-02T01:07:30.285843,Godot 4 - 2D Topdown Garden Natural Tileset,Unknown,https://violetaraffin.itch.io/godot-2d-top-down-natural-tileset
2026-09-02T01:07:30.285843,3D Asset: Stylized Beer Mugs,Unknown,https://juliovii.itch.io/3d-asset-beer-mugs
2026-09-02T01:07:30.285843,Side Scroller MVP Asset Pack,Unknown,https://gooooman.itch.io/side-scroller-mvp-pack
2026-09-02T01:07:30.285843,Toon Ponytail Dreadlock Set (Free),Unknown,https://endthegame.itch.io/toon-ponytail-dreadlock-set
2026-09-02T01:07:30.285843,Dual Sword Animations V2 (Unreal Engine/Unity/FBX),Unknown,https://gamedev-hero.itch.io/dual-sword-animations-v2
2026-09-02T01:07:30.285843,DRAGONBUN - Farming: Pack 1,Unknown,https://marimo.itch.io/dragonbun-icons10
2026-09-02T01:07:30.285843,Dwarven Delve Asset Pack,Unknown,https://lyime.itch.io/dwarven-delve-asset-pack
2026-09-02T01:07:30.285843,Goblin Enemy Pack,Unknown,https://kbpixelart.itch.io/goblin-enemy-pack
2026-09-02T01:07:30.285843,Gaming Room,Unknown,https://voxelbytebot.itch.io/voxel-gaming-room-furniture
2026-09-02T01:07:30.285843,[Ballpoint] Cursive Pixel Art Font,Unknown,https://bsl.itch.io/ballpoint-cursive-pixel-art-font
2026-09-02T01:07:30.285843,VisuStella Cuisine: Bread Loaf,Unknown,https://visustella.itch.io/visustella-cuisine-bread
2026-09-02T01:07:30.285843,RPG asset tileset exterior pack | JOYQUEST,Unknown,https://narehop.itch.io/rpg-asset-tileset-pack-16
2026-09-02T01:07:30.285843,16x16 Forest Asset Pack â Moonlit Platformer Series,Unknown,https://sebbyspoons.itch.io/moonlitforest
2026-09-02T01:07:30.285843,Fast Food Essentials,Unknown,https://cloudycreates.itch.io/fast-food-essentials
2026-09-02T01:07:30.285843,Anime-Style Tofu Car for Godot,Unknown,https://kokori-studio.itch.io/tofu-drift-car
2026-09-02T01:07:30.285843,VisuStella Cuisine: Heart,Unknown,https://visustella.itch.io/visustella-cuisine-heart
2026-09-02T01:07:30.285843,CELTIC ECLIPSE â DRUIDS & FAE,Unknown,https://sakpix.itch.io/celtic-eclipse-druids-fae
2026-09-02T01:07:30.285843,Godot pageflip shader animation,Unknown,https://luiz734.itch.io/pageflip-shader-animation
2026-09-02T01:07:30.285843,Industrial Material Bundle,Unknown,https://gerryverse.itch.io/industrial-material-bundle
2026-09-02T01:07:30.285843,Game Icon Survival Pack â Free Resources for Battle Royale & Survival Games,Unknown,https://bluc.itch.io/survival-icon-pack-free
2026-09-02T01:07:30.285843,Pufferfish - Pixel Art Enemy,Unknown,https://cappaz.itch.io/pufferfish
2026-09-02T01:07:30.285843,PSX Guns: Pump Shotgun,Unknown,https://mcsteeg.itch.io/psx-guns-pump-shotgun
2026-09-02T01:07:30.285843,ð¯ Celestial Empire â Ancient Chinese Fantasy Soundtrack Pack ð,Unknown,https://sakpix.itch.io/celestial-empire-ancient-chinese-fantasy-soundtrack-pack
2026-09-02T01:07:30.285843,Pixelart Fonts Asset Pack 5,Unknown,https://elvgames.itch.io/pixelart-fonts-asset-pack-5
2026-09-02T01:07:30.285843,Texture Pack: Tiles & Metal,Unknown,https://juliovii.itch.io/ftp-metal-tiles
2026-09-02T01:07:30.285843,Medieval Toon,Unknown,https://quesillostudios.itch.io/medieval-toon-asset-pack
2026-09-02T01:07:30.285843,Game Dev Shader Kit for 3D Pixel Art: t3ssel8r-Style Renderer in Godot 4,Unknown,https://brunich.itch.io/3d-pixel-art-shadergame-kit-t3ssel8r-style-renderer
2026-09-02T01:07:30.285843,Platformer Tileset Fantasy 16x16,Unknown,https://verzatiledev.itch.io/tileset-fantasy
2026-09-02T01:07:30.285843,Turn Based RPG Monsters Pack 11,Unknown,https://elvgames.itch.io/turn-based-rpg-monsters-pack-11
2026-09-02T01:07:30.285843,Cute Flappy Assets,Unknown,https://jovannyrodz.itch.io/cute-flappy-assets
2026-09-02T01:07:30.285843,Texture Pack: Holidays 01,Unknown,https://juliovii.itch.io/holidayspk01
2026-09-02T01:07:30.285843,Ancient Dungeon,Unknown,https://verzatiledev.itch.io/ancient-dungeon
2026-09-02T01:07:30.285843,Godot Sprite Shader,Unknown,https://duongvituan.itch.io/godot-sprite-shader
2026-09-02T01:07:30.285843,Playground - Low Poly Asset Pack,Unknown,https://tapdig.itch.io/kids-park-low-poly-assets
2026-09-02T01:07:30.285843,Kin Pixel Playing Cards,Unknown,https://the-wild-kin.itch.io/kin-pixel-playing-cards
2026-09-02T01:07:30.285843,PSX Vehicles,Unknown,https://jillk.itch.io/psx-vehicles
2026-09-02T01:07:32.640919,Cozy Pet Shelter Complete Kit - 110 UI Assets + HTML5 Template,Unknown,https://ratevoid.itch.io/cozy-pet-shelter-ui-kit
2026-09-02T01:07:32.640919,Neobrutalism UI â Godot ui theme pack,Unknown,https://sir-g.itch.io/neobrutalism-ui-godot-theme-pack
2026-09-02T01:07:32.640919,Godot-Music AOE effect,Unknown,https://qbieshay.itch.io/godot-music-aoe-effect
2026-09-02T01:07:32.640919,Mister Dungeon Terrain Kit,Unknown,https://flynncat.itch.io/mrd-terrain
2026-09-02T01:07:32.640919,THE IRON DYNASTY â Imperial Samurai Collection,Unknown,https://sakpix.itch.io/the-iron-dynasty-imperial-samurai-collection
2026-09-02T01:07:32.640919,Simple PS1 style tile set,Unknown,https://maksymilian-lubas.itch.io/simple-ps1-style-tile-set
2026-09-02T01:07:32.640919,Magnificent Forest Background,Unknown,https://myaumya.itch.io/magnificent-forest-background
2026-09-02T01:07:32.640919,2d Assent,Unknown,https://vyurt.itch.io/2d-project
2026-09-02T01:07:32.640919,2d Isometric Pixel art Space Pack 32x32,Unknown,https://kipperfalcon.itch.io/2d-isometric-pixel-space-pack
2026-09-02T01:07:32.640919,PSX Airport Environment Asset Pack,Unknown,https://ink-ribbon.itch.io/psx-airport-assets
2026-09-02T01:07:32.640919,"Medieval Fantasy World â Mega Tileset Pack (32x32, Top-Down, Pixel Art)",Unknown,https://marcomyly.itch.io/medieval-fantasy-world-mega-tileset-pack-32x32-top-down-pixel-art
2026-09-02T01:07:32.640919,REYOH EASY TILESET,Unknown,https://reyoh.itch.io/reyoh-easy-tileset
2026-09-02T01:07:32.640919,"Canyon Parallax Backgrounds featuring towering canyon walls, rocky terrain - Pixel art sprite pack",Unknown,https://captainskolot.itch.io/canyon
2026-09-02T01:07:32.640919,Fantasy Tile Engine,Unknown,https://hippogames.itch.io/fantasy-tile-engine
2026-09-02T01:07:32.640919,Free Survival Melee Weapons Pack,Unknown,https://413games.itch.io/free-survival-weapons-pack
2026-09-02T01:07:32.640919,Voxel Cubix,Unknown,https://lunarygame.itch.io/voxel-cubix
2026-09-02T01:07:32.640919,PokÃ©mon Eeveelution Assets (Godot),Unknown,https://archerzenmi.itch.io/pokmon-eeveelution-assets-godot
2026-09-02T01:07:32.640919,SAKURA MOON 128Ã128 JAPANESE SAKURA FANTASY CHARACTER COLLECTION,Unknown,https://sakpix.itch.io/sakura-moon-128128-japanese-sakura-fantasy-character-collection
2026-09-02T01:07:32.640919,Sunny Wonderland - 16x16 top-down tileset,Unknown,https://paulinekahnum.itch.io/sunnywonderland
2026-09-02T01:07:32.640919,Godot 2D Weapon System,Unknown,https://ludonauta.itch.io/facing-locked-shooting
2026-09-02T01:07:32.640919,Pixel Cave Items,Unknown,https://mr-pixelz.itch.io/16x16-pixel-cave-items
2026-09-02T01:07:32.640919,Dachshund,Unknown,https://game-retro-studio.itch.io/dachshund
2026-09-02T01:07:32.640919,RPG Toolkit - The Full No-Code RPG Backbone for Godot 4,Unknown,https://selodev.itch.io/rpg-toolkit-the-full-no-code-rpg-backbone-for-godot-4
2026-09-02T01:07:32.640919,Low Poly Staffs,Unknown,https://zsky2000.itch.io/low-poly-staffs
2026-09-02T01:07:32.640919,Forest People - Part 1,Unknown,https://kbpixelart.itch.io/forest-people-part-1
2026-09-02T01:07:32.640919,Velmora Realms-Dungeon essentials,Unknown,https://artisanofartifacts.itch.io/velmora-realms-dungeon-essentials
2026-09-02T01:07:32.640919,UI PACK #1 (CARS UI),Unknown,https://black-spot-tm.itch.io/ui-pack-1-cars-ui
2026-09-02T01:07:32.640919,Isometric Cyberpunk Buildings,Unknown,https://maxparata.itch.io/isometric-cyberpunk-buildings
2026-09-02T01:07:32.640919,24+ Advanced Ability Tier Pack - Fantasy MMORPG Buffs & Spells Icons Pixel Art Collection,Unknown,https://captainskolot.itch.io/24-advanced-ability-tier-pack-fantasy-mmorpg-buffs-spells-icons-pixel-art-collec
2026-09-02T01:07:32.640919,Tiny Traffic  Low Poly Stylized,Unknown,https://retgun.itch.io/tiny-traffic-low-poly-stylized-cars-trucks-for-gamedev
2026-09-02T01:07:32.640919,Yoshino's Bright Icons 16x16,Unknown,https://rym-yoshino.itch.io/yoshinos-bright-icons-16x16
2026-09-02T01:07:32.640919,Godot Extended UI,Unknown,https://thowsenmedia.itch.io/godot-extended-ui
2026-09-02T01:07:32.640919,Harp Chronicles Music 2,Unknown,https://elvgames.itch.io/harp-chronicles-volume-2
2026-09-02T01:07:32.640919,Texture Pack: Mix Pack 06,Unknown,https://juliovii.itch.io/ftp-mix-pack-06
2026-09-02T01:07:32.640919,Godot Third Person Controller Template,Unknown,https://murphysdad.itch.io/godot-third-person-controller-template
2026-09-02T01:07:32.640919,City Streets - Top-Down Tileset [16x16],Unknown,https://hedi-dev-studio.itch.io/city-street-top-down-tileset
2026-09-02T01:07:35.051523,BIOMES & SEASONS 2D Tileset,Unknown,https://dsatpxls.itch.io/biomes
2026-09-02T01:07:35.051523,Fantasy RPG Elf Pixel Art - Faction NPC Pack,Unknown,https://lunascra.itch.io/emerald-vanguard
2026-09-02T01:07:35.051523,Animated Pixel Slime,Unknown,https://verzatiledev.itch.io/animated-pixel-slime
2026-09-02T01:07:35.051523,Rimmel â The Demonic Hero,Unknown,https://shinobugaen.itch.io/pixel-abyss-rimmel
2026-09-02T01:07:35.051523,DRAGONBUN - Cooking: Pack 1,Unknown,https://marimo.itch.io/dragonbun-icons11
2026-09-02T01:07:35.051523,Emberbound Elementals Wardens v1.8.0-godot-ready,Unknown,https://obssidian-art.itch.io/emberbound-elementals-wardens-godot-ready
2026-09-02T01:07:35.051523,VisuStella Atelier: Potions and Tonics Vol.11,Unknown,https://visustella.itch.io/visustella-atelier-potions-and-tonics-vol11
2026-09-02T01:07:35.051523,Cyberpunk Style Music 2,Unknown,https://elvgames.itch.io/cyberpunk-style-music-2
2026-09-02T01:07:35.051523,CELESTIAL LEGENDS â Angels & Fallen Collection,Unknown,https://sakpix.itch.io/celestial-legends-angels-fallen-collection
2026-09-02T01:07:35.051523,Steampunk Bot Enemy Pack - V2,Unknown,https://kbpixelart.itch.io/steampunk-bot-enemy-pack-v2
2026-09-02T01:07:35.051523,Super Tiny UI,Unknown,https://goodcartelgames.itch.io/super-tiny-ui
2026-09-02T01:07:35.051523,Obssidian Arcane Dungeon â 32x32 Top-Down Tileset,Unknown,https://obssidian-art.itch.io/obssidian-arcane-dungeon-32x32
2026-09-02T01:07:35.051523,Low Poly Computer models pack for Unity and Godot,Unknown,https://krubka-1.itch.io/computer-models-pack
2026-09-02T01:07:35.051523,Godot Game Jam Template,Unknown,https://bunnytrail.itch.io/godot-game-jam-template
2026-09-02T01:07:35.051523,Cars 2 - Low Poly Cute,Unknown,https://rg-poly.itch.io/cars-2-low-poly-cute
2026-09-02T01:07:35.051523,"Hand-Painted Seamless Terrain Textures â Watercolor Grass, Stone, Dirt & Water (16 PNGs)",Unknown,https://voxelcorelab.itch.io/watercolor-terrain-textures
2026-09-02T01:07:35.051523,Godot Easy LAN,Unknown,https://perons.itch.io/godot-easy-lan
2026-09-02T01:07:35.051523,Dwarf Melee Animations FREE,Unknown,https://kevdev.itch.io/dwarf-melee-animations-free
2026-09-02T01:07:35.051523,PSX Pickup Shader,Unknown,https://zacksly.itch.io/psx-pickup-shader
2026-09-02T01:07:35.051523,Fx Effects Pixel Art - 256x256 | 128x128 | 64x64 | 32x32 - #94,Unknown,https://fx-express.itch.io/fx-effects-pixel-art-256x256-128x128-64x64-32x32-94
2026-09-02T01:07:35.051523,ð Moonfall Kingdom â Lunar Fantasy RPG Music Pack,Unknown,https://sakpix.itch.io/moonfall-kingdom-lunar-fantasy-rpg-music-pack
2026-09-02T01:07:35.051523,Building kit 3,Unknown,https://loafbrr.itch.io/building-kit-3
2026-09-02T01:07:35.051523,Weather Pack Pixel Art 16x16,Unknown,https://avosgrosimbourg.itch.io/weather-pack-pixel-art-16x16
2026-09-02T01:07:35.051523,Modern RPG Heroes FREE â Pixel Art Sprite Pack (RPG Maker / Unity / Godot),Unknown,https://marcomyly.itch.io/modern-rpg-heroes-pixel-art-sprite-pack-rpg-maker-unity-godot
2026-09-02T01:07:35.051523,Cozy Village Animated Girl (FREE),Unknown,https://sakpix.itch.io/cozy-village-animated-girl-free
2026-09-02T01:07:35.051523,Texture Pack: Materials Terrazzo 01,Unknown,https://juliovii.itch.io/ftp-terrazzo-01
2026-09-02T01:07:35.051523,Pixel RPG Icons Adventure 32Ã32,Unknown,https://cyangmou.itch.io/pixel-rpg-icons-adventure-3232
2026-09-02T01:07:35.051523,Marshmallow pixelart character,Unknown,https://svor.itch.io/marshmallow-pixelart-character-free
2026-09-02T01:07:35.051523,VisuStella Armory: Shields Vol.02,Unknown,https://visustella.itch.io/visustella-armory-shield-02
2026-09-02T01:07:35.051523,Texture Pack: Foam 01,Unknown,https://juliovii.itch.io/foampk01
2026-09-02T01:07:35.051523,Snackies,Unknown,https://loafbrr.itch.io/snackies
2026-09-02T01:07:35.051523,Low Poly FPS Map Vol6 - Construction Shooter Map,Unknown,https://justcreate3d.itch.io/low-poly-fps-map-vol6
2026-09-02T01:07:35.051523,Free Furniture Pack/Set - 50+ Models,Unknown,https://crazydrpants.itch.io/free-furniture-pack-set-models
2026-09-02T01:07:35.051523,Square Dungeon - Asset Pack,Unknown,https://oepatsim.itch.io/square-dungeon-asset-pack
2026-09-02T01:07:35.051523,SELODev - Complete Game Builder Kit,Unknown,https://selodev.itch.io/selodev-complete-game-builder-kit
2026-09-02T01:07:35.051523,[MS-DOT] Pixel Art Font,Unknown,https://bsl.itch.io/ms-dot-pixel-art-font
2026-09-02T01:07:37.339339,Backgammon (CC0),Unknown,https://verzatiledev.itch.io/backgammon
2026-09-02T01:07:37.339339,Easter Pixel Icon Pack - 32x32 pixel asset pack,Unknown,https://helm3t.itch.io/easter-icon-pack
2026-09-02T01:07:37.339339,Godot Turn-based System Demo,Unknown,https://trizg.itch.io/godot-turn-based-system
2026-09-02T01:07:37.339339,VisuStella Armory: Cute Adventuring Dress,Unknown,https://visustella.itch.io/visustella-armory-cuteadventuring-dress
2026-09-02T01:07:37.339339,Fantasy RPG Overworld Asset Pack,Unknown,https://neo-art.itch.io/fantasy-overworld-asset-pack
2026-09-02T01:07:37.339339,Voxel Complete Bundle,Unknown,https://maxparata.itch.io/voxel-complete-bundle
2026-09-02T01:07:37.339339,Free Low-poly airplane,Unknown,https://daniel-dormin.itch.io/free-low-poly-airplane
2026-09-02T01:07:37.339339,DRAGONBUN - Weapons: Pack 3,Unknown,https://marimo.itch.io/dragonbun-icons7
2026-09-02T01:07:37.339339,Artomkit - vehicle pack,Unknown,https://artomaton.itch.io/artomkit-vehicle-pack
2026-09-02T01:07:37.339339,Dual Sword Animations V1 (Unreal Engine/Unity/FBX),Unknown,https://gamedev-hero.itch.io/dual-sword-animations-v1
2026-09-02T01:07:37.339339,Unarmed Fighting Animations V1 (UE/FBX),Unknown,https://gamedev-hero.itch.io/unarmed-fighting-animations-v1-uefbx
2026-09-02T01:07:37.339339,Stone Material Bundle,Unknown,https://gerryverse.itch.io/stone-asset
2026-09-02T01:07:37.339339,16x16 Sci-Fi Top-Down Tileset - Test Chamber,Unknown,https://kenneth-middle.itch.io/test-chamber-16x16-tile-map
2026-09-02T01:07:37.339339,Finite State Machine - Godot Asset,Unknown,https://in3mo.itch.io/state-machine-for-godot-games
2026-09-02T01:07:37.339339,Cartoon Kitchen Package,Unknown,https://awbmegames0.itch.io/cartoon-kitchen-package
2026-09-02T01:07:37.339339,Fx Effects Pixel Art #92 - 256x256 | 128x128 | 64x64 | 32x32,Unknown,https://fx-express.itch.io/fx-effects-pixel-art-92-256x256-128x128-64x64-32x32
2026-09-02T01:07:37.339339,Free Low Poly Gun GLTF,Unknown,https://worstevent.itch.io/free-low-poly-gun
2026-09-02T01:07:37.339339,FPS | tactical collection,Unknown,https://turtletopology.itch.io/fps-the-tactical-collection
2026-09-02T01:07:37.339339,platTile Universe: Autotile Templates,Unknown,https://dkproductions.itch.io/plattile-universe-autotile-templates
2026-09-02T01:07:37.339339,PSX Zombie,Unknown,https://mcsteeg.itch.io/psx-zombie
2026-09-02T01:07:37.339339,"POLY - Town City (Unity, UE, Godot)",Unknown,https://animpicstudio.itch.io/poly-town-city-unity-ue-godot
2026-09-02T01:07:37.339339,Great Pacific Octopus,Unknown,https://rapidpunches.itch.io/greatpacificoctopus
2026-09-02T01:07:37.339339,Steampunk Portrait Pack â Pixelart / Pixel Art Sprite â Badass Busts for RPG / Visual Novel,Unknown,https://captainskolot.itch.io/steampunk-male-portrait-pack-pixelart-pixel-art-sprite-badass-busts-for
2026-09-02T01:07:37.339339,CopperCube_Prefabs_Pack_V1,Unknown,https://estudiomasluz.itch.io/coppercube-prefabs-pack-v1
2026-09-02T01:07:37.339339,Drivable-Low Poly Cars Pack,Unknown,https://awbmegames0.itch.io/drivable-low-poly-cars-pack
2026-09-02T01:07:37.339339,Fantasy Terrain Materials | Forest & Woodlands,Unknown,https://orcpoweredgames.itch.io/stylized-terrain-textures-vol-3
2026-09-02T01:07:37.339339,1$ gesture recognition addon for godot 2.*,Unknown,https://blurymind.itch.io/1-gesture-recognition-addon-for-godot
2026-09-02T01:07:37.339339,25+ Fantasy Swords Assets V3 - Pixelart / Pixel Art sprite Equipment & Items Pack for RPG fantasy,Unknown,https://captainskolot.itch.io/25-fantasy-swords-assets-v3-pixelart-pixel-art-sprite-equipment-items-pack-for-r
2026-09-02T01:07:37.339339,VisuStella Cuisine:  Eye,Unknown,https://visustella.itch.io/visustella-cuisine-eye
2026-09-02T01:07:37.339339,Low Poly Office Interiors,Unknown,https://justcreate3d.itch.io/low-poly-office-interiors
2026-09-02T01:07:37.339339,Pixel Magic Items,Unknown,https://mr-pixelz.itch.io/16x16-pixel-magic-items
2026-09-02T01:07:37.339339,Kauzz Pixel Tiles - Cozy Living Room Asset Pack,Unknown,https://kauzz.itch.io/kauzz-pixel-tiles-cozy-living-room-asset-pack
2026-09-02T01:07:37.339339,Godot Stylized Water Shader,Unknown,https://gameidea-studio.itch.io/godot-stylized-water-shader
2026-09-02T01:07:37.339339,Godot Smoke VFX,Unknown,https://binbun3d.itch.io/smoke-vfx
2026-09-02T01:07:37.339339,Low poly RPG character asset pack,Unknown,https://mwillismodeler.itch.io/low-poly-rpg-character-asset-pack
2026-09-02T01:07:37.339339,2D Modular Stickman Animation Pack - 50+ action,Unknown,https://stableimage.itch.io/2d-modular-stickman-animation-pack-50-animation
2026-09-02T01:07:39.906482,Texture Pack: Fabric 03,Unknown,https://juliovii.itch.io/ftp-fabric-03
2026-09-02T01:07:39.906482,Free Topdown RPG Assets,Unknown,https://neo-art.itch.io/free-topdown-rpg-assets
2026-09-02T01:07:39.906482,Third Person Camera Rig For Godot,Unknown,https://chafmere.itch.io/third-person-camera-rig-for-godot
2026-09-02T01:07:39.906482,RPG Visual Effects - Pixel Art - 256x256 | 128x128 | 64x64 | 32x32................................. #99,Unknown,https://fx-express.itch.io/rpg-visual-effects-pixel-art-256x256-128x128-64x64-32x32-99
2026-09-02T01:07:39.906482,VisuStella Cuisine:  Ear,Unknown,https://visustella.itch.io/visustella-cuisine-ear
2026-09-02T01:07:39.906482,Cute Desert Platformer â 2D Pixel Art Asset Pack,Unknown,https://pozac.itch.io/cute-desert-platformer-2d-pixel-art-asset-pack
2026-09-02T01:07:39.906482,VisuStella Atelier: Potions and Tonics Vol.10,Unknown,https://visustella.itch.io/visustella-atelier-potions-and-tonics-vol10
2026-09-02T01:07:39.906482,2D Adventure Bows,Unknown,https://mr-pixelz.itch.io/32x32-pixel-adventure-bows
2026-09-02T01:07:39.906482,Low-poly CD-Player,Unknown,https://crosswired.itch.io/low-poly-cd-player
2026-09-02T01:07:39.906482,Texture Pack: Tactile 01,Unknown,https://juliovii.itch.io/tactilepk01
2026-09-02T01:07:39.906482,Space Astronaut Game Assets,Unknown,https://mononokestudios.itch.io/spacegameassets
2026-09-02T01:07:39.906482,Combination Shader for GODOT,Unknown,https://phrogmoment.itch.io/godot-combination-shader
2026-09-02T01:07:39.906482,50 Cyber-Glitch Transitions: Pro Pack,Unknown,https://alenia-studios.itch.io/10-transiciones-cyber-glitch
2026-09-02T01:07:39.906482,Infinite Runner Starter Pack (Godot Runner),Unknown,https://jonathanvolpi.itch.io/godot-runner
2026-09-02T01:07:39.906482,Library Asset Pack,Unknown,https://lunarosgames.itch.io/library-asset-pack
2026-09-02T01:07:39.906482,SHADER - Temperature distortion,Unknown,https://alberto-luviano.itch.io/shader-temperature-distortion
2026-09-02T01:07:39.906482,"POLY - Nature Pack (Unity, UE, Godot)",Unknown,https://animpicstudio.itch.io/poly-nature-pack
2026-09-02T01:07:39.906482,[Old] Sain's Retro Rounded UI Frames Asset Pack,Unknown,https://sainguinpixels.itch.io/sains-retro-rounded-ui-frames-asset-pack
2026-09-02T01:07:39.906482,ETERNAL FROST â 256Ã256 Elite Frozen Champions Collection,Unknown,https://sakpix.itch.io/eternal-frost-256256-elite-frozen-champions-collection
2026-09-02T01:07:39.906482,Pixel RPG Character Pack - Undead,Unknown,https://direbubble.itch.io/pixel-rpg-character-pack-undead
2026-09-02T01:07:39.906482,Poison VFX - Godot 3D,Unknown,https://binbun3d.itch.io/poison-vfx
2026-09-02T01:07:39.906482,Dual Sword Animation Bundle (Unreal Engine/FBX),Unknown,https://gamedev-hero.itch.io/dual-sword-animation-bundle-unreal-enginefbx
2026-09-02T01:07:39.906482,Sci-Fi SFX Library â Free Sampler (25 Sounds),Unknown,https://yaltyx.itch.io/scifi-sfx-library-sampler
2026-09-02T01:07:39.906482,3D Stylized Dungeon Collection,Unknown,https://stellarnightmare.itch.io/stylized-dungeon-collection
2026-09-02T01:07:39.906482,Y2K China Home Interior Tileset,Unknown,https://bbbits.itch.io/pixel-art-y2k-chinese-home-interior-tileset
2026-09-02T01:07:39.906482,Skeleton,Unknown,https://downraindc3d.itch.io/skeleton
2026-09-02T01:07:39.906482,Animated Flame Spritesheet,Unknown,https://max1truc.itch.io/animated-flame
2026-09-02T01:07:39.906482,Fx Effects Pixel Art - 256x256 | 128x128 | 64x64 | 32x32 ----- #97,Unknown,https://fx-express.itch.io/fx-effects-pixel-art-256x256-128x128-64x64-32x32-97
2026-09-02T01:07:39.906482,Free Cartoon Kitchen Pack,Unknown,https://awbmegames0.itch.io/free-cartoon-kitchen-pack
2026-09-02T01:07:39.906482,Low Poly FPS Map Lite,Unknown,https://justcreate3d.itch.io/low-poly-fps-map-lite
2026-09-02T01:07:39.906482,VisuStella Armory: Stealthy Shinobi Poisoner,Unknown,https://visustella.itch.io/visustella-armory-stealthy-shinobi-poisoner
2026-09-02T01:07:39.906482,Godot Character Mesh Pack,Unknown,https://stayathomedev.itch.io/godot-character-mesh-pack
2026-09-02T01:07:39.906482,RPG Visual Effects - Pixel Art - 256x256 | 128x128 | 64x64 | 32x32................................. #100,Unknown,https://fx-express.itch.io/rpg-visual-effects-pixel-art-256x256-128x128-64x64-32x32-100
2026-09-02T01:07:39.906482,Mausoleum Dungeon,Unknown,https://loafbrr.itch.io/mausoleum-dungeon
2026-09-02T01:07:39.906482,Cute 3D Tanks Asset Pack,Unknown,https://jovannyrodz.itch.io/cute-3d-tanks-asset-pack
2026-09-02T01:07:39.906482,Modular Brick Structures,Unknown,https://loafbrr.itch.io/modular-brick-structures
2026-09-02T01:07:42.663763,Spacerza Font,Unknown,https://verzatiledev.itch.io/spacerza-font
2026-09-02T01:07:42.663763,PSX Seamless wood textures,Unknown,https://realduende.itch.io/psx-wood-textures
2026-09-02T01:07:42.663763,Fantasy Blade Prototype,Unknown,https://vyurt.itch.io/fantasy-blade-prototype
2026-09-02T01:07:42.663763,Elf Girl â Top-Down Character & Interior Pack,Unknown,https://awakenprism.itch.io/elf-girl-top-down-character
2026-09-02T01:07:42.663763,CRT Model and Example Project Godot 3.4,Unknown,https://chafmere.itch.io/crt-model-and-example-project
2026-09-02T01:07:42.663763,Godot Water Shader V1,Unknown,https://stayathomedev.itch.io/godot-water-shader-v1
2026-09-02T01:07:42.663763,Free TOP-DOWN Mega Asset + AutoTile Reference,Unknown,https://mh-3mkk.itch.io/free-pixelart-tileset
2026-09-02T01:07:42.663763,STADIUM LOW POLY,Unknown,https://3dmodels-sca.itch.io/stadium-lp
2026-09-02T01:07:42.663763,Bronco,Unknown,https://kbpixelart.itch.io/bronco
2026-09-02T01:07:42.663763,ULTIMATE ARCANE - WITHOUT BACKGROUND,Unknown,https://netovoxel.itch.io/ultimatearcane
2026-09-02T01:07:42.663763,Dwarf Lands,Unknown,https://kbpixelart.itch.io/dwarf-lands
2026-09-02T01:07:42.663763,mac10 blend,Unknown,https://vyurt.itch.io/mac10-blend
2026-09-02T01:07:42.663763,RPG Visual Effects - Pixel Art - 256x256 | 128x128 | 64x64 | 32x32................................. #101,Unknown,https://fx-express.itch.io/rpg-visual-effects-pixel-art-256x256-128x128-64x64-32x32-101
2026-09-02T01:07:42.663763,Unarmed Fighting Animation V4 ãStreet Fighter Styleã,Unknown,https://gamedev-hero.itch.io/unarmed-fighting-animation-v4-street-fighter-style
2026-09-02T01:07:42.663763,Low Poly Dummy,Unknown,https://baldmonkeygames.itch.io/dummy
2026-09-02T01:07:42.663763,NEON SAMURAI â CYBER SHOGUN COLLECTION,Unknown,https://sakpix.itch.io/neon-samurai-cyber-shogun-collection
2026-09-02T01:07:42.663763,Square City - Asset Pack,Unknown,https://oepatsim.itch.io/square-city-asset-pack
2026-09-02T01:07:42.663763,CURSED CELTIC â DRUIDS & FAE,Unknown,https://sakpix.itch.io/cursed-celtic-druids-fae
2026-09-02T01:07:42.663763,The Ultimate Stylized Mannequin Pack,Unknown,https://pablopfa.itch.io/the-ultimate-stylized-mannequin-pack
2026-09-02T01:07:42.663763,VisuStella Armory: Noble Lady's Music Box,Unknown,https://visustella.itch.io/visustella-armory-noble-ladys-music-box
2026-09-02T01:07:42.663763,Viking Village - Part 2,Unknown,https://kbpixelart.itch.io/viking-village-part-2
2026-09-02T01:07:42.663763,Pixel Fantasy-Slime Character,Unknown,https://kalponic-studio.itch.io/pixel-fantasy-slime-character
2026-09-02T01:07:42.663763,ð° Slot Machine Cleopatra II v1.0 Reborn (Godot/Unity Assets),Unknown,https://darky-dev.itch.io/slot-machine-cleopatra-casino-v10reborn
2026-09-02T01:07:42.663763,Obssidian Status Forge â Godot 4 Status Effect System,Unknown,https://obssidian-art.itch.io/obssidian-status-forge-godot
2026-09-02T01:07:42.663763,Horror Hotel Tileset,Unknown,https://manicpixeldreamgirl.itch.io/horror-hotel
2026-09-02T01:07:42.663763,"ST-02 â 50 Pixel Monsters (PNG, S/M/L)",Unknown,https://pixelartmaterial.itch.io/50-pixel-monsters-pngs-sml-1x-st-02
2026-09-02T01:07:42.663763,Essential VFX Pack â 31 Animated Effects,Unknown,https://bonkiloki.itch.io/essential-vfx-pack-31-animated-effects
2026-09-02T01:07:42.663763,Turn Based RPG Monsters Pack 14,Unknown,https://elvgames.itch.io/turn-based-rpg-monsters-pack-14
2026-09-02T01:07:42.663763,A Bunch of Street Signs (CC0),Unknown,https://verzatiledev.itch.io/a-bunch-of-street-signs
2026-09-02T01:07:42.663763,Mystic Hallow - Fantasy Platformer Asset Pack,Unknown,https://black-spot-tm.itch.io/mystic-hallow-fantasy-platformer-asset-pack
2026-09-02T01:07:42.663763,City Builder Free Tiles,Unknown,https://mxfilho.itch.io/city-builder-free-tiles
2026-09-02T01:07:42.663763,A Bunch of Foliage,Unknown,https://verzatiledev.itch.io/a-bunch-of-foliage
2026-09-02T01:07:42.663763,Isometric City Builder - Vol. 2: Landmarks & Skyscrapers,Unknown,https://khaledpng.itch.io/isometric-city-builder-vol-2-landmarks-skyscrapers
2026-09-02T01:07:42.663763,LOW-POLY DIVER â RIGGED + ANIMATED / UNRIGGED,Unknown,https://oricutstudios.itch.io/low-poly-diver-asset-pack
2026-09-02T01:07:42.663763,Y2K China Street scene Tileset-Park 1,Unknown,https://bbbits.itch.io/pixel-art-y2k-china-street-scene-tileset-park1
2026-09-02T01:07:42.663763,Kauzz Pixel Tiles - Cozy Kitchen Asset Pack,Unknown,https://kauzz.itch.io/kauzz-pixel-tiles-kitchen
2026-09-02T01:07:45.219089,Pixel Sword Items,Unknown,https://mr-pixelz.itch.io/16x16-pixel-swords
2026-09-02T01:07:45.219089,VisuStella Cuisine: Brain,Unknown,https://visustella.itch.io/visustella-cuisine-brain
2026-09-02T01:07:45.219089,Modular Parallax City,Unknown,https://verzatiledev.itch.io/modular-parallax-city
2026-09-02T01:07:45.219089,Stylized Pack #3 | RPG | Assets Pack | Game Assets | variety of styles,Unknown,https://fx-express.itch.io/stylized-pack-3-rpg-assets-pack-game-assets-variety-of-styles
2026-09-02T01:07:45.219089,Alenia Essentials: Animated Color Cycling Backgrounds,Unknown,https://alenia-studios.itch.io/alenia-essentials-20
2026-09-02T01:07:45.219089,Texture Pack: Mix Pack 07,Unknown,https://juliovii.itch.io/ftp-mix-pack-07
2026-09-02T01:07:45.219089,PS1/PSX IceCream Trailer,Unknown,https://cursedlake.itch.io/ps1psx-icecream-trailer
2026-09-02T01:07:45.219089,Dark Ambient Music Pack // Grand Pack,Unknown,https://richarrest.itch.io/dark-ambient-music-pack-grand-pack
2026-09-02T01:07:45.219089,Source-like Godot Engine Logo Redesign (FREE),Unknown,https://spzi.itch.io/godotsource
2026-09-02T01:07:45.219089,Godot Volumetric Sky Shader,Unknown,https://gameidea-studio.itch.io/godot-volumetric-sky-shader
2026-09-02T01:07:45.219089,Turn Based RPG Monsters Pack 17,Unknown,https://elvgames.itch.io/turn-based-rpg-monsters-pack-17
2026-09-02T01:07:45.219089,Low Poly Bottles Mini Asset Pack,Unknown,https://kantate44.itch.io/bottles
2026-09-02T01:07:45.219089,Envoys of The King V1 - Enemies,Unknown,https://kbpixelart.itch.io/envoys-of-the-king-enemies
2026-09-02T01:07:45.219089,Godot Awesome Inventory,Unknown,https://thowsenmedia.itch.io/godot-awesome-inventory
2026-09-02T01:07:45.219089,Fx Effects Pixel Art #91 - Animations | 64x64 | 32x32,Unknown,https://fx-express.itch.io/fx-effects-pixel-art-91-64x64-32x32
2026-09-02T01:07:45.219089,Unarmed Fighting Animation V2 (Unreal Engine/FBX),Unknown,https://gamedev-hero.itch.io/unarmed-fighting-animation-v2
2026-09-02T01:07:45.219089,Dagger Combat Animation V1 ãAssassination Themeã,Unknown,https://gamedev-hero.itch.io/dagger-combat-animation-v1-assassination-theme
2026-09-02T01:07:45.219089,VisuStella Atelier: Potions and Tonics Vol.09,Unknown,https://visustella.itch.io/visustella-atelier-potions-and-tonics-vol09
2026-09-02T01:07:45.219089,25+ Fantasy Pickaxes Assets - Pixelart / Pixel Art sprite Equipment & Items Pack for RPG fantasy,Unknown,https://captainskolot.itch.io/25-fantasy-pickaxes-assets-pixelart-pixel-art-sprite-equipment-items-pack
2026-09-02T01:07:45.219089,Lost Arm Drifter - Enemy,Unknown,https://kbpixelart.itch.io/lost-arm-drifter
2026-09-02T01:07:45.219089,Human Character Dummy,Unknown,https://kevdev.itch.io/human-character-dummy
2026-09-02T01:07:45.219089,"Character Sprite Pack 8 â 2 Characters, 30 Expressions",Unknown,https://tulune2204.itch.io/character-sprite-pack-8-2-characters-20-expressions
2026-09-02T01:07:45.219089,THE 16X16 Pokemon Like Tileset,Unknown,https://aarya-yt.itch.io/the-16x16-pokemon-like-tileset
2026-09-02T01:07:45.219089,ð° Slot Machine Masters of Magic Prototype (Godot/Unity Assets),Unknown,https://darky-dev.itch.io/slot-machine-masters-of-magic-prototype-casino
2026-09-02T01:07:45.219089,Turn Based RPG Monsters Pack 16,Unknown,https://elvgames.itch.io/turn-based-rpg-monsters-pack-16
2026-09-02T01:07:45.219089,donuts,Unknown,https://voxelbytebot.itch.io/donut
2026-09-02T01:07:45.219089,Necromancer Free Sprite Pack (RPG / Pixel Art),Unknown,https://marcomyly.itch.io/necromancer-free-sprite-pack-rpg-pixel-art
2026-09-02T01:07:45.219089,Fx Effects Pixel Art - 256x256 | 128x128 | 64x64 | 32x32 ----- #96,Unknown,https://fx-express.itch.io/fx-effects-pixel-art-256x256-128x128-64x64-32x32-96
2026-09-02T01:07:45.219089,One Handed Sword Animations Bundle (UE/FBX),Unknown,https://gamedev-hero.itch.io/onehanded-sword-animations-bundle-uefbx
2026-09-02T01:07:45.219089,Godot CollapsibleContainer,Unknown,https://arshvirgoraya.itch.io/godot-collapsiblecontainer
2026-09-02T01:07:45.219089,Spell Effects,Unknown,https://inspiredsloth.itch.io/spell-effects
2026-09-02T01:07:45.219089,Godot C# Pooled Audio Manager,Unknown,https://hazardpay.itch.io/godot-csharp-audio-manager
2026-09-02T01:07:45.219089,"Huesitos, 3D skeleton asset",Unknown,https://franken-beast.itch.io/huesitos-skeleton
2026-09-02T01:07:45.219089,Large scale Pixel Cottage asset pack,Unknown,https://studiodenny.itch.io/large-scale-pixel-forest-asset-pack
2026-09-02T01:07:45.219089,Vector Icon Pack : Essentials by Pixmeup,Unknown,https://pixmeup.itch.io/pixmeup-fvs-essential-vector-icon-pack
2026-09-02T01:07:45.219089,Hit VFX Pack - 30 Stylized Impact Effects for Godot 4,Unknown,https://berryhibiscus.itch.io/hit-vfx-pack-30-stylized-impact-effects-for-godot-4
2026-09-02T01:07:47.600429,"Fantasy Anime Sprite Pack - 2 Female Characters  | 20 Expressions  , 4 RPG Backgrounds",Unknown,https://tulune2204.itch.io/fantasy-anime-sprite-pack-2-female-characters-20-expressions-4-rpg-backgrou
2026-09-02T01:07:47.600429,A Bunch of Planets,Unknown,https://verzatiledev.itch.io/a-bunch-of-planets
2026-09-02T01:07:47.600429,Free Low Poly 3D Island Map Asset â Game & Mobile Ready,Unknown,https://gataki.itch.io/free-low-poly-island-map-game-and-mobile-ready
2026-09-02T01:07:47.600429,RPG Visual Effects - Pixel Art - 256x256 | 128x128 | 64x64 | 32x32................................. #98,Unknown,https://fx-express.itch.io/rpg-visual-effects-pixel-art-256x256-128x128-64x64-32x32-98
2026-09-02T01:07:47.600429,PSX Green Goliath,Unknown,https://retro-spud.itch.io/psx-green-goliath
2026-09-02T01:07:47.600429,Little Demon 2D pixel art Mob,Unknown,https://luke1z.itch.io/little-demon
2026-09-02T01:07:47.600429,2D Warrior Character Asset - Animations & SFX,Unknown,https://vinzes.itch.io/2d-warrior-axe-fighter-sprite-sheet-sfx-pack
2026-09-02T01:07:47.600429,Directrix Arcade Racing Kit (Godot),Unknown,https://directrix-games.itch.io/directrix-arcade-racing-kit-godot
2026-09-02T01:07:47.600429,Fx Effects Pixel Art - 256x256 | 128x128 | 64x64 | 32x32 - #93,Unknown,https://fx-express.itch.io/fx-effects-pixel-art-256x256-128x128-64x64-32x32-93
2026-09-02T01:07:47.600429,Fx Effects Pixel Art #0 - 64x64 | 32x32,Unknown,https://fx-express.itch.io/fx-effects-pixel-art-0-64x64-32x32
2026-09-02T01:07:47.600429,"Fantasy Potions Pack (32Ã32 Pixel Art, 2300+ Assets, Health, Mana & Magic Bottles)",Unknown,https://pixel-1992.itch.io/fantasy-potions-pack-3232-pixel-art-2300-assets-health-mana-magic-bottles
2026-09-02T01:07:47.600429,"Free Low Poly â Lava Plants [Godot,Unity,Blend]",Unknown,https://emaceart.itch.io/lava-plant
2026-09-02T01:07:47.600429,10 Animated RPG Magic Spells - Pixel Art VFX,Unknown,https://antahonist.itch.io/10-magic-spells-pixel-art-vfx
2026-09-02T01:07:47.600429,Snails (CC0),Unknown,https://verzatiledev.itch.io/snails
2026-09-02T01:07:47.600429,"POLY - Survival Workshop (Unity, UE, Godot)",Unknown,https://animpicstudio.itch.io/poly-survival-workshop
2026-09-02T01:07:47.600429,Rifts of the Nine Realms Biomes Asset Pack,Unknown,https://roninlabstudio.itch.io/rifts-of-the-nine-realms
2026-09-02T01:07:47.600429,Free Cartoon Furniture Pack,Unknown,https://awbmegames0.itch.io/free-cartoon-furniture-pack
2026-09-02T01:07:47.600429,"VisuStella Armory: Axes, Hatchets and Maids",Unknown,https://visustella.itch.io/visustella-armory-cute-axe-maid
2026-09-02T01:07:47.600429,Pixel Heroes: Military Editor,Unknown,https://hippogames.itch.io/pixel-heroes-military-editor
2026-09-02T01:07:47.600429,Fishing rod animation cast reel idle,Unknown,https://letsgetdevy.itch.io/fishing-rod-animation
2026-09-02T01:07:47.600429,Food Pack,Unknown,https://rg-poly.itch.io/food-pack
2026-09-02T01:07:47.600429,32x32 Cottage House Pixel Art Pack,Unknown,https://hyarismeowt.itch.io/32x32-cottage-house-pixel-art-pack
2026-09-02T01:07:47.600429,Inventory System - No-Code RPG Items for Godot 4,Unknown,https://selodev.itch.io/godot-inventory-system
2026-09-02T01:07:47.600429,Old World,Unknown,https://cryoscopic-e.itch.io/old-world
2026-09-02T01:07:47.600429,Godot kart-style raycast vehice,Unknown,https://hazelnutcloud.itch.io/godot-kart-style-raycast-vehice
2026-09-02T01:07:47.600429,Obssidian Desktop UI â Godot 4 In-Game Computer Framework,Unknown,https://obssidian-art.itch.io/obssidian-desktop-ui-godot-4
2026-09-02T01:07:47.600429,Force Shield VFX -Godot,Unknown,https://soygus.itch.io/shield-force-vfx
2026-09-02T01:07:47.600429,PSX Shader Pack,Unknown,https://nepoun.itch.io/psx-shader-pack
2026-09-02T01:07:47.600429,PSX Assets - First Person Arms,Unknown,https://rbgr.itch.io/psx-assets-first-person-arms
2026-09-02T01:07:47.600429,Godot 2D NavMesh Generator,Unknown,https://sambigos.itch.io/godot-2d-navmesh-generator
2026-09-02T01:07:47.600429,Everyday Vehicles - Low Poly Vehicle Pack,Unknown,https://slothclapstudios.itch.io/everyday-vehicles-low-poly-vehicle-pack
2026-09-02T01:07:47.600429,Low Poly Farm Pack Lite,Unknown,https://justcreate3d.itch.io/low-poly-farm-pack-lite
2026-09-02T01:07:47.600429,Kitchen - Low Poly Asset Pack,Unknown,https://tapdig.itch.io/kitchen-asset-pack
2026-09-02T01:07:47.600429,Nolka's pyrotechnics | Explosion VFX for Godot,Unknown,https://nolkaloid.itch.io/nolkas-pyro-vfx-godot
2026-09-02T01:07:47.600429,Building Game Template,Unknown,https://oinky55.itch.io/builder-godot-template
2026-09-02T01:07:47.600429,Turn Based RPG Monsters Pack 12,Unknown,https://elvgames.itch.io/turn-based-rpg-monsters-pack-12
2026-09-02T01:07:49.927999,VisuStella Atelier: Potions and Tonics Vol.06,Unknown,https://visustella.itch.io/visustella-atelier-potions-and-tonics-vol06
2026-09-02T01:07:49.927999,Pixel Projectile Effects and Hits,Unknown,https://icemaan.itch.io/pixel-projectile-effects-and-hits
2026-09-02T01:07:49.927999,Free Low Poly Nature Pack,Unknown,https://awbmegames0.itch.io/free-low-poly-nature-pack
2026-09-02T01:07:49.927999,Kevin - The Horned Bone Sentinel,Unknown,https://shinobugaen.itch.io/pixel-abyss-kevin
2026-09-02T01:07:49.927999,Ultimate Fantasy RPG Loot Database (JSON&CSV),Unknown,https://databasesensei.itch.io/ultimate-fantasy-rpg-loot-database-jsoncsv
2026-09-02T01:07:49.927999,Simple Concept Template: 2D Top-Down-Shooter,Unknown,https://unchain112.itch.io/simple-concept-template-2d-top-down-shooter
2026-09-02T01:07:49.927999,Skeletons || Pixel Asset Pack,Unknown,https://pop-shop-packs.itch.io/skeletons
2026-09-02T01:07:49.927999,Slime Asset,Unknown,https://neroblyt.itch.io/slime
2026-09-02T01:07:49.927999,Y2K China community Tileset,Unknown,https://bbbits.itch.io/pixel-art-y2k-chinese-residential-area-tileset
2026-09-02T01:07:49.927999,Obssidian Adventurer â FREE 32x32 Top-Down Character | Godot 4,Unknown,https://obssidian-art.itch.io/obssidian-adventurer-free-32x32-top-down-character
2026-09-02T01:07:49.927999,EPIC EXPLOSIONS Pixel VFX,Unknown,https://icemaan.itch.io/epic-explosions-pixel-vfx
2026-09-02T01:07:49.927999,VisuStella Cuisine: Liver,Unknown,https://visustella.itch.io/visustella-cuisine-liver
2026-09-02T01:07:49.927999,Pipe Pack 1 - 3d model free,Unknown,https://kumagotio.itch.io/pipe-pack-1-free
2026-09-02T01:07:49.927999,e17 Fantasy Location Backgrounds,Unknown,https://echo17.itch.io/e17-fantasy-locations
2026-09-02T01:07:49.927999,KnightGuard-Stylized low poly Shields,Unknown,https://polymech.itch.io/medieval-pack-low-poly-shields
2026-09-02T01:07:49.927999,VisuStella Armory: Gloves and Gauntlets Vol.04,Unknown,https://visustella.itch.io/visustella-armory-gloves-and-gauntlets-vol04
2026-09-02T01:07:49.927999,Free Big Low Poly Farm Asset Pack,Unknown,https://grimnir-random.itch.io/free-big-low-poly-asset-pack
2026-09-02T01:07:49.927999,RPG Visual Effects - Pixel Art - 256x256 | 128x128 | 64x64 | 32x32................................. #104,Unknown,https://fx-express.itch.io/rpg-visual-effects-pixel-art-256x256-128x128-64x64-32x32-104
2026-09-02T01:07:49.927999,Turn Based RPG Monsters Pack 19,Unknown,https://elvgames.itch.io/turn-based-rpg-monsters-pack-19
2026-09-02T01:07:49.927999,Altorum Heights - Part 2,Unknown,https://kbpixelart.itch.io/altorum-heights-part-2
2026-09-02T01:07:49.927999,Vivid Motion : Universal  Status Effects  VOL. 2,Unknown,https://vivid-motion-assets.itch.io/universal-status-effects-vol-2
2026-09-02T01:07:49.927999,[â¦]VisuStella Atelier Season Two Collection,Unknown,https://visustella.itch.io/visustella-atelier-season-two-collection
2026-09-02T01:07:49.927999,Drivable-Free Low Poly Cars,Unknown,https://awbmegames0.itch.io/drivable-free-low-poly-cars
2026-09-02T01:07:49.927999,RPG Visual Effects - Pixel Art - 256x256 | 128x128 | 64x64 | 32x32................................. #103,Unknown,https://fx-express.itch.io/rpg-visual-effects-pixel-art-256x256-128x128-64x64-32x32-103
2026-09-02T01:07:49.927999,"Nature normal map addon pack | 4 free images for godot, unity, and unreal engine",Unknown,https://simplisticassets.itch.io/nature-normal-map-addon-pack-4-free-images-for-godot-unity-and-unreal-engine
2026-09-02T01:07:49.927999,PSOne Style - Female Character 01,Unknown,https://manneko.itch.io/psone-style-fem-01
2026-09-02T01:07:49.927999,Calculator - ASSETS,Unknown,https://lunarygame.itch.io/calculator-assets
2026-09-02T01:07:49.927999,Pine Hills Pixel Art Background,Unknown,https://myaumya.itch.io/pine-hills-background
2026-09-02T01:07:49.927999,Inventory,Unknown,https://ozanoyunbozan.itch.io/inventory
2026-09-02T01:07:49.927999,Isometric Asset Pack:ð«Kit-Katð«,Unknown,https://black-lotus-society.itch.io/isometric-kit-kat
2026-09-02T01:07:49.927999,VisuStella Cuisine: Common Mushrooms,Unknown,https://visustella.itch.io/visustella-cuisine-common-mushrooms
2026-09-02T01:07:49.927999,"POLY - Fantasy Village (Unity, UE, Godot)",Unknown,https://animpicstudio.itch.io/poly-fantasy-village-unity-ue-godot
2026-09-02T01:07:49.927999,Vivid Motion: Elemental Arcana Vol. 1,Unknown,https://vivid-motion-assets.itch.io/vivid-motion-elemental-arcana-vol-1
2026-09-02T01:07:49.927999,2D Pixel Art Lizardfolk Temple Tileset,Unknown,https://elthen.itch.io/2d-pixel-art-lizardfolk-temple-tileset
2026-09-02T01:07:49.927999,Cyberpunk Music Pack - Apolo - Tiny Pack,Unknown,https://richarrest.itch.io/cyberpunk-music-tiny-pack
2026-09-02T01:07:49.927999,"POLY - Lite Survival Collection (Unity, UE, Godot)",Unknown,https://animpicstudio.itch.io/poly-lite-survival-collection-unity-ue-godot
2026-09-02T01:07:52.281255,Gray Scale Shader,Unknown,https://pentoxel-studio.itch.io/gray-scale
2026-09-02T01:07:52.281255,Platform TILESET - stone bricks,Unknown,https://andro01art.itch.io/gameassets-tileset-stonebrick00
2026-09-02T01:07:52.281255,"POLY - Medieval Camp (Unity, Unreal, Godot, Blender)",Unknown,https://animpicstudio.itch.io/poly-medieval-camp-unity-unreal-godot-blender
2026-09-02T01:07:52.281255,VisuStella Armory: Two Handed Sword Vol.02,Unknown,https://visustella.itch.io/visustella-armory-two-handed-sword-vol02
2026-09-02T01:07:52.281255,UI SFX Vol.1 LITE â 32 Free Interface Sounds,Unknown,https://inaruna3565.itch.io/ui-sfx-vol-1-lite
2026-09-02T01:07:52.281255,SoulEater,Unknown,https://downraindc3d.itch.io/souleater
2026-09-02T01:07:52.281255,"POLY - Mega Survival Construction Kit (Unity, UE, Godot)",Unknown,https://animpicstudio.itch.io/poly-mega-survival-construction-kit
2026-09-02T01:07:52.281255,Signal Sentries - Enemy Pack,Unknown,https://kbpixelart.itch.io/signal-sentries-enemy-pack
2026-09-02T01:07:52.281255,"POLY - Mega Sci-Fi Sandbox (Unity, UE, Godot)",Unknown,https://animpicstudio.itch.io/poly-mega-sci-fi-sandbox-unity-ue-godot
2026-09-02T01:07:52.281255,Modular Lowpoly Sign Pack,Unknown,https://b-render.itch.io/modular-lowpoly-sign-pack
2026-09-02T01:07:52.281255,PixelHallowInside Font,Unknown,https://verzatiledev.itch.io/pixelhallowinside-font
2026-09-02T01:07:52.281255,"POLY - Forest Village (Unity, UE, Godot)",Unknown,https://animpicstudio.itch.io/poly-forest-village-unity-ue-godot
2026-09-02T01:07:52.281255,Bao's Pixel Forest [16x16],Unknown,https://baopixels.itch.io/baos-pixel-forest-16x16
2026-09-02T01:07:52.281255,The Knight's Adventures (free assets pack),Unknown,https://gamedev-mel.itch.io/the-knights-adventures
2026-09-02T01:07:52.281255,Fantasy Terrain Materials | Swamp and Wetlands,Unknown,https://orcpoweredgames.itch.io/stylized-terrain-textures-vol-5
2026-09-02T01:07:52.281255,"Forest Ground Essentials: Low Poly Bushes, Branches & More",Unknown,https://lowendplay.itch.io/forest-ground-essentials
2026-09-02T01:07:52.281255,Wind Waker Lights Demo,Unknown,https://koboldskeep.itch.io/wind-waker-lights-demo
2026-09-02T01:07:52.281255,CYBERPUNK MERCENARY â PREMIUM 256Ã256 CHARACTER,Unknown,https://sakpix.itch.io/cyberpunk-mercenary-premium-256256-character
2026-09-02T01:07:52.281255,"POLY - Mega Survival Food (Unity, UE, Godot)",Unknown,https://animpicstudio.itch.io/poly-mega-survival-food-unity-ue-godot
2026-09-02T01:07:52.281255,Grassy Top-down Tileset,Unknown,https://ringosnoop.itch.io/grassy-top-down-tileset
2026-09-02T01:07:52.281255,Knight,Unknown,https://downraindc3d.itch.io/knight
2026-09-02T01:07:52.281255,"Fantasy Anime Sprite Pack 7 - 2 Female Characters   | 20 Expressions  , 4 RPG Backgrounds",Unknown,https://tulune2204.itch.io/fantasy-anime-sprite-pack-7-2-female-characters-20-expressions-4-rpg-backgro
2026-09-02T01:07:52.281255,LowPoly Weapons Assets Pack,Unknown,https://rich46.itch.io/lowpoly-weapon-pack
2026-09-02T01:07:52.281255,Skeuomorphic Retro OS â Godot Theme,Unknown,https://galacticlake.itch.io/skeuomorphic-retro-os-godot-theme
2026-09-02T01:07:52.281255,Winter Atolls Pack - 3D Voxel Environment Kit MEGA Pack!,Unknown,https://emaceart.itch.io/epic-3d-winter-map-for-roblox-and-unity
2026-09-02T01:07:52.281255,Isometric assets 32x32 nature,Unknown,https://kostias.itch.io/isometric-assets-32x32-nature
2026-09-02T01:07:52.281255,"POLY - Mega Survival Tools (Unity, UE, Godot)",Unknown,https://animpicstudio.itch.io/poly-mega-survival-tools-unity-ue-godot
2026-09-02T01:07:52.281255,PSX Industrial Asset Pack vol. 1,Unknown,https://realduende.itch.io/psx-industrial
2026-09-02T01:07:52.281255,Stylized Vest Icon Pack,Unknown,https://kalponic-studio.itch.io/stylized-vest-icon-pack
2026-09-02T01:07:52.281255,Update 1 Forest Asset Pack December,Unknown,https://pixeline-k.itch.io/update-forest-asset-pack-december
2026-09-02T01:07:52.281255,Prototype Greybox Texture Pack,Unknown,https://stayathomedev.itch.io/prototype-greybox-texture-pack
2026-09-02T01:07:52.281255,Bottom of the Sea,Unknown,https://rapidpunches.itch.io/sea-bottom
2026-09-02T01:07:52.281255,"POLY - Houses (Unity, UE, Godot)",Unknown,https://animpicstudio.itch.io/poly-houses-unity-ue-godot
2026-09-02T01:07:52.281255,Godot-Ready Tilesets,Unknown,https://saltythegeek.itch.io/godot-ready-tilesets
2026-09-02T01:07:52.281255,Bubble Masters Assets (CC0),Unknown,https://verzatiledev.itch.io/bubble-masters-assets
2026-09-02T01:07:52.281255,"FREE Retro Pixel Art Asset Pack - Enemies, Battle Background and Music",Unknown,https://alternas24.itch.io/free-retro-pixel-art-asset-pack-enemies-battle-background-and-music
2026-09-02T01:07:54.686304,Projectile Effects,Unknown,https://inspiredsloth.itch.io/projectile-effects
2026-09-02T01:07:54.686304,Low Poly Melee Weapon Pack - Stylized Game Ready,Unknown,https://eluki.itch.io/low-poly-weapon-pack-stylized-game-ready
2026-09-02T01:07:54.686304,Obssidian Gothic Inventory & Equipment â Godot Ready RPG UI Expansion,Unknown,https://obssidian-art.itch.io/obssidian-gothic-inventory-equipment-godot-ready-rpg-ui-expansion
2026-09-02T01:07:54.686304,Cartoon VFX Essentials - Spritesheets,Unknown,https://cartooncoffee.itch.io/deluxe-spritesheets
2026-09-02T01:07:54.686304,Cupcakes Framework,Unknown,https://oplexitie.itch.io/cupcakes-framework
2026-09-02T01:07:54.686304,Dual Sword Animation V4 (UE/FBX),Unknown,https://gamedev-hero.itch.io/dual-sword-animation-v4-uefbx
2026-09-02T01:07:54.686304,Speech Balloons Example Project,Unknown,https://nathanhoad.itch.io/speech-balloons-godot-dialogue-example-project
2026-09-02T01:07:54.686304,Fantasy RPG Shields Pixel Art Pack â 2100 Files,Unknown,https://pixel-1992.itch.io/fantasy-rpg-shields-pixel-art-pack-2100-files
2026-09-02T01:07:54.686304,"POLY - Survival Vehicles Kit (Unity, UE, Godot)",Unknown,https://animpicstudio.itch.io/poly-survival-vehicles-kit-unity-ue-godot
2026-09-02T01:07:54.686304,Stylised Low Poly Modular Medieval House Pack,Unknown,https://jaybeelittlecreations.itch.io/modular-medieval-town-house
2026-09-02T01:07:54.686304,S13 INTERFACE 8 BITS,Unknown,https://s13games.itch.io/s13-interface-8-bits
2026-09-02T01:07:54.686304,Godot 3D Survival Game Template,Unknown,https://ldgamingexpress.itch.io/3d-survival-game-template
2026-09-02T01:07:54.686304,Two Handed Sword Animations V1 (UE/FBX),Unknown,https://gamedev-hero.itch.io/two-handed-sword-animations-v1-uefbx
2026-09-02T01:07:54.686304,5 PSX Houses Pack 2,Unknown,https://postdev.itch.io/5-psx-houses-pack-2
2026-09-02T01:07:54.686304,Godot 4: Water Asset,Unknown,https://creative-core-studio.itch.io/godot-4-water-asset
2026-09-02T01:07:54.686304,"Verdant 12 â Scarp Tileset for RPG Maker MZ, Tiled & Godot: 16x16 Elevation",Unknown,https://csaf.itch.io/verdant-12-scarp
2026-09-02T01:07:54.686304,11 Modular One Hand Swords,Unknown,https://icemaan.itch.io/11-modular-swords
2026-09-02T01:07:54.686304,Color wrangler for Godot,Unknown,https://ash-k.itch.io/color-wrangler-for-godot
2026-09-02T01:07:54.686304,World Masterpieces â 16px & 32px Pixel Wall Art for Game Interiors,Unknown,https://keespeed.itch.io/world-masterpieces-pixel-wall-art
2026-09-02T01:07:54.686304,HorrorScreenFX,Unknown,https://asago.itch.io/horrorscreenfx
2026-09-02T01:07:54.686304,Topdown Modern - Small Town,Unknown,https://widseylabs.itch.io/topdown-modern-small-town
2026-09-02T01:07:54.686304,A Bunch Of Street Lamps,Unknown,https://verzatiledev.itch.io/street-lamps
2026-09-02T01:07:54.686304,Platformer 2D Character Asset Pack,Unknown,https://sebbyspoons.itch.io/platformer-2d-character-asset-pack
2026-09-02T01:07:54.686304,Human Spellcasting Animations,Unknown,https://kevdev.itch.io/human-spellcasting-animations
2026-09-02T01:07:54.686304,VisuStella Cuisine: Blueberries,Unknown,https://visustella.itch.io/visustella-cuisine-blueberries
2026-09-02T01:07:54.686304,2D Wind & Smoke VFX - Spritesheets,Unknown,https://cartooncoffee.itch.io/wind-spritesheets
2026-09-02T01:07:54.686304,"Verdant 08 â Mire: Blackwater, Boardwalk & Bog [16x16]",Unknown,https://csaf.itch.io/verdant-08-mire
2026-09-02T01:07:54.686304,"POLY - Survival Melee Weapons (Unity, UE, Godot)",Unknown,https://animpicstudio.itch.io/poly-survival-melee-weapons-unity-ue-godot
2026-09-02T01:07:54.686304,Fantasy Terrain Materials | Cold Wilderness,Unknown,https://orcpoweredgames.itch.io/stylized-terrain-textures-vol-2
2026-09-02T01:07:54.686304,Side Scroller Undead Zombie Pixel Asset Pack,Unknown,https://assets2d.itch.io/side-scroller-undead-zombie-pixel-asset-pack
2026-09-02T01:07:54.686304,Pixel art weapons,Unknown,https://verzatiledev.itch.io/pixel-art-weapons
2026-09-02T01:07:54.686304,"Trio UI Kit FREE Sample â 70 SVG GUI Assets (Vector Buttons, Panels, Bars, Icons)",Unknown,https://moonpunchstudio.itch.io/trio-ui-kit-free
2026-09-02T01:07:54.686304,Steam Controller UI,Unknown,https://verzatiledev.itch.io/steam-controller-ui
2026-09-02T01:07:54.686304,PvsZ Voxel Art,Unknown,https://lunarygame.itch.io/pvsz-voxel-art
2026-09-02T01:07:54.686304,FREE SAMPLE: Dark Fantasy Dungeons (5K+),Unknown,https://p4u-games.itch.io/free-sample-dark-fantasy-dungeons-5k
2026-09-02T01:07:54.686304,SnakeWarrior,Unknown,https://downraindc3d.itch.io/snakewarrior
2026-09-02T01:07:57.055512,SHADER - Palette Swap (766 Update),Unknown,https://alberto-luviano.itch.io/shader-palette-swap
2026-09-02T01:07:57.055512,Cows - Pixel Art,Unknown,https://avosgrosimbourg.itch.io/cows-pixel-art
2026-09-02T01:07:57.055512,Voxel Casino - monogon,Unknown,https://maxparata.itch.io/voxelcasino
2026-09-02T01:07:57.055512,VOLTCORE VFX â 30 Procedural Energy Effects,Unknown,https://mikuji.itch.io/voltcore-vfx-30-procedural-energy-effects
2026-09-02T01:07:57.055512,Voxel Cars collection - monogon,Unknown,https://maxparata.itch.io/voxelcars
2026-09-02T01:07:57.055512,3D Platformer Menu Images (x3),Unknown,https://borncg.itch.io/3d-platformer-menu-images-x3
2026-09-02T01:07:57.055512,Cozy Medieval Church Interior â Pixel Art Assets,Unknown,https://mutterpixel-studio.itch.io/cozy-medieval-church-interior-pixel-art-assets
2026-09-02T01:07:57.055512,Gweebo's FPS template for GODOT 4.3,Unknown,https://gweebo.itch.io/gweebos-fps-template
2026-09-02T01:07:57.055512,Simple PSX House,Unknown,https://gabrielnjlc.itch.io/simple-psx-house
2026-09-02T01:07:57.055512,2D Pistols,Unknown,https://verzatiledev.itch.io/2d-pistols
2026-09-02T01:07:57.055512,Godot Character Creation Suite,Unknown,https://thowsenmedia.itch.io/godot-character-creation-suite
2026-09-02T01:07:57.055512,Fir Trees Textured Pack 3D Models FBX GLB,Unknown,https://venturon.itch.io/fir-trees-textured
2026-09-02T01:07:57.055512,1BIT ROGUELIKE,Unknown,https://dirty-joe-graphics.itch.io/2bit-roguelike
2026-09-02T01:07:57.055512,Modular Inventory System for Godot 4,Unknown,https://andreicl.itch.io/modular-inventory-system
2026-09-02T01:07:57.055512,Medieval Tools,Unknown,https://maximumdamage.itch.io/medieval-tools
2026-09-02T01:07:57.055512,BoxCam2D (Godot Grid Camera),Unknown,https://sarooptech.itch.io/boxcam2d
2026-09-02T01:07:57.055512,Godot Awesome Splash,Unknown,https://duongvituan.itch.io/godot-awesome-splash
2026-09-02T01:07:57.055512,3D Food Pack Low Poly,Unknown,https://lambdagamesofficial.itch.io/3d-food-pack
2026-09-02T01:07:57.055512,Texture Pack: Mix Pack 09,Unknown,https://juliovii.itch.io/mix-pack-09
2026-09-02T01:07:57.055512,Animated Knight Character,Unknown,https://mcsteeg.itch.io/psx-dungeon-animated-knight
2026-09-02T01:07:57.055512,"WWII Tank Pack â GLB Models (Panther, Sherman, IS-2, Panzer IV + destroyed props)",Unknown,https://metaworldos.itch.io/wwii-tank-pack-glb-models
2026-09-02T01:07:57.055512,"Level Builder - No-Code 3D Rooms, Buildings & Regions for Godot 4",Unknown,https://selodev.itch.io/level-builder-no-code-3d-level-generator-for-godot-4
2026-09-02T01:07:57.055512,Stylized Pack #2 | RPG | Assets Pack | Game Assets | variety of styles,Unknown,https://fx-express.itch.io/stylized-pack-2-rpg-assets-pack-game-assets
2026-09-02T01:07:57.055512,Godot Spatial Audio Player 3D,Unknown,https://danikakes.itch.io/godot-spatial-audio-player-3d
2026-09-02T01:07:57.055512,3D Platformer Sound Effects & Music,Unknown,https://borncg.itch.io/3d-platformer-sound-effects-music
2026-09-02T01:07:57.055512,Godot Forest Starter Scene,Unknown,https://hooray4brains.itch.io/godot-forest-starter-scene
2026-09-02T01:07:57.055512,Godot Beam VFX,Unknown,https://gameidea-studio.itch.io/godot-beam-vfx
2026-09-02T01:07:57.055512,"Fantasy Magical Books Pack (32Ã32 Pixel Art, 770+ Assets, Spellbook & Magic Icons)",Unknown,https://pixel-1992.itch.io/fantasy-magical-books-pack-3232-pixel-art-770-assets-spellbook-magic-icons
2026-09-02T01:07:57.055512,Voxel Megabuilding - monogon,Unknown,https://maxparata.itch.io/voxelmegabuilding
2026-09-02T01:07:57.055512,Godette Asset,Unknown,https://countouf.itch.io/godette-asset
2026-09-02T01:07:57.055512,5 Warms Mountains Backgrounds Assets - Pixelart / Pixel Art sprite Pack RPG,Unknown,https://captainskolot.itch.io/5-warms-mountains-backgrounds-assets-pixelart-pixel-art-sprite-pack-rpg
2026-09-02T01:07:57.055512,Godot 3.4 Base Game Template,Unknown,https://chafmere.itch.io/godot-base-game-template
2026-09-02T01:07:57.055512,SAKURA ECLIPSE 256Ã256 PREMIUM JAPANESE MOONLIGHT FANTASY CHARACTER COLLECTION,Unknown,https://sakpix.itch.io/sakura-eclipse-256256-premium-japanese-moonlight-fantasy-character-collection
2026-09-02T01:07:57.055512,Godot Addon - Jesus In Control,Unknown,https://nonunknown.itch.io/gajic
2026-09-02T01:07:57.055512,Game Asset Pack - Crops Collection ð½ð¾ðð¿,Unknown,https://saraspiegelberg.itch.io/game-asset-pack-crops-collection-1
2026-09-02T01:07:57.055512,2D SMGs,Unknown,https://verzatiledev.itch.io/2d-smgs
2026-09-02T01:07:59.392497,Adv - RPG Template Bow & Arrow controller,Unknown,https://gw-tuts.itch.io/adv-rpg-template-bow-arrow-controller
2026-09-02T01:07:59.392497,Retro CRT Computer (1990s Desktop PC),Unknown,https://crazydrpants.itch.io/retro-crt-computer
2026-09-02T01:07:59.392497,SlimeLab: Full-Color 3D Slime Asset Bundle,Unknown,https://fran-zerogame.itch.io/slimelab-full-color-3d-slime-asset-bundle
2026-09-02T01:07:59.392497,Retro Neon Backgrounds,Unknown,https://usirnamee.itch.io/animated-backgrounds
2026-09-02T01:07:59.392497,Nebulas in Godot,Unknown,https://ryanremer.itch.io/nebulas-in-godot
2026-09-02T01:07:59.392497,Low Poly Fantasy Forest,Unknown,https://justcreate3d.itch.io/low-poly-fantasy-forest
2026-09-02T01:07:59.392497,2D FX Essentials - Godot 4 Shader Pack,Unknown,https://dimensionalmios.itch.io/almios-2d-fx-essentials
2026-09-02T01:07:59.392497,Isometric Village Builder,Unknown,https://khaledpng.itch.io/isometric-village-builder
2026-09-02T01:07:59.392497,Pixel Art Bear Sprite Pack â Animated,Unknown,https://smallmak.itch.io/animated-bear-sprite-pack
2026-09-02T01:07:59.392497,Practice Dummy - Mr Watermelon,Unknown,https://shinobugaen.itch.io/pixel-abyss-watermelon-dummy
2026-09-02T01:07:59.392497,Magic moves/attacks for the DEVS,Unknown,https://tornadogames.itch.io/magic-sparksattacks-for-the-devs
2026-09-02T01:07:59.392497,Jumble Buddies â Physics-Based Multiplayer Game Template for Godot,Unknown,https://srt1ko.itch.io/physics-based-multiplayer-game-template-for-godot
2026-09-02T01:07:59.392497,Godot Engine 3D printing material,Unknown,https://qbieshay.itch.io/godot-engine-3d-printing-material
2026-09-02T01:07:59.392497,plenticons,Unknown,https://foxssake.itch.io/plenticons
2026-09-02T01:07:59.392497,Godot Grass Painter Tool,Unknown,https://gameidea-studio.itch.io/godot-grass-painter-tool
2026-09-02T01:07:59.392497,Materials Fabric 05,Unknown,https://juliovii.itch.io/materials-fabric-05
2026-09-02T01:07:59.392497,Recycling Bin,Unknown,https://yureino-kage.itch.io/recycling-bin
2026-09-02T01:07:59.392497,"POLY - New York City (Unity, UE, Godot)",Unknown,https://animpicstudio.itch.io/poly-new-york-city-unity-ue-godot
2026-09-02T01:07:59.392497,Retro Macintosh Icon & Symbol Pack,Unknown,https://dracco-0n.itch.io/retro-macintosh-icon-pack
2026-09-02T01:07:59.392497,Candy Bejewel Blocks,Unknown,https://verzatiledev.itch.io/candy-bejewel-blocks
2026-09-02T01:07:59.392497,Accelerometer Demo [Godot],Unknown,https://pedrovmvictor.itch.io/accelerometerdemogodot
2026-09-02T01:07:59.392497,Ultimate City & Nature Tileset - RPG Asset Pack (32x32),Unknown,https://khaledpng.itch.io/ultimate-city-nature-tileset-rpg-asset-pack-32x32
2026-09-02T01:07:59.392497,Godot Logo Wink Pixel Animation,Unknown,https://furtivemole.itch.io/godot-pixel-animation
2026-09-02T01:07:59.392497,Screw puzzle game 3D asset pack,Unknown,https://zappypixel.itch.io/screw-puzzle-game-3d-asset-pack
2026-09-02T01:07:59.392497,Omie's Assets - Office Set,Unknown,https://omies-assets.itch.io/omies-assets-office-set
2026-09-02T01:07:59.392497,Godot FPS template [FREE & open-source],Unknown,https://bukkbeek.itch.io/godot-fps-template
2026-09-02T01:07:59.392497,PSX Dungeon Loot Pack,Unknown,https://mcsteeg.itch.io/psx-dungeon-treasure-props-pack
2026-09-02T01:07:59.392497,Stylized Low Poly Rocks Pack,Unknown,https://imersastudios.itch.io/stylized-low-poly-rocks-pack
2026-09-02T01:07:59.392497,Animated Pixel Art Godot Logo,Unknown,https://dizeoakamatsu.itch.io/pixel-godot-logo
2026-09-02T01:07:59.392497,GTI Asset Pack,Unknown,https://pywon.itch.io/asset-pack
2026-09-02T01:07:59.392497,Forest Ruins,Unknown,https://bukkbeek.itch.io/forest-ruins
2026-09-02T01:07:59.392497,Elemental Impact VFX - Lite - Free Fireball for Godot 4,Unknown,https://selodev.itch.io/elemental-impact-vfx-lite-free-fireball-for-godot-4
2026-09-02T01:07:59.392497,"POLY - Farm (Unity, UE, Godot)",Unknown,https://animpicstudio.itch.io/poly-farm-unity-ue-godot
2026-09-02T01:07:59.392497,Isometric Dual Grid System Template,Unknown,https://hibiki-and-leijin.itch.io/isometric-dual-grid-system-template
2026-09-02T01:07:59.392497,5 PSX Houses Pack,Unknown,https://postdev.itch.io/5-psx-houses-pack
2026-09-02T01:07:59.392497,RPG Fantasy Pixel Art â Coins & Currency Pack (840+ Files | 7 Tiers + Unique Designs) ð°,Unknown,https://pixel-1992.itch.io/rpg-fantasy-pixel-art-coins-currency-pack-840-files-7-tiers-unique-designs
2026-09-02T01:08:01.789647,"2D platformer mushroom sprite , animations",Unknown,https://hassoun.itch.io/mushroom-sprite
2026-09-02T01:08:01.789647,MadNun,Unknown,https://downraindc3d.itch.io/madnun
2026-09-02T01:08:01.789647,Status Effects,Unknown,https://inspiredsloth.itch.io/status-effects-godot
2026-09-02T01:08:01.789647,Low Poly Buildings Package,Unknown,https://awbmegames0.itch.io/low-poly-buildings-package
2026-09-02T01:08:01.789647,Simple Themed Visual Novel UI Packï½ç°¡æè¦è¦ºå°èªªUIå,Unknown,https://aaasaltedfish.itch.io/simplevnuipack
2026-09-02T01:08:01.789647,Godot: Rain Drop Shader,Unknown,https://creative-core-studio.itch.io/godot-rain-drop-shader
2026-09-02T01:08:01.789647,Wood Steps,Unknown,https://evgenidoudar.itch.io/wood-steps
2026-09-02T01:08:01.789647,Vaho â Ghost Distortion Shader,Unknown,https://annie-isthar.itch.io/vaho-ghost-distortion-shader
2026-09-02T01:08:01.789647,Free Grimm Reaper 3D model,Unknown,https://413games.itch.io/free-grimm-reaper-3d-model
2026-09-02T01:08:01.789647,Urban n' Streets,Unknown,https://hakanbacon.itch.io/urban-n-streets
2026-09-02T01:08:01.789647,Shader-pack|godot,Unknown,https://phonix-cool.itch.io/shader-pack
2026-09-02T01:08:01.789647,Godot 3D Flamethrowers,Unknown,https://gameidea-studio.itch.io/godot-3d-flamethrowers
2026-09-02T01:08:01.789647,Godot 4.6 Game Jam Template,Unknown,https://infinite8bit-studios.itch.io/godot-46-gamejam-template
2026-09-02T01:08:01.789647,Sundalaya,Unknown,https://nukueza.itch.io/sundalaya
2026-09-02T01:08:01.789647,3D Modular Low Poly Assets Pack,Unknown,https://deracro.itch.io/3d-modular-low-poly-assets-pack
2026-09-02T01:08:01.789647,Match Up for Godot,Unknown,https://noblewhalestudios.itch.io/match-up-for-godot
2026-09-02T01:08:01.789647,VisuStella Armory:  Battle Mallet,Unknown,https://visustella.itch.io/visustella-armory-battle-mallet
2026-09-02T01:08:01.789647,UNIVERSAL INTERACTIVE PROPS â FREE 7 STARTER PACK,Unknown,https://obssidian-art.itch.io/universal-interactive-props-free-7
2026-09-02T01:08:01.789647,Calendar Time â Game Calendar & Day/Night Plugin for Godot 4,Unknown,https://chris-tutorials.itch.io/calendar-time-godot
2026-09-02T01:08:01.789647,VisuStella Armory: Little Hammer Hero,Unknown,https://visustella.itch.io/visustella-armory-little-hammer-hero
2026-09-02T01:08:01.789647,2D Character Prototype Asset Pack,Unknown,https://goblinnoblin.itch.io/2d-character-prototype-asset-pack
2026-09-02T01:08:01.789647,Low Poly RPG Fantasy Weapons,Unknown,https://justcreate3d.itch.io/low-poly-rpg-fantasy-weapons
2026-09-02T01:08:01.789647,Godot UI Template,Unknown,https://orangeslug.itch.io/godot-ui
2026-09-02T01:08:01.789647,Dark Fantasy Pixel Art World â DEMO (Tiles & Props,Unknown,https://marcomyly.itch.io/dark-fantasy-pixel-art-world-demo-tiles-props
2026-09-02T01:08:01.789647,Low Poly Bedroom Asset Pack,Unknown,https://kyle-fuji.itch.io/low-poly-bedroom-asset-pack
2026-09-02T01:08:01.789647,Low Poly Kitchen Assets Pack,Unknown,https://mihai-man75.itch.io/low-poly-kitchen-assets-pack
2026-09-02T01:08:01.789647,Pixelart / Pixilart Hexagonal Tileset - Free for Commercial Use,Unknown,https://scrython.itch.io/hexagonal-tileset
2026-09-02T01:08:01.789647,Beeper 3d Model (Free),Unknown,https://endthegame.itch.io/beeper-3d-model
2026-09-02T01:08:01.789647,PS1/PSX Carnivorous Plant | Animated,Unknown,https://cursedlake.itch.io/ps1psx-carnivorous-plant-animated
2026-09-02T01:08:01.789647,Arcade Interface Sounds,Unknown,https://evgenidoudar.itch.io/arcade-interface-sounds
2026-09-02T01:08:01.789647,Modern Macro - 25x25 Cute Pixel Font,Unknown,https://v3x3d.itch.io/modern-macro
2026-09-02T01:08:01.789647,Redot Engine [ Unofficial ] Logo Animation,Unknown,https://yanna3river.itch.io/redot-engine-logo-animation-unofficial
2026-09-02T01:08:01.789647,TombSpider,Unknown,https://downraindc3d.itch.io/tombspider
2026-09-02T01:08:01.789647,ImpactForge FX â Hit Impact FX,Unknown,https://impactforce-fx.itch.io/hit-fx
2026-09-02T01:08:01.789647,Godot Sky Shader,Unknown,https://gameidea-studio.itch.io/godot-sky-shader
2026-09-02T01:08:01.789647,2D Sword Slash VFX - Spritesheets,Unknown,https://cartooncoffee.itch.io/sword-spritesheets
2026-09-02T01:08:04.117617,Medieval Pixel Art â Full Game Asset Pack,Unknown,https://rebabi.itch.io/medieval-full
2026-09-02T01:08:04.117617,Low Poly Mega Bundle,Unknown,https://justcreate3d.itch.io/low-poly-mega-bundle
2026-09-02T01:08:04.117617,2D Pixel Art Masked Forest Spirit Sprites,Unknown,https://elthen.itch.io/2d-pixel-art-masked-forest-spirit-sprites
2026-09-02T01:08:04.117617,"POLY - Mega Survival Medical Kit (Unity, UE, Godot)",Unknown,https://animpicstudio.itch.io/poly-mega-survival-medical-kit-unity-ue-godot
2026-09-02T01:08:04.117617,Moon Palace Courtyard 32px Pixel Asset Pack,Unknown,https://ratevoid.itch.io/moon-palace-courtyard-32px
2026-09-02T01:08:04.117617,Camposanto,Unknown,https://kokambar.itch.io/camposanto
2026-09-02T01:08:04.117617,Retro 16 bit Pokemon Like Tileset,Unknown,https://aarya-yt.itch.io/retro-16-bit-pokemon-like-tileset
2026-09-02T01:08:04.117617,Godot 2D Dash & Air Dash,Unknown,https://ludonauta.itch.io/directional-burst-movement
2026-09-02T01:08:04.117617,PS1 | PSX Creepy Doll | Animated | FREE,Unknown,https://cursedlake.itch.io/ps1-psx-creepy-doll-animated
2026-09-02T01:08:04.117617,500 Pixel Art Effects,Unknown,https://icemaan.itch.io/500-rpg-vfx
2026-09-02T01:08:04.117617,Dual Sword Animations V3 (Ureal Engine/FBX),Unknown,https://gamedev-hero.itch.io/dual-sword-animations-v3-ureal-enginefbx
2026-09-02T01:08:04.117617,Conveyor Belt Sushi Restaurant â Low Poly 3D Asset Pack,Unknown,https://yumeforge.itch.io/conveyor-belt-sushi
2026-09-02T01:08:04.117617,"1000+ Pixel Horror Game Assets Bundle â UI, Props, SFX, Backgrounds & Overlays",Unknown,https://obscuravox.itch.io/1000-pixel-horror-game-assets-bundle-ui-props-sfx-backgrounds-overlays
2026-09-02T01:08:04.117617,Stylized Office Props - 20 Game-Ready Models,Unknown,https://writingdeveloper.itch.io/stylized-office-props
2026-09-02T01:08:04.117617,3D Hover Canvasitem Shader Godot,Unknown,https://knowercoder.itch.io/3d-hover-shader-godot
2026-09-02T01:08:04.117617,Low Poly Planets Pack,Unknown,https://eldamarstudio.itch.io/low-poly-planets-pack
2026-09-02T01:08:04.117617,Godot Rainy Weather Shader Pack,Unknown,https://gameidea-studio.itch.io/godot-rainy-weather-shader-pack
2026-09-02T01:08:04.117617,"POLY - Military Shooting Range (Unity, UE, Godot)",Unknown,https://animpicstudio.itch.io/poly-military-shooting-range-unity-ue-godot
2026-09-02T01:08:04.117617,StickerStyle Basic Pack,Unknown,https://alfish.itch.io/stickerstyle-basic-pack
2026-09-02T01:08:04.117617,"POLY - Wild West (Unity, UE, Godot)",Unknown,https://animpicstudio.itch.io/poly-wild-west-unity-ue-godot
2026-09-02T01:08:04.117617,keybind menu - godot 4.4 project,Unknown,https://joncrow.itch.io/keybind-menu-godot-44-project
2026-09-02T01:08:04.117617,Move and Dodge 3d Game Assets,Unknown,https://visualcodinghub.itch.io/move-and-dodge-3d-game-asset-pack
2026-09-02T01:08:04.117617,Simple Dungeon Assets Pack(32x32),Unknown,https://guawoo.itch.io/simple-dungeon-assets-pack
2026-09-02T01:08:04.117617,Asian Garden Birds || Pixel Asset Pack,Unknown,https://pop-shop-packs.itch.io/asian-garden-birds-pixel-asset-pack
2026-09-02T01:08:04.117617,Truck-Chan â PSX Style Japanese Kei Truck,Unknown,https://donmir.itch.io/truck-chan-psx-style-japanese-kei-truck
2026-09-02T01:08:04.117617,Magic Cast VFX Lite - Free Rune Circle for Godot 4,Unknown,https://selodev.itch.io/magic-cast-vfx-lite-free-rune-circle-for-godot-4
2026-09-02T01:08:04.117617,Godot icon,Unknown,https://alexrequiemd.itch.io/godot-icon
2026-09-02T01:08:04.117617,Pixel Assets Unity & GoDot,Unknown,https://reblox1.itch.io/pixel-assets
2026-09-02T01:08:04.117617,PS1 | PSX Glowing Mushrooms Pack,Unknown,https://cursedlake.itch.io/ps1-psx-glowing-mushrooms-pack
2026-09-02T01:08:04.117617,Simple Low-Poly City Car,Unknown,https://vyurt.itch.io/simple-low-poly-city-car
2026-09-02T01:08:04.117617,Top-down Tileset 48x48 - Royal Gardens,Unknown,https://stesproject.itch.io/top-down-tileset-48x48-royal-gardens
2026-09-02T01:08:04.117617,Simple Farming Asset Pack,Unknown,https://pamvro.itch.io/simple-farming-asset-pack
2026-09-02T01:08:04.117617,Dummy 2D Pixel art Mob,Unknown,https://luke1z.itch.io/dummy
2026-09-02T01:08:04.117617,Scarecrow  2D Pixel art Mob,Unknown,https://luke1z.itch.io/scarecrow-mon
2026-09-02T01:08:04.117617,NATURE PACK [CARTOON],Unknown,https://aethercode.itch.io/ts-cartoon-nature-pack
2026-09-02T01:08:04.117617,Godot Jet Engine Thruster Shader,Unknown,https://gameidea-studio.itch.io/godot-jet-engine-thruster-shader
2026-09-02T01:08:06.523681,Retro Quest - Music Pack,Unknown,https://cazwolf.itch.io/retro-quest
2026-09-02T01:08:06.523681,Xbox PixelArt Controller,Unknown,https://svor.itch.io/svor-xbox-pixel-controller
2026-09-02T01:08:06.523681,[FREE] Dream Pixel: Basic Exterior Pack 16Ã16 RPG Tileset | Top-Down | RPG Maker MV/MZ | Godot | Unity,Unknown,https://eminaraki.itch.io/dream-pixel-basic-exterior-pack
2026-09-02T01:08:06.523681,Low Poly FPS Weapons Pack,Unknown,https://imersastudios.itch.io/low-poly-fps-weapons-pack
2026-09-02T01:08:06.523681,Insect Enemy Pack V.1,Unknown,https://sack-pixel.itch.io/pack-enemies-v1
2026-09-02T01:08:06.523681,PSOne Style â Male Character 01,Unknown,https://manneko.itch.io/psone-style-man-01
2026-09-02T01:08:06.523681,Procedural Legs Animator For Godot,Unknown,https://frostpunchgames.itch.io/procedural-legs-animator-for-godot
2026-09-02T01:08:06.523681,Stool,Unknown,https://maximumdamage.itch.io/stool
2026-09-02T01:08:06.523681,Hero's Revenge - Music Pack,Unknown,https://cazwolf.itch.io/heros-revenge
2026-09-02T01:08:06.523681,Glorysaur,Unknown,https://nachobh.itch.io/glorysaur
2026-09-02T01:08:06.523681,PSOne Style- Action Heroine - Animated,Unknown,https://manneko.itch.io/psone-act-heroine
2026-09-02T01:08:06.523681,VisuStella Atelier: Potions and Tonics Vol.08,Unknown,https://visustella.itch.io/visustella-atelier-potions-and-tonics-vol08
2026-09-02T01:08:06.523681,Low Poly FPS Weapons Pack 3D Shooter Asset,Unknown,https://justcreate3d.itch.io/low-poly-fps-weapons-pack-3d-shooter-asset
2026-09-02T01:08:06.523681,RPG Template Bow & Arrow controller,Unknown,https://gw-tuts.itch.io/rpg-template-bow-controller
2026-09-02T01:08:06.523681,Low Poly Sci-Fi Planet Base,Unknown,https://justcreate3d.itch.io/low-poly-sci-fi-planet-base
2026-09-02T01:08:06.523681,Tyler The Creator 3d Model,Unknown,https://nilefox717.itch.io/tyler-the-creator-3d-model
2026-09-02T01:08:06.523681,Retro Tech Icon Pack,Unknown,https://crumbusmcfungus.itch.io/retro-tech-icon-pack
2026-09-02T01:08:06.523681,PSX Retro Nature Pack â Trees & Rocks,Unknown,https://pablopfa.itch.io/psx-retro-nature-pack-trees-rocks
2026-09-02T01:08:06.523681,"Item Vault â Inventory, Loot & Item System for Godot 4",Unknown,https://chris-tutorials.itch.io/item-vault-godot
2026-09-02T01:08:06.523681,Fantasy Terrain Materials | Mountain & Alpine,Unknown,https://orcpoweredgames.itch.io/fantasy-terrain-materials-mountain-alpine
2026-09-02T01:08:06.523681,Living and Dead Trees Vol. 1,Unknown,https://toryiuson.itch.io/trees-vol-1
2026-09-02T01:08:06.523681,PSX Blood Wraith,Unknown,https://retro-spud.itch.io/psx-blood-wraith
2026-09-02T01:08:06.523681,Pixelkiln UI Forge â FREE Godot-Ready Pixel GUI Sample,Unknown,https://z3er1n.itch.io/ui-forge-free-sample
2026-09-02T01:08:06.523681,Cute Props Kit,Unknown,https://dragongamesstudio.itch.io/cute-props-kit
2026-09-02T01:08:06.523681,One Handed Sword Animation V4 (Unreal/FBX),Unknown,https://gamedev-hero.itch.io/onehanded-sword-animation-v4-unrealfbx
2026-09-02T01:08:06.523681,"Verdant 09 â Town Tileset for RPGs: Street, Market, Housefronts & Gardens [16x16]",Unknown,https://csaf.itch.io/verdant-09-town
2026-09-02T01:08:06.523681,Godot Theme: Sci-fi,Unknown,https://intergenic.itch.io/godot-theme-sci-fi
2026-09-02T01:08:06.523681,Low Poly Farm Pack,Unknown,https://justcreate3d.itch.io/low-poly-farm-pack
2026-09-02T01:08:06.523681,VisuStella Armory: Profiteering Alchemist,Unknown,https://visustella.itch.io/visustella-armory-profiteering-alchemist
2026-09-02T01:08:06.523681,BearBard's Burgers,Unknown,https://bearbard.itch.io/bearbards-burgers
2026-09-02T01:08:06.523681,S13 Vector Dungeon Pack,Unknown,https://s13games.itch.io/s13-vector-dungeon-pack
2026-09-02T01:08:06.523681,VisuStella Armory: Bag and Butler,Unknown,https://visustella.itch.io/visustella-armory-bag-and-butler
2026-09-02T01:08:06.523681,LOWPO: Low Poly Mercenary Company - 3D RPG Characters & Weapons,Unknown,https://standout7.itch.io/lowpo-mercenary
2026-09-02T01:08:06.523681,"Verdant HD 01 â Highland Tileset for RPGs: Meadow, Scarp, Crag & Tarn [32x32]",Unknown,https://csaf.itch.io/verdant-hd-01-highland
2026-09-02T01:08:06.523681,Low Poly Rigged Cute Monsters  ( 3D Game Asset ),Unknown,https://molotov-kittens.itch.io/low-poly-cute-monsters-rigged
2026-09-02T01:08:06.523681,VisuStella Atelier: Potions and Tonics Vol.07,Unknown,https://visustella.itch.io/visustella-atelier-potions-and-tonics-vol07
2026-09-02T01:08:08.887376,The Bots Series - Small and Medium Blue Chest,Unknown,https://mybad-7.itch.io/the-bots-series-small-and-medium-blue-chest
2026-09-02T01:08:08.887376,Lucky Block 3D Animated character,Unknown,https://kag3d-shop.itch.io/lucky-block-3d-animated
2026-09-02T01:08:08.887376,Dialogue - No-Code Branching Dialogue for Godot 4,Unknown,https://selodev.itch.io/dialogue-no-code-branching-dialogue-for-godot-4
2026-09-02T01:08:08.887376,FREE Redot Engine alternate logo/icons/splash,Unknown,https://shaolindave.itch.io/redot-engine-alternate-logoiconssplash
2026-09-02T01:08:08.887376,50 RPG Magic & Spell Icons - 32x32,Unknown,https://antahonist.itch.io/50-rpg-magic-spell-icons-32x32
2026-09-02T01:08:08.887376,Godot Muzzle Flash VFX,Unknown,https://gameidea-studio.itch.io/godot-muzzle-flash-vfx
2026-09-02T01:08:08.887376,Free Mini Nature Tileset (32x32),Unknown,https://vitalyez.itch.io/free-mini-nature-tileset-32x32
2026-09-02T01:08:08.887376,Low Poly Pack - A Rigged Character Base,Unknown,https://rpatterson-smokeworks.itch.io/low-poly-character-pack
2026-09-02T01:08:08.887376,Dungeon Rooms Low Poly Pack,Unknown,https://imersastudios.itch.io/dungeon-rooms-low-poly-pack
2026-09-02T01:08:08.887376,Seasons of Forest Animal Pack - Top Down [16x16],Unknown,https://inkbubi.itch.io/seasons-of-forest-animal-pack
2026-09-02T01:08:08.887376,Cozy Coffee Shop â Pixel Art Assets,Unknown,https://mutterpixel-studio.itch.io/cozy-coffee-shop-pixel-art-assets
2026-09-02T01:08:08.887376,"Modular Blueprint Kit - Low Poly 3D Environment Assets (FBX, GLTF)",Unknown,https://tuily.itch.io/modular-blueprint-kit
2026-09-02T01:08:08.887376,Retro Shaders Pro for Godot,Unknown,https://danielilett.itch.io/retro-shaders-pro-for-godot
2026-09-02T01:08:08.887376,Retro Van,Unknown,https://crazydrpants.itch.io/retro-van
2026-09-02T01:08:08.887376,"Fantasy RPG UI Kit â Inventory, HUD, Buttons & 9-Slice | Godot + Unity",Unknown,https://marcomyly.itch.io/hearthwood-rpg-ui-kit
2026-09-02T01:08:08.887376,Godot Shader Pack,Unknown,https://zyynx-hub.itch.io/godot-cinematic-shader-pack
2026-09-02T01:08:08.887376,Transformation shader (Godot 4),Unknown,https://azerumaker.itch.io/transformation-shader
2026-09-02T01:08:08.887376,Stylized School Props - 20 Game-Ready Models,Unknown,https://writingdeveloper.itch.io/stylized-school-props
2026-09-02T01:08:08.887376,Low Poly Forest Trees Asset Pack,Unknown,https://dglopez.itch.io/low-poly-forest-asset-pack
2026-09-02T01:08:08.887376,FREE Necropoly: Halloween Candle & Pumpkin Pack â FREE,Unknown,https://emaceart.itch.io/necropoly-halloween-candles-pumpkins-free
2026-09-02T01:08:08.887376,Godot Fire VFX,Unknown,https://gameidea-studio.itch.io/godot-fire-vfx
2026-09-02T01:08:08.887376,Low-Poly Barrels,Unknown,https://pentoxel-studio.itch.io/low-poly-barrles
2026-09-02T01:08:08.887376,goku 3d animated,Unknown,https://estudiomasluz.itch.io/goku-3d-animated
2026-09-02T01:08:08.887376,Low Poly Skeleton: Rigged & Game Ready,Unknown,https://fran-zerogame.itch.io/low-poly-skeleton-rigged-game-ready
2026-09-02T01:08:08.887376,Dwarf Character Dummy,Unknown,https://kevdev.itch.io/dwarf-character-dummy
2026-09-02T01:08:08.887376,Gradient Express â 20 Free UV Atlas Textures,Unknown,https://bouiboui.itch.io/gradient-express-free-uv-atlas-textures
2026-09-02T01:08:08.887376,Scene Manager + Main Menu Template,Unknown,https://lemony-the-game-developer.itch.io/scene-manager-main-menu
2026-09-02T01:08:08.887376,the eye asset pack by JWK,Unknown,https://jack-wester-key.itch.io/the-eye-assest-pack-by-jwk
2026-09-02T01:08:08.887376,Godot 3D Action Top-Down Camera with lookahead,Unknown,https://gemforgegames.itch.io/godot-3d-action-camera
2026-09-02T01:08:08.887376,Shipday Settings Starter â Free Godot 4 UI,Unknown,https://jetaroon.itch.io/shipday-settings-starter
2026-09-02T01:08:08.887376,Three-state Bars,Unknown,https://iceball.itch.io/three-state-bars
2026-09-02T01:08:08.887376,2D Fire VFX - Spritesheets,Unknown,https://cartooncoffee.itch.io/fire-spritesheets
2026-09-02T01:08:08.887376,PSX Horror Dolls,Unknown,https://retro-spud.itch.io/psx-horror-dolls
2026-09-02T01:08:08.887376,Mushroom - ASSETS,Unknown,https://lunarygame.itch.io/mushroom-assets
2026-09-02T01:08:08.887376,Godot 4.3 FPS Basic Template,Unknown,https://ldgamingexpress.itch.io/godot-43-fps-basic-template
2026-09-02T01:08:08.887376,PSX Assets - Modular brutalism blocks,Unknown,https://rbgr.itch.io/modular-brutalism-blocks
2026-09-02T02:07:37.691817,Universal Animation Library,Unknown,https://quaternius.itch.io/universal-animation-library
2026-09-02T02:07:37.691817,Modern Exteriors - RPG Tileset [16X16],Unknown,https://limezu.itch.io/modernexteriors
2026-09-02T02:07:37.691817,Universal Animation Library 2,Unknown,https://quaternius.itch.io/universal-animation-library-2
2026-09-02T02:07:37.691817,KayKit - Character Pack : Adventurers,Unknown,https://kaylousberg.itch.io/kaykit-adventurers
2026-09-02T02:07:37.691817,Stylized Nature MegaKit,Unknown,https://quaternius.itch.io/stylized-nature-megakit
2026-09-02T02:07:37.691817,Medieval Village MegaKit,Unknown,https://quaternius.itch.io/medieval-village-megakit
2026-09-02T02:07:37.691817,Universal Base Characters,Unknown,https://quaternius.itch.io/universal-base-characters
2026-09-02T02:07:37.691817,Modern Farm - RPG Tileset [16X16],Unknown,https://limezu.itch.io/modernfarm
2026-09-02T02:07:37.691817,KayKit - Character Pack : Skeletons,Unknown,https://kaylousberg.itch.io/kaykit-skeletons
2026-09-02T02:07:37.691817,Pixel Planet Generator,Unknown,https://deep-fold.itch.io/pixel-planet-generator
2026-09-02T02:07:37.691817,KayKit - Dungeon Pack,Unknown,https://kaylousberg.itch.io/kaykit-dungeon-pack
2026-09-02T02:07:37.691817,Modular Character Outfits - Fantasy,Unknown,https://quaternius.itch.io/modular-character-outfits-fantasy
2026-09-02T02:07:37.691817,Winlu Fantasy Tileset - Exterior,Unknown,https://winlu.itch.io/winlu-fantasy-tileset-exterior
2026-09-02T02:07:37.691817,Bestiary - Dungeon Monsters Kit,Unknown,https://quaternius.itch.io/bestiary-dungeon-monsters-kit
2026-09-02T02:07:37.691817,KayKit : Furniture Bits,Unknown,https://kaylousberg.itch.io/furniture-bits
2026-09-02T02:07:37.691817,Fantasy Props MegaKit,Unknown,https://quaternius.itch.io/fantasy-props-megakit
2026-09-02T02:07:37.691817,Godot VFX & Effects collection,Unknown,https://bukkbeek.itch.io/effectblocks
2026-09-02T02:07:37.691817,Industrial Tileset,Unknown,https://atomicrealm.itch.io/industrial-tileset
2026-09-02T02:07:37.691817,Characters PSX,Unknown,https://elbolilloduro.itch.io/characters-psx
2026-09-02T02:07:37.691817,KayKit : Prototype Bits,Unknown,https://kaylousberg.itch.io/prototype-bits
2026-09-02T02:07:37.691817,Godot Skies,Unknown,https://binbun3d.itch.io/godot-skies
2026-09-02T02:07:37.691817,Voxel Robot assets for free,Unknown,https://maxparata.itch.io/voxel-mechas
2026-09-02T02:07:37.691817,Godot Effects Collection Vol. 1,Unknown,https://binbun3d.itch.io/effects-collection-vol1
2026-09-02T02:07:37.691817,Modular Sci-Fi MegaKit,Unknown,https://quaternius.itch.io/modular-sci-fi-megakit
2026-09-02T02:07:37.691817,Free 3D Modular Low Poly Assets For Prototyping,Unknown,https://rgsdev.itch.io/free-3d-modular-low-poly-assets-for-prototyping-by-rgsdev
2026-09-02T02:07:37.691817,La petite tile - Maps,Unknown,https://studio-garrigue.itch.io/la-petite-tile-maps
2026-09-02T02:07:37.691817,KayKit : Halloween Bits,Unknown,https://kaylousberg.itch.io/halloween-bits
2026-09-02T02:07:37.691817,Downtown City MegaKit,Unknown,https://quaternius.itch.io/downtown-city-megakit
2026-09-02T02:07:37.691817,Sci-Fi Essentials Kit,Unknown,https://quaternius.itch.io/sci-fi-essentials-kit
2026-09-02T02:07:37.691817,Godot Ultimate Toon Shader,Unknown,https://binbun3d.itch.io/godot-ultimate-toon-shader
2026-09-02T02:07:37.691817,KayKit : City Builder Bits,Unknown,https://kaylousberg.itch.io/city-builder-bits
2026-09-02T02:07:37.691817,KayKit : Space Base Bits,Unknown,https://kaylousberg.itch.io/space-base-bits
2026-09-02T02:07:37.691817,Voxel environment assets : Desert town,Unknown,https://maxparata.itch.io/voxel-desert-town
2026-09-02T02:07:37.691817,Metroidvania Forge,Unknown,https://michaelgames.itch.io/metroidvania-forge
2026-09-02T02:07:37.691817,Mini Dungeon Tileset,Unknown,https://atomicrealm.itch.io/mini-dungeon-tileset
2026-09-02T02:07:37.691817,KayKit - Character Pack : Mystery Monthly Series 6,Unknown,https://kaylousberg.itch.io/kaykit-series-6
2026-09-02T02:07:39.957627,Post-Apocalyptic World,Unknown,https://atomicrealm.itch.io/post-apocalyptic-world
2026-09-02T02:07:39.957627,Isometric Dungeon Crawler - monogon,Unknown,https://maxparata.itch.io/monogon-isometricdungeon
2026-09-02T02:07:39.957627,[BGM] Ambiences Music Pack,Unknown,https://jdsherbert.itch.io/ambiences-music-pack
2026-09-02T02:07:39.957627,KayKit : Restaurant Bits,Unknown,https://kaylousberg.itch.io/restaurant-bits
2026-09-02T02:07:39.957627,Voxel Cyberpunk City - monogon,Unknown,https://maxparata.itch.io/cyberpunkcity-monogon
2026-09-02T02:07:39.957627,Retro PSX Nature Pack,Unknown,https://elegantcrow.itch.io/retro-psx-nature-pack
2026-09-02T02:07:39.957627,Voxel Dungeon Crawler - monogon,Unknown,https://maxparata.itch.io/monogon-dungeon
2026-09-02T02:07:39.957627,Voxel Environment : Counrty Side,Unknown,https://maxparata.itch.io/counrty-side
2026-09-02T02:07:39.957627,10+ Voxel Spaceships assets for free,Unknown,https://maxparata.itch.io/voxel-spaceships
2026-09-02T02:07:39.957627,Godot Modular Transitions,Unknown,https://binbun3d.itch.io/godot-modular-transitions
2026-09-02T02:07:39.957627,Voxel Nature Pack : Rocky Mountains,Unknown,https://maxparata.itch.io/rocky-mountains
2026-09-02T02:07:39.957627,Sewers,Unknown,https://elbolilloduro.itch.io/sewers
2026-09-02T02:07:39.957627,Isometric Zombie Apocalypse - monogon,Unknown,https://maxparata.itch.io/isometriczombieapocalypse-monogon
2026-09-02T02:07:39.957627,Pixel Space Background Generator,Unknown,https://deep-fold.itch.io/space-background-generator
2026-09-02T02:07:39.957627,Mine Tileset,Unknown,https://atomicrealm.itch.io/mine-tileset
2026-09-02T02:07:39.957627,KayKit - Character Pack : Mystery Monthly Series 5,Unknown,https://kaylousberg.itch.io/kaykit-series-5
2026-09-02T02:07:39.957627,Voxel Space Colony - monogon,Unknown,https://maxparata.itch.io/voxelspacecolony
2026-09-02T02:07:39.957627,Voxel Plane assets,Unknown,https://maxparata.itch.io/voxel-plane
2026-09-02T02:07:39.957627,Modular Roads,Unknown,https://atomicrealm.itch.io/modular-roads
2026-09-02T02:07:39.957627,Voxel Medieval Town - monogon,Unknown,https://maxparata.itch.io/medievaltown-monogon
2026-09-02T02:07:39.957627,Abandoned House,Unknown,https://elbolilloduro.itch.io/abandoned-house
2026-09-02T02:07:39.957627,Metro,Unknown,https://elbolilloduro.itch.io/metro
2026-09-02T02:07:39.957627,Voxel Dark Souls Gothic - monogon,Unknown,https://maxparata.itch.io/darksoulsgothic-monogon
2026-09-02T02:07:39.957627,Free Essential Animation pack - monogon,Unknown,https://maxparata.itch.io/cc0-animations
2026-09-02T02:07:39.957627,Guns Asset Pack,Unknown,https://styloo.itch.io/guns-asset-pack
2026-09-02T02:07:39.957627,Voxel Pirates and Ships - monogon,Unknown,https://maxparata.itch.io/voxelpirates-monogon
2026-09-02T02:07:39.957627,Godot Pixel Nature,Unknown,https://bukkbeek.itch.io/godot-pixel-nature
2026-09-02T02:07:39.957627,Godot Compositor Effect pack,Unknown,https://oddpotatodev.itch.io/godot-compositor-effect-pack
2026-09-02T02:07:39.957627,(Legacy) KayKit - Mini Game Variety Pack,Unknown,https://kaylousberg.itch.io/kay-kit-mini-game-variety-pack
2026-09-02T02:07:39.957627,Free Modular 3D hospital environment,Unknown,https://madduck.itch.io/modular-3d-hospital-environment
2026-09-02T02:07:39.957627,Retro Psx Street Furniture,Unknown,https://kkryy.itch.io/streetfurniture
2026-09-02T02:07:39.957627,Top Down Pixel Art Horror,Unknown,https://kamisama887.itch.io/lorenz-fries-school-horror
2026-09-02T02:07:39.957627,School Classrooms Asset Pack,Unknown,https://styloo.itch.io/classroom-asset-pack
2026-09-02T02:07:39.957627,Godot 3D PixelArt Demo,Unknown,https://pixelagegames.itch.io/godot-3d-pixelart-demo
2026-09-02T02:07:39.957627,KayKit - Character Pack : Mystery Monthly Series 4,Unknown,https://kaylousberg.itch.io/kaykit-series-4
2026-09-02T02:07:39.957627,Voxel RPG Characters And Weapons - monogon,Unknown,https://maxparata.itch.io/monogon-dungeonheroes
2026-09-02T02:07:42.206074,Brackeys' 3D Game Tutorial Assets,Unknown,https://brackeysgames.itch.io/brackeys-3d-game-tutorial-assets
2026-09-02T02:07:42.206074,Free Voxel Dystopian Characters,Unknown,https://maxparata.itch.io/voxel-dystopian-characters
2026-09-02T02:07:42.206074,Isometric Space Colony - monogon,Unknown,https://maxparata.itch.io/isometricspace-monogon
2026-09-02T02:07:42.206074,Isometric Cyberpunk City - monogon,Unknown,https://maxparata.itch.io/isocyberpunkcity-monogon
2026-09-02T02:07:42.206074,Voxel dungeon crawler environment assets : Desert,Unknown,https://maxparata.itch.io/tinyvoxeldungeon
2026-09-02T02:07:42.206074,Godot Grass Shader,Unknown,https://binbun3d.itch.io/godot-grass
2026-09-02T02:07:42.206074,[MOOD] Pixel Art Font Set,Unknown,https://bsl.itch.io/mood-font-set
2026-09-02T02:07:42.206074,Voxel Environment : Shopping Mall Asset,Unknown,https://maxparata.itch.io/voxelshop
2026-09-02T02:07:42.206074,Voxel House Interior - monogon,Unknown,https://maxparata.itch.io/voxelinterior
2026-09-02T02:07:42.206074,Pizzeria_PSX,Unknown,https://elbolilloduro.itch.io/pizzeria-psx
2026-09-02T02:07:42.206074,Voxel Noir Crime Detective,Unknown,https://maxparata.itch.io/voxelnoir
2026-09-02T02:07:42.206074,Voxel Apocalypse : Zombies,Unknown,https://maxparata.itch.io/voxel-zombies
2026-09-02T02:07:42.206074,Mega Bot,Unknown,https://ansimuz.itch.io/mega-bot
2026-09-02T02:07:42.206074,Buildings,Unknown,https://elbolilloduro.itch.io/buildings
2026-09-02T02:07:42.206074,Chibi Characters,Unknown,https://styloo.itch.io/chibi
2026-09-02T02:07:42.206074,ð¨Free Stylized Texturesð¨,Unknown,https://kalponic-studio.itch.io/free-stylized-textures
2026-09-02T02:07:42.206074,[FREE] Vector Keyboard Controls,Unknown,https://rhosgfx.itch.io/vector-keyboard-controls
2026-09-02T02:07:42.206074,modular voxel female character,Unknown,https://maxparata.itch.io/sexyvoxelgirls
2026-09-02T02:07:42.206074,Holder - Free Enemies,Unknown,https://holder-anibat.itch.io/holders-animated-battlers-free-enemies-pack-1
2026-09-02T02:07:42.206074,AllSky Free : Godot Edition,Unknown,https://distantlantern.itch.io/allsky-free-godot-edition
2026-09-02T02:07:42.206074,Human Basic Motions FREE,Unknown,https://kevdev.itch.io/basic-motions-free
2026-09-02T02:07:42.206074,Voxel Guns n Riffles - monogon,Unknown,https://maxparata.itch.io/voxel-guns-n-riffles-monogon
2026-09-02T02:07:42.206074,Metroidvania Demo [Godot],Unknown,https://pedrovmvictor.itch.io/metroidvania-demo-godot
2026-09-02T02:07:42.206074,Animals Asset Pack,Unknown,https://styloo.itch.io/animals
2026-09-02T02:07:42.206074,PSX modular house interior pack.,Unknown,https://dissonantvoid.itch.io/psx-retro-interior-pack
2026-09-02T02:07:42.206074,Tacos,Unknown,https://elbolilloduro.itch.io/tacos
2026-09-02T02:07:42.206074,BurgerPiz,Unknown,https://elbolilloduro.itch.io/burgerpiz
2026-09-02T02:07:42.206074,Retro House Pack,Unknown,https://elegantcrow.itch.io/retro-house-pack
2026-09-02T02:07:42.206074,Pixel Gore UI,Unknown,https://maxparata.itch.io/goreui
2026-09-02T02:07:42.206074,RG Poly Vol. 1,Unknown,https://rg-poly.itch.io/rg-poly-all-in-one
2026-09-02T02:07:42.206074,Cyberpunk Pixel Art Asset Pack â 1000+ Modular Top-Down Sci-Fi Assets,Unknown,https://sakpix.itch.io/cyberpunk-pixel-art-asset-pack
2026-09-02T02:07:42.206074,Voxel Horror Movie Characters - monogon,Unknown,https://maxparata.itch.io/horrormovie-monogon
2026-09-02T02:07:42.206074,"VitaVehicle (Beta) - ""Realistic"" Car Physics Engine for Godot",Unknown,https://jreo.itch.io/rcp4
2026-09-02T02:07:42.206074,Ninja Enemy Pack,Unknown,https://kbpixelart.itch.io/ninja-enemy-pack
2026-09-02T02:07:42.206074,COZY FARM,Unknown,https://styloo.itch.io/farm
2026-09-02T02:07:42.206074,Godot Water,Unknown,https://binbun3d.itch.io/godot-water-shader
2026-09-02T02:07:44.429803,2D School Classroom Asset Pack,Unknown,https://styloo.itch.io/2dclassroom
2026-09-02T02:07:44.429803,Retro Modular House Pack,Unknown,https://elegantcrow.itch.io/retro-modular-house-pack
2026-09-02T02:07:44.429803,Explosion FX - Godot 3D Effects,Unknown,https://binbun3d.itch.io/explosion-fx
2026-09-02T02:07:44.429803,Voxel Hover Bike Assets,Unknown,https://maxparata.itch.io/hover-bike
2026-09-02T02:07:44.429803,Voxel Cyberpunk Characters - monogon,Unknown,https://maxparata.itch.io/cyberpunkcharacters
2026-09-02T02:07:44.429803,Voxel Zombie Apocalypse - monogon,Unknown,https://maxparata.itch.io/voxelzombieapocalypse
2026-09-02T02:07:44.429803,80 Songs Pack by Elektrobear,Unknown,https://moonanagames.itch.io/80-songs-pack
2026-09-02T02:07:44.429803,[BGM] Minigame Music Pack,Unknown,https://jdsherbert.itch.io/minigame-music-pack
2026-09-02T02:07:44.429803,Godot Game Template,Unknown,https://maaack.itch.io/godot-game-template
2026-09-02T02:07:44.429803,Menu futuristic,Unknown,https://deakcor.itch.io/hud-futuristic
2026-09-02T02:07:44.429803,CanariPack 8BIT TopDown,Unknown,https://canarigames.itch.io/canaripack-8bit-topdown
2026-09-02T02:07:44.429803,Free Trippy Animated Backgrounds,Unknown,https://edermunizz.itch.io/free-trippy-animated-background
2026-09-02T02:07:44.429803,PIXEL FANTASY PLAYING CARDS,Unknown,https://cazwolf.itch.io/pixel-fantasy-cards
2026-09-02T02:07:44.429803,Kenney's UI Theme for Godot,Unknown,https://azagaya.itch.io/kenneys-ui-theme
2026-09-02T02:07:44.429803,Random Objects,Unknown,https://styloo.itch.io/random
2026-09-02T02:07:44.429803,Ultimate Cartoon VFX MEGA PACK - Spritesheets,Unknown,https://cartooncoffee.itch.io/megapack-spritesheets
2026-09-02T02:07:44.429803,Voxel Nuclear Survival - monogon,Unknown,https://maxparata.itch.io/nuclearsurvival
2026-09-02T02:07:44.429803,2D Village Asset Pack,Unknown,https://styloo.itch.io/2d-village
2026-09-02T02:07:44.429803,Game Sound Effects 2 - Universal Sound Effects,Unknown,https://elvgames.itch.io/game-sounds-fx-pack-ii
2026-09-02T02:07:44.429803,Medieval Voxel Assets,Unknown,https://felixstrefter.itch.io/medieval-voxel-assets
2026-09-02T02:07:44.429803,Trash and Debris,Unknown,https://mcsteeg.itch.io/trash-and-debris
2026-09-02T02:07:44.429803,Pixel Art Parallax Backgrounds 2 (UPDATED),Unknown,https://bioma2d.itch.io/pixel-art-parallax-backgrounds
2026-09-02T02:07:44.429803,2D City Asset Pack,Unknown,https://styloo.itch.io/2d-city
2026-09-02T02:07:44.429803,PSX Kitchen Props Pack,Unknown,https://nicowlas.itch.io/psx-kitchen-props-pack
2026-09-02T02:07:44.429803,Memao Fantasy Character Sprite Pack,Unknown,https://sleeping-robot-games.itch.io/fantasy-character-sprite-pack
2026-09-02T02:07:44.429803,Tiny Treats - Baked Goods set,Unknown,https://tinytreats.itch.io/baked-goods
2026-09-02T02:07:44.429803,Tiny Treats - Homely House set,Unknown,https://tinytreats.itch.io/homely-house
2026-09-02T02:07:44.429803,Tiny Treats - Pretty Park set,Unknown,https://tinytreats.itch.io/pretty-park
2026-09-02T02:07:44.429803,Impact VFX - Godot 3D,Unknown,https://binbun3d.itch.io/impact-vfx
2026-09-02T02:07:44.429803,Binbun Effects Collection Vol.2,Unknown,https://binbun3d.itch.io/effects-collection-vol2
2026-09-02T02:07:44.429803,The Library - Indoor Asset Pack (24x24),Unknown,https://sparksandpixels.itch.io/indoor-library-assetpack
2026-09-02T02:07:44.429803,Flame FX - Godot 3D Effects,Unknown,https://binbun3d.itch.io/flame-fx
2026-09-02T02:07:44.429803,Isometric Dark Souls Gothic - monogon,Unknown,https://maxparata.itch.io/isometricdarksouls-monogon
2026-09-02T02:07:44.429803,Industrial Assets,Unknown,https://atomicrealm.itch.io/industrial-assets
2026-09-02T02:07:44.429803,Muzzle Flash VFX - Godot 3D,Unknown,https://binbun3d.itch.io/muzzle-flash-vfx
2026-09-02T02:07:44.429803,Robot character,Unknown,https://styloo.itch.io/robot-character
2026-09-02T02:07:46.667869,Godot 3D Robot Character,Unknown,https://captainripley.itch.io/godot-3d-robot-character
2026-09-02T02:07:46.667869,Magic Projectiles VFX - Godot 3D,Unknown,https://binbun3d.itch.io/magic-projectiles-vfx
2026-09-02T02:07:46.667869,16x16 TinyWorld,Unknown,https://fliegevogel.itch.io/tinyworld
2026-09-02T02:07:46.667869,Exploration objects,Unknown,https://elbolilloduro.itch.io/exploration-objects
2026-09-02T02:07:46.667869,Retro Model Pack  Interior,Unknown,https://kkryy.itch.io/retro-interior-pack
2026-09-02T02:07:46.667869,Holder - Free Heroes,Unknown,https://holder-anibat.itch.io/holders-animated-battlers-free-heroes
2026-09-02T02:07:46.667869,Village Asset Pack,Unknown,https://styloo.itch.io/vil
2026-09-02T02:07:46.667869,Tiny Treats - Collection 1,Unknown,https://tinytreats.itch.io/collection-1
2026-09-02T02:07:46.667869,Space Spheremaps,Unknown,https://space-spheremaps.itch.io/space-spheremaps
2026-09-02T02:07:46.667869,Cat's Godot 4 Souls-Like Template & Asset Pack,Unknown,https://felesmachina.itch.io/cats-godot-souls-like-template
2026-09-02T02:07:46.667869,Lowpoly stylized fantasy enviroment pack,Unknown,https://wizp.itch.io/lowpoly-stylized-fantasy-enviroment-pack
2026-09-02T02:07:46.667869,Low Poly Car,Unknown,https://styloo.itch.io/car
2026-09-02T02:07:46.667869,Winlu Spaceship Tileset,Unknown,https://winlu.itch.io/spaceship-tileset
2026-09-02T02:07:46.667869,Voxel Flying Cars,Unknown,https://maxparata.itch.io/voxelflyingcars
2026-09-02T02:07:46.667869,PIXEL FANTASY SLOT MACHINE,Unknown,https://cazwolf.itch.io/pixel-slot-machine
2026-09-02T02:07:46.667869,Portal VFX - Godot 3D,Unknown,https://binbun3d.itch.io/godot-portal-vfx
2026-09-02T02:07:46.667869,Beam VFX - Godot 3D,Unknown,https://binbun3d.itch.io/beam-vfx
2026-09-02T02:07:46.667869,40 Pixel Art Atmospheric VFX Pack,Unknown,https://alenia-studios.itch.io/10-pixel-art-atmospheric-vfx-pack
2026-09-02T02:07:46.667869,Mines and Cave Modular Set,Unknown,https://loafbrr.itch.io/mines-and-cave-set
2026-09-02T02:07:46.667869,Cooking Assets,Unknown,https://milkandbanana.itch.io/cooking-assets
2026-09-02T02:07:46.667869,Tiny Pixel Fantasy - Character Generator,Unknown,https://cazwolf.itch.io/tiny-pixel-fantasy-generator
2026-09-02T02:07:46.667869,Parallax Backgrounds!,Unknown,https://styloo.itch.io/river-parallax-background
2026-09-02T02:07:46.667869,Magic Area VFX - Godot 3D,Unknown,https://binbun3d.itch.io/magic-area-vfx
2026-09-02T02:07:46.667869,Stylized Mining Nodes: Modular Ores & Crystals Kit,Unknown,https://newlua-studios.itch.io/stylized-mining
2026-09-02T02:07:46.667869,Mega Gun Pack,Unknown,https://mcsteeg.itch.io/mega-gun-pack
2026-09-02T02:07:46.667869,[SFX] Footstep Foley Sound Effect Pack,Unknown,https://jdsherbert.itch.io/footstep-foley-sfx-pack
2026-09-02T02:07:46.667869,8bit RPG tileset - Dungeons pack (Super Gameboy Quest by Toadzilla),Unknown,https://toadzillart.itch.io/dungeons-pack
2026-09-02T02:07:46.667869,PSX Character Megapack,Unknown,https://retro-spud.itch.io/psx-character-megapack
2026-09-02T02:07:46.667869,Free Low Poly Vehicles Pack,Unknown,https://rgsdev.itch.io/free-low-poly-vehicles-pack
2026-09-02T02:07:46.667869,Loot VFX - Godot 3D,Unknown,https://binbun3d.itch.io/loot-vfx
2026-09-02T02:07:46.667869,Stylized Grass & Dirt,Unknown,https://juliovii.itch.io/ftpgrass-dirt
2026-09-02T02:07:46.667869,[SFX] Pixel Game Essentials Sound Effect Pack,Unknown,https://jdsherbert.itch.io/pixel-game-essentials-sfx-pack
2026-09-02T02:07:46.667869,Hit FX - Godot 3D Effects,Unknown,https://binbun3d.itch.io/hit-fx
2026-09-02T02:07:46.667869,Tank & War Tactic Assets,Unknown,https://maxparata.itch.io/tank-tactic
2026-09-02T02:07:46.667869,The Company Characters Asset Pack,Unknown,https://styloo.itch.io/company
2026-09-02T02:07:46.667869,Tiny Treats - House Plants set,Unknown,https://tinytreats.itch.io/house-plants
2026-09-02T02:07:48.961917,Quequis House,Unknown,https://elbolilloduro.itch.io/quequis-house
2026-09-02T02:07:48.961917,CHICKEN ESCAPE ASSET PACK,Unknown,https://styloo.itch.io/chicken
2026-09-02T02:07:48.961917,[BGM] Nostalgia Music Pack,Unknown,https://jdsherbert.itch.io/nostalgia-music-pack
2026-09-02T02:07:48.961917,Voxel Ancient Environment assets for free,Unknown,https://maxparata.itch.io/voxel-ancient-environment
2026-09-02T02:07:48.961917,Medieval Stylized Little Town,Unknown,https://alefrandev.itch.io/medieval-stylized-assets-littletown
2026-09-02T02:07:48.961917,Godot 3D PixelArt Vegetation Demo,Unknown,https://pixelagegames.itch.io/3d-pixelart-vegetation
2026-09-02T02:07:48.961917,Tiny Treats - Charming Kitchen set,Unknown,https://tinytreats.itch.io/charming-kitchen
2026-09-02T02:07:48.961917,Lab Assets,Unknown,https://milkandbanana.itch.io/lab-assets
2026-09-02T02:07:48.961917,People Pack #1,Unknown,https://mcsteeg.itch.io/people-pack-1
2026-09-02T02:07:48.961917,Game - UI - Assets,Unknown,https://starcom.itch.io/casual-ui
2026-09-02T02:07:48.961917,Godot 3D Pixelart Starter Kit (Update 1),Unknown,https://oddpotatodev.itch.io/godot-3d-pixelart-starter-kit
2026-09-02T02:07:48.961917,Dark Magic FX - Godot 3D Effects,Unknown,https://binbun3d.itch.io/dark-magic-fx
2026-09-02T02:07:48.961917,Halcyon Town Pack - Pixel Art Tileset (GBC Style),Unknown,https://potato-blanket.itch.io/halcyon-town-gbc-style
2026-09-02T02:07:48.961917,Animated Dice Set - Full DnD Set,Unknown,https://kneeshawdevelopments.itch.io/dd-full-animated-dice-set
2026-09-02T02:07:48.961917,Food & Kitchen Props,Unknown,https://styloo.itch.io/food
2026-09-02T02:07:48.961917,ICODOT - Node Icons,Unknown,https://gleeson.itch.io/icodot
2026-09-02T02:07:48.961917,Visual Novel Music Pack // Tiny Pack,Unknown,https://richarrest.itch.io/visual-novel-music-pack-tiny-pack
2026-09-02T02:07:48.961917,Godot First Person Controller,Unknown,https://rbgr.itch.io/godot-first-person-controller
2026-09-02T02:07:48.961917,[SFX] Sci Fi UI Sound Effect Pack,Unknown,https://jdsherbert.itch.io/sci-fi-ui-sfx-pack
2026-09-02T02:07:48.961917,Footsteps Sound Effects 1 - Universal Sound Effects,Unknown,https://elvgames.itch.io/footsteps-sound-fx
2026-09-02T02:07:48.961917,Overworld Tileset 16x16 Pixelart,Unknown,https://elvgames.itch.io/overworld-16x16-tileset
2026-09-02T02:07:48.961917,Godot Fluid Glass UI,Unknown,https://binbun3d.itch.io/fluid-glass-ui
2026-09-02T02:07:48.961917,Texture Pack: Scifi 01,Unknown,https://juliovii.itch.io/scifipk01
2026-09-02T02:07:48.961917,Status FX - Godot 3D Effects,Unknown,https://binbun3d.itch.io/status-fx
2026-09-02T02:07:48.961917,100 Stylized Wall Textures,Unknown,https://kalponic-studio.itch.io/stylized-wall-textures
2026-09-02T02:07:48.961917,Simple scooter Asset,Unknown,https://styloo.itch.io/scooter
2026-09-02T02:07:48.961917,Small Adventure :: Base Top-Down Tileset,Unknown,https://raou.itch.io/small-adventure
2026-09-02T02:07:48.961917,Cozy Isometric Pixel Art Asset Pack (32x32) â Game Assets for Godot,Unknown,https://choco-ted.itch.io/cozy-isometric-pixel-art-asset-pack-32x32-exterior-game-assets-for-godot-unity
2026-09-02T02:07:48.961917,Woodcutting & Mining Sound Effects 1 - Universal Sound Effects,Unknown,https://elvgames.itch.io/woodcutting-mining-sound-effects-1-universal-game-sounds
2026-09-02T02:07:48.961917,LOWPO: Goblin Assets â Low Poly Fantasy 3D Assets for Games,Unknown,https://standout7.itch.io/goblin-lowpoly-assets
2026-09-02T02:07:48.961917,Winlu Fantasy Tileset - Orc,Unknown,https://winlu.itch.io/winku
2026-09-02T02:07:48.961917,Fire VFX - Godot 3D,Unknown,https://binbun3d.itch.io/fire
2026-09-02T02:07:48.961917,Elemental Magic FX - Godot 3D Effects,Unknown,https://binbun3d.itch.io/elemental-magic-fx
2026-09-02T02:07:48.961917,Godot 4 FPS Controller,Unknown,https://chafmere.itch.io/godot-4-fps-controller
2026-09-02T02:07:48.961917,[SFX] Wooden UI Sound Effect Pack,Unknown,https://jdsherbert.itch.io/wooden-ui-sfx-pack
2026-09-02T02:07:48.961917,Waste No Space GUI,Unknown,https://flatus.itch.io/waste-no-space-gui
2026-09-02T02:07:51.197904,Retro Skyscraper Pack,Unknown,https://elegantcrow.itch.io/retro-skyscraper-pack
2026-09-02T02:07:51.197904,[New HiScore] Pixel Art Font + Bitmap,Unknown,https://bsl.itch.io/new-hi-score
2026-09-02T02:07:51.197904,Lioren Lael - Main Character,Unknown,https://kbpixelart.itch.io/lioren-lael-main-character
2026-09-02T02:07:51.197904,Physics Car Game Asset Pack,Unknown,https://lucylavend.itch.io/physics-car-game-asset-pack
2026-09-02T02:07:51.197904,BearFX Explosions | Pixel Effect Pack,Unknown,https://like100bears.itch.io/bearfx-explosions
2026-09-02T02:07:51.197904,Japanese Rural Village - Low Poly 3D Assets,Unknown,https://yumeforge.itch.io/japanese-rural-village
2026-09-02T02:07:51.197904,Sewers Action Pack,Unknown,https://ansimuz.itch.io/sewers-action-pack
2026-09-02T02:07:51.197904,GodotBoy Export Template,Unknown,https://greenf0x.itch.io/godotboy-template
2026-09-02T02:07:51.197904,Mari Character,Unknown,https://styloo.itch.io/mari
2026-09-02T02:07:51.197904,8bit RPG tileset - Enemies pack (Super Gameboy Quest by Toadzilla),Unknown,https://toadzillart.itch.io/monster-pack
2026-09-02T02:07:51.197904,@icons â Custom Godot node icons,Unknown,https://voxybuns.itch.io/at-icons
2026-09-02T02:07:51.197904,Texture Pack: Tech 01,Unknown,https://juliovii.itch.io/techpk01
2026-09-02T02:07:51.197904,Isometric Asset Pack: Geo,Unknown,https://silivar.itch.io/asset-pack-geo
2026-09-02T02:07:51.197904,[V2.0] Looming Landmarks Structures Pack,Unknown,https://3dexter.itch.io/looming-landmarks-pack
2026-09-02T02:07:51.197904,Zombie,Unknown,https://maximumdamage.itch.io/zombie
2026-09-02T02:07:51.197904,Voxel Roads and Cars - monogon,Unknown,https://maxparata.itch.io/voxelroads
2026-09-02T02:07:51.197904,PSX Dungeon Boxes and Barrels Pack,Unknown,https://mcsteeg.itch.io/psx-dungeon-boxes-and-barrels-pack
2026-09-02T02:07:51.197904,User Interface Sound Effects 4 - Universal Sound Effects,Unknown,https://elvgames.itch.io/user-interface-sound-fx-4
2026-09-02T02:07:51.197904,Forest Model Pack,Unknown,https://kkryy.itch.io/forestmodelpack
2026-09-02T02:07:51.197904,RPG Monsters Mega Pack,Unknown,https://elvgames.itch.io/rpg-monsters-mega-pack
2026-09-02T02:07:51.197904,2d Dungeon Asset Pack,Unknown,https://styloo.itch.io/2d-dungeon
2026-09-02T02:07:51.197904,Hospital Assets,Unknown,https://atomicrealm.itch.io/hospital-assets
2026-09-02T02:07:51.197904,LOWPO : Fantasy Heroes â Low Poly 3D Character Pack,Unknown,https://standout7.itch.io/fantasy-heroes
2026-09-02T02:07:51.197904,Vivid Motion 23 Universal Status Effects,Unknown,https://vivid-motion-assets.itch.io/vivid-motion-23universal-status-effects
2026-09-02T02:07:51.197904,Pixelart Starfields,Unknown,https://space-spheremaps.itch.io/pixelart-starfields
2026-09-02T02:07:51.197904,Bat Enemy Sprite 4 Directions [Fantasy Dreamland],Unknown,https://elvgames.itch.io/bat-sprites-fantasy-dreamland
2026-09-02T02:07:51.197904,User Interface Sound Effects 3 - Universal Sound Effects,Unknown,https://elvgames.itch.io/user-interface-sound-fx-3
2026-09-02T02:07:51.197904,Wood Furnitures,Unknown,https://loafbrr.itch.io/wood-furnitures
2026-09-02T02:07:51.197904,PSX Roads,Unknown,https://postdev.itch.io/psx-roads
2026-09-02T02:07:51.197904,Sci-Fi User Interface Sounds - Universal Sound Effects,Unknown,https://elvgames.itch.io/sci-fi-ui-sounds-fx-pack
2026-09-02T02:07:51.197904,"POLY - Megapolis City (Unity, UE, Godot)",Unknown,https://animpicstudio.itch.io/poly-megapolis-city-unity-ue-godot
2026-09-02T02:07:51.197904,Godot PSX starter kit,Unknown,https://druid-cz.itch.io/godot-psx-starter-kit
2026-09-02T02:07:51.197904,Laboratory Tileset 16x16 Pixelart [Fantasy Dreamland],Unknown,https://elvgames.itch.io/laboratory-tileset-16x16-pixelart
2026-09-02T02:07:51.197904,Minimalistic UI Theme for Godot Games,Unknown,https://azagaya.itch.io/minimalistic-ui
2026-09-02T02:07:51.197904,Skinned Voxel Robot - Mixamo compatible,Unknown,https://maxparata.itch.io/voxel-mecha-deluxe
2026-09-02T02:07:51.197904,Penguin World Tileset,Unknown,https://atomicrealm.itch.io/penguin-world
2026-09-02T02:07:53.444371,Battle FX - Godot 3D Effects,Unknown,https://binbun3d.itch.io/battle-fx
2026-09-02T02:07:53.444371,Stella Character Generator: Animal Parts,Unknown,https://visustella.itch.io/stella-generator-animal-parts
2026-09-02T02:07:53.444371,Pixel Progress Bar Asset Pack - 14 Colors,Unknown,https://catshaped.itch.io/pixel-progress-bar-asset-pack
2026-09-02T02:07:53.444371,12+ Slashes and AoE Animation Pack!,Unknown,https://manugamingcreations.itch.io/slashes-and-aoe-animation-pack
2026-09-02T02:07:53.444371,Low Poly 3D PSX Horror Game Asset Pack,Unknown,https://devilsworkshop.itch.io/low-poly-3d-psx-horror-game-asset-pack
2026-09-02T02:07:53.444371,3booodpro's first asset,Unknown,https://3boood-pro.itch.io/3booodpros-first-asset
2026-09-02T02:07:53.444371,Tornado VFX 3D - Godot,Unknown,https://soygus.itch.io/tornado-vfx-godot
2026-09-02T02:07:53.444371,Fishing Sound Effects 1 - Universal Sound Effects,Unknown,https://elvgames.itch.io/fishing-sound-effects-1-universal-sound-effects
2026-09-02T02:07:53.444371,Stylized Grass Shader,Unknown,https://stayathomedev.itch.io/stylized-grass-shader
2026-09-02T02:07:53.444371,Tiny Pixel Fantasy - Base Pack,Unknown,https://cazwolf.itch.io/tiny-pixel-fantasy1
2026-09-02T02:07:53.444371,DEMO RPG asset tileset exterior pack | JOYQUEST,Unknown,https://narehop.itch.io/tileset-topdown-demo
2026-09-02T02:07:53.444371,Dungeon Asset Pack,Unknown,https://styloo.itch.io/dungeon-asset-pack
2026-09-02T02:07:53.444371,Human Basic Motions,Unknown,https://kevdev.itch.io/basic-motions
2026-09-02T02:07:53.444371,FREE Spaceships Vol. 1,Unknown,https://gisha.itch.io/spaceships-asset-pack
2026-09-02T02:07:53.444371,RPG asset tileset route pack (Asset Alliance),Unknown,https://farm-animal.itch.io/sunfield-road
2026-09-02T02:07:53.444371,Laser Beams VFX: Standard & Pixel Art,Unknown,https://halconvengador.itch.io/beams-vfx
2026-09-02T02:07:53.444371,Godot Hologram FX,Unknown,https://binbun3d.itch.io/hologram-fx
2026-09-02T02:07:53.444371,Ancient Ruins Assset Pack,Unknown,https://makovice.itch.io/ancient-ruins-assset-pack
2026-09-02T02:07:53.444371,Main Character - Knight,Unknown,https://kbpixelart.itch.io/main-character-knight
2026-09-02T02:07:53.444371,Transitions - Godot Asset,Unknown,https://in3mo.itch.io/transitions-godot
2026-09-02T02:07:53.444371,SimpleBox GUI,Unknown,https://azagaya.itch.io/simplebox-gui
2026-09-02T02:07:53.444371,Godot Plush Character 3D,Unknown,https://gtibo.itch.io/godot-plush-character
2026-09-02T02:07:53.444371,Godot 3D Planet Generator,Unknown,https://naejimer.itch.io/godot-3d-planet-generator
2026-09-02T02:07:53.444371,Godot Nature Assets & Terrain Tools Collection,Unknown,https://bukkbeek.itch.io/natureblocks
2026-09-02T02:07:53.444371,Retro Rigged Bigfoot,Unknown,https://elegantcrow.itch.io/retro-rigged-bigfoot
2026-09-02T02:07:53.444371,Godot Compositor - 3D Pixel Art,Unknown,https://pixelagegames.itch.io/godot-compositor-3d-pixel-art
2026-09-02T02:07:53.444371,"PS1 House Pack â 100 Low Poly Houses, Textured Inside and Out",Unknown,https://najjar320.itch.io/ps1-house-pack-100-low-poly-houses
2026-09-02T02:07:53.444371,Casting Call! (A Visual Novel Portrait Maker!),Unknown,https://tiradelalba.itch.io/casting-call
2026-09-02T02:07:53.444371,Scab,Unknown,https://maximumdamage.itch.io/scab
2026-09-02T02:07:53.444371,200 Stylized Mixed Textures,Unknown,https://kalponic-studio.itch.io/200-stylized-mixed-textures
2026-09-02T02:07:53.444371,Starter VFX Pack: Essential Juice for Godot (Lite Edition),Unknown,https://alekseiramirov.itch.io/starter-vfx-pack-essential-juice-for-godot-lite-edition
2026-09-02T02:07:53.444371,PSXPack,Unknown,https://daheim.itch.io/psxpack
2026-09-02T02:07:53.444371,Godot Dither Shader,Unknown,https://sambigos.itch.io/godot-dither-shader
2026-09-02T02:07:53.444371,8bit RPG tileset - UI pack (Super Gameboy Quest by Toadzilla),Unknown,https://toadzillart.itch.io/ui-pack
2026-09-02T02:07:53.444371,Isometric Pirates and Ships - monogon,Unknown,https://maxparata.itch.io/isometricpirates-monogon
2026-09-02T02:07:53.444371,Horror Player Item Pack,Unknown,https://3dexter.itch.io/retrohorrorkit
2026-09-02T02:07:55.741399,Game Sound Effects 4 - Universal Sound Effects,Unknown,https://elvgames.itch.io/game-sound-effects-4-universal-sfx
2026-09-02T02:07:55.741399,Free Futuristic City,Unknown,https://edermunizz.itch.io/free-futuristic-city
2026-09-02T02:07:55.741399,A Bunch Of Rocks,Unknown,https://verzatiledev.itch.io/rocks
2026-09-02T02:07:55.741399,Traffic Road Assets,Unknown,https://milkandbanana.itch.io/traffic-road-assets
2026-09-02T02:07:55.741399,PSX Backrooms Asset Pack,Unknown,https://liminallydreamcore.itch.io/backrooms-psx
2026-09-02T02:07:55.741399,Rain and Snow Shader with Parallax Effect for Godot,Unknown,https://steampunkdemon.itch.io/rain-and-snow-shader-with-parallax-effect-for-godot
2026-09-02T02:07:55.741399,Tiny Treats - Bubbly Bathroom set,Unknown,https://tinytreats.itch.io/bubbly-bathroom
2026-09-02T02:07:55.741399,PSX Animated FPS Hands,Unknown,https://mcsteeg.itch.io/psx-animated-fps-hands
2026-09-02T02:07:55.741399,GDH All Animation Bundle (Unreal Engine/Mixamo),Unknown,https://gamedev-hero.itch.io/gdh-all-animation-bundle-unreal-enginefbx
2026-09-02T02:07:55.741399,Gumdrop Galaxy Characters,Unknown,https://robocelot.itch.io/gumdrop-source-and-sprites
2026-09-02T02:07:55.741399,Sword Maker,Unknown,https://snoopethduckduck.itch.io/sword-maker
2026-09-02T02:07:55.741399,Grid Placement: Base Building & Object Placement for Godot 4,Unknown,https://chris-tutorials.itch.io/grid-placement-godot
2026-09-02T02:07:55.741399,Magic & Spells Sound Effects 4 - Universal Sound Effects,Unknown,https://elvgames.itch.io/game-sound-effects-magic-spells-2
2026-09-02T02:07:55.741399,DRAGONBUN - Item Borders: Pack 1,Unknown,https://marimo.itch.io/dragonbun-borders1
2026-09-02T02:07:55.741399,RPG Medieval Music - Dungeon,Unknown,https://elvgames.itch.io/rpg-medieval-music-dungeon
2026-09-02T02:07:55.741399,Sword Sound Effects - Universal Sound Effects,Unknown,https://elvgames.itch.io/sword-sound-effects-1-universal-game-sounds
2026-09-02T02:07:55.741399,PSX Lighting Asset Pack,Unknown,https://ink-ribbon.itch.io/psx-lighting-asset-pack
2026-09-02T02:07:55.741399,house interior asset pack !,Unknown,https://styloo.itch.io/houseinteriorassetpack
2026-09-02T02:07:55.741399,Winlu Fantasy Tileset - Winter,Unknown,https://winlu.itch.io/winlu-fantasy-tileset-winter
2026-09-02T02:07:55.741399,PSX Animals :Rats,Unknown,https://mcsteeg.itch.io/psx-animals-rats
2026-09-02T02:07:55.741399,DRAGONBUN - Potions: Pack 1,Unknown,https://marimo.itch.io/dragonbun-icons1
2026-09-02T02:07:55.741399,Game Sound Effects 3 - Universal Sound Effects,Unknown,https://elvgames.itch.io/game-sound-effects-3-universal-sfx
2026-09-02T02:07:55.741399,Sprout Enemy Sprite 4 Directions [Fantasy Dreamland],Unknown,https://elvgames.itch.io/sprout-sprites-fantasy-dreamland
2026-09-02T02:07:55.741399,Texture Pack: Photoscaned 01,Unknown,https://juliovii.itch.io/pspk01
2026-09-02T02:07:55.741399,PSX Dog,Unknown,https://mcsteeg.itch.io/psx-dog
2026-09-02T02:07:55.741399,Free 8-BIT Music Pack,Unknown,https://elvgames.itch.io/free-8-bit-collection-pack
2026-09-02T02:07:55.741399,Godot Card FX,Unknown,https://binbun3d.itch.io/godot-card-fx
2026-09-02T02:07:55.741399,Free Low Poly Trees & Forest Nature Pack for Godot / Unity / Unreal,Unknown,https://hooray4brains.itch.io/free-forest-nature-pack
2026-09-02T02:07:55.741399,Enchanted Axes Icons 32x32 Pixelart [Axetober 2024],Unknown,https://elvgames.itch.io/axe-item-icons-axetober-2024
2026-09-02T02:07:55.741399,Magic & Spells Sound Effects 1 - Universal Sound Effects,Unknown,https://elvgames.itch.io/game-sound-effects-magic-and-spells
2026-09-02T02:07:55.741399,PSX Computer asset pack,Unknown,https://realduende.itch.io/psx-computer-pack
2026-09-02T02:07:55.741399,Stylized Tables & Chairs Set,Unknown,https://hattylaird.itch.io/stylized-lowpoly-table-chairs-set
2026-09-02T02:07:55.741399,FREE Houses 2D,Unknown,https://styloo.itch.io/house-2d
2026-09-02T02:07:55.741399,Post-Apocalyptic - Into the Wild,Unknown,https://atomicrealm.itch.io/post-apocalyptic-into-the-wild
2026-09-02T02:07:55.741399,PS1/PSX Game Asset : Winter Nature Pack,Unknown,https://halfhuman.itch.io/ps1-winter-tree
2026-09-02T02:07:55.741399,Pixel Platformer Pack,Unknown,https://disarmedgames.itch.io/pixel-platformer-pack
2026-09-02T02:07:58.095562,Audacious Assets: Glassmorphism UI for Godot,Unknown,https://audaciousgabe.itch.io/audacious-assets-glassmorphism
2026-09-02T02:07:58.095562,PS1 | PSX Post-Apocaliptic Shelter,Unknown,https://cursedlake.itch.io/ps1-psx-post-apocaliptic-shelter
2026-09-02T02:07:58.095562,Free Kitchen Asset Pack,Unknown,https://styloo.itch.io/kitchen
2026-09-02T02:07:58.095562,Human Crafting Animations FREE,Unknown,https://kevdev.itch.io/human-villager-animations-free
2026-09-02T02:07:58.095562,80 Stylized Wood Textures,Unknown,https://kalponic-studio.itch.io/80-stylized-vegetation-textures
2026-09-02T02:07:58.095562,Voxel Nuclear Bunker - monogon,Unknown,https://maxparata.itch.io/voxelnuclearbunker
2026-09-02T02:07:58.095562,Minimal Platformer Template - Godot 4,Unknown,https://chroma-dave.itch.io/minimal-platformer-template-godot-4
2026-09-02T02:07:58.095562,Ambient Weather Loops 1 - Universal Sound Effects,Unknown,https://elvgames.itch.io/ambient-weather-sfx-1-universal-sound-effects
2026-09-02T02:07:58.095562,Pixel Portals,Unknown,https://nojoule.itch.io/pixel-portals
2026-09-02T02:07:58.095562,Godot 4 Project - Shader Studies v1,Unknown,https://oddpotatodev.itch.io/godot-46-shader-studies-v1
2026-09-02T02:07:58.095562,Orbix Enemy Sprite 4 Directions [Fantasy Dreamland],Unknown,https://elvgames.itch.io/orbix-sprites-fantasy-dreamland
2026-09-02T02:07:58.095562,Post-Apocalyptic - Interiors Pack,Unknown,https://atomicrealm.itch.io/post-apocalyptic-interiors
2026-09-02T02:07:58.095562,2D Godot 4.1 RPG serie - Asset,Unknown,https://jeanmakesgames.itch.io/2d-rpg-asset
2026-09-02T02:07:58.095562,PSX Elk Demon,Unknown,https://retro-spud.itch.io/psx-elk-demon-npc-monster
2026-09-02T02:07:58.095562,Texture Pack: Facades,Unknown,https://juliovii.itch.io/facadespk02
2026-09-02T02:07:58.095562,Modular Wood Structures,Unknown,https://loafbrr.itch.io/modular-wood-structures
2026-09-02T02:07:58.095562,Funglet Enemy Sprite 4 Directions [Fantasy Dreamland],Unknown,https://elvgames.itch.io/funglet-sprites-fantasy-dreamland
2026-09-02T02:07:58.095562,Forest People - Part2,Unknown,https://kbpixelart.itch.io/forest-people-part2
2026-09-02T02:07:58.095562,Magic Orb VFX - Godot 3D,Unknown,https://binbun3d.itch.io/magic-orb-vfx
2026-09-02T02:07:58.095562,Backrooms like asset RE,Unknown,https://loafbrr.itch.io/backrooms-like-asset-re
2026-09-02T02:07:58.095562,Hazmat Character,Unknown,https://mcsteeg.itch.io/hazmat-character
2026-09-02T02:07:58.095562,Magic & Spells Sound Effects 3 - Universal Sound Effects,Unknown,https://elvgames.itch.io/game-sound-effects-magic-spells-1
2026-09-02T02:07:58.095562,Fireball Enemy Sprite 4 Directions [Fantasy Dreamland],Unknown,https://elvgames.itch.io/fireball-sprites-fantasy-dreamland
2026-09-02T02:07:58.095562,Astronaut  - PSX Style,Unknown,https://moi0210.itch.io/astronaut-psx-style
2026-09-02T02:07:58.095562,Mushroom Enemy Sprite 4 Directions [Fantasy Dreamland],Unknown,https://elvgames.itch.io/mushroom-sprites-fantasy-dreamland
2026-09-02T02:07:58.095562,PSX Style Water Surface,Unknown,https://immaculate-lift-studio.itch.io/psx-style-water-surface
2026-09-02T02:07:58.095562,FREE 2D Space Game [Pack],Unknown,https://gisha.itch.io/2d-space-game-pack
2026-09-02T02:07:58.095562,Godot Platformer Template,Unknown,https://suppersaif.itch.io/godot-platformer-template
2026-09-02T02:07:58.095562,Texture Pack: Skin 01,Unknown,https://juliovii.itch.io/skinpk01
2026-09-02T02:07:58.095562,Skill Sound Effects 1 - Universal Sound Effects,Unknown,https://elvgames.itch.io/skill-sound-effects-pack-1
2026-09-02T02:07:58.095562,Infinite Ocean,Unknown,https://stayathomedev.itch.io/infinite-ocean
2026-09-02T02:07:58.095562,Achievements Sound Effects 1 - Universal Sound Effects,Unknown,https://elvgames.itch.io/game-sound-effects-achievements
2026-09-02T02:07:58.095562,Godot SplashScreens,Unknown,https://labrat93.itch.io/godot-splashscreens
2026-09-02T02:07:58.095562,Texture Pack: Paper 01,Unknown,https://juliovii.itch.io/paperpk01
2026-09-02T02:07:58.095562,[â¦] VisuStella Armory Season One Collection,Unknown,https://visustella.itch.io/visustella-armory-season-1
2026-09-02T02:07:58.095562,Human Melee Animations,Unknown,https://kevdev.itch.io/human-melee-animations
2026-09-02T02:08:00.333683,Kobold Robold VRC/Blender,Unknown,https://soi.itch.io/koboldrobold
2026-09-02T02:08:00.333683,Crafting & Tinkering Sound Effects - Universal Sound Effects,Unknown,https://elvgames.itch.io/game-sound-effects-crafting-tinkering
2026-09-02T02:08:00.333683,PIXEL FANTASY COIN FLIP,Unknown,https://cazwolf.itch.io/pixel-coinflip
2026-09-02T02:08:00.333683,Human Spellcasting Animations FREE,Unknown,https://kevdev.itch.io/human-spellcasting-animations-free
2026-09-02T02:08:00.333683,Medieval NPC Pack - Part 2,Unknown,https://kbpixelart.itch.io/medieval-npc-pack-part-2
2026-09-02T02:08:00.333683,[â¦] VisuStella Armory Season Two Collection,Unknown,https://visustella.itch.io/visustella-armory-season-two-collection
2026-09-02T02:08:00.333683,Godot 4 Scene Manager+ (Source Files/Code),Unknown,https://baconandgames.itch.io/scene-manager-source-code
2026-09-02T02:08:00.333683,RPG Medieval Music - Battle,Unknown,https://elvgames.itch.io/rpg-medieval-music-battle
2026-09-02T02:08:00.333683,Human Dance Animations FREE,Unknown,https://kevdev.itch.io/human-dance-animations-free
2026-09-02T02:08:00.333683,[Free] Medieval Props - Small Pack Low Poly,Unknown,https://rg-poly.itch.io/medieval-props-small-pack-low-poly
2026-09-02T02:08:00.333683,Tiny Games Asset Pack,Unknown,https://styloo.itch.io/tinygames
2026-09-02T02:08:00.333683,Fairy Cottage Pack,Unknown,https://zazzz333.itch.io/fairy-cottage-pack
2026-09-02T02:08:00.333683,Elv Tavern Tileset,Unknown,https://elvgames.itch.io/elv-tavern-tileset
2026-09-02T02:08:00.333683,Winlu Fantasy - Destroyed Exterior,Unknown,https://winlu.itch.io/winlu-fantasy-tileset-exterior-destroyed
2026-09-02T02:08:00.333683,PSX MEGA Nature Pack,Unknown,https://mcsteeg.itch.io/psx-mega-nature-pack
2026-09-02T02:08:00.333683,FREE Pixel Grass And Flowers,Unknown,https://styloo.itch.io/pixel-grass-and-flowers
2026-09-02T02:08:00.333683,Beamwing Enemy Sprite 4 Directions [Fantasy Dreamland],Unknown,https://elvgames.itch.io/beamwing-sprites-fantasy-dreamland
2026-09-02T02:08:00.333683,60 Stylized Vegetation Textures,Unknown,https://kalponic-studio.itch.io/60-stylized-vegetation-textures
2026-09-02T02:08:00.333683,RPG Medieval Music - Tavern,Unknown,https://elvgames.itch.io/rpg-medieval-music-tavern
2026-09-02T02:08:00.333683,Godot Cliffs & Rocks Asset Pack 1,Unknown,https://arnklit.itch.io/godot-rock-asset-pack1
2026-09-02T02:08:00.333683,Animal Sprites Pixelart Asset Pack [Farming Game],Unknown,https://elvgames.itch.io/farming-animals-pixelart-asset-pack
2026-09-02T02:08:00.333683,Pixel Art Sci Fi Theme for Godot,Unknown,https://azagaya.itch.io/sci-fi-theme
2026-09-02T02:08:00.333683,Brewing & Alchemy Sound Effects - Universal Sound Effects,Unknown,https://elvgames.itch.io/game-sound-effects-brewing-alchemy
2026-09-02T02:08:00.333683,Pixel Hero Maker,Unknown,https://hippogames.itch.io/pixel-hero-maker
2026-09-02T02:08:00.333683,Slime Enemy Sprite 4 Directions [Fantasy Dreamland],Unknown,https://elvgames.itch.io/slime-sprites-fantasy-dreamland
2026-09-02T02:08:00.333683,Ornate Pixel Art Theme,Unknown,https://azagaya.itch.io/ornate-theme
2026-09-02T02:08:00.333683,Voxel Cyberpunk Buildings - monogon,Unknown,https://maxparata.itch.io/voxelcyberpunkbuildings
2026-09-02T02:08:00.333683,FREE Castle and Fort Builder Pack,Unknown,https://mcsteeg.itch.io/castle-and-fort-builder-pack
2026-09-02T02:08:00.333683,Free Chairs & Tables PSX Asset Pack,Unknown,https://apfelgarten.itch.io/chairs-tables-psx-asset-pack
2026-09-02T02:08:00.333683,Health Asset Pack,Unknown,https://atebits.itch.io/health-pack
2026-09-02T02:08:00.333683,PixelArt Gamepad Mega Pack,Unknown,https://oworowo.itch.io/pixelart-gamepad-ui-pack
2026-09-02T02:08:00.333683,Godot 3.5 FPS Controller,Unknown,https://chafmere.itch.io/godot-fps-controller
2026-09-02T02:08:00.333683,Backrooms Asset Pack [ FREE ],Unknown,https://naivegoblin.itch.io/cc0-backrooms-asset-pack
2026-09-02T02:08:00.333683,project - character controller,Unknown,https://lotovik.itch.io/project-character-controller
2026-09-02T02:08:00.333683,Modular Wooden Docks,Unknown,https://loafbrr.itch.io/wooden-docks
2026-09-02T02:08:00.333683,Neon Wave Theme for Godot Games,Unknown,https://azagaya.itch.io/neon-wave-theme-for-godot-games
2026-09-02T02:08:02.820577,Stylized Tree Pack,Unknown,https://wizp.itch.io/stylized-tree-pack
2026-09-02T02:08:02.820577,Post-Apocalyptic - Pharmacy,Unknown,https://atomicrealm.itch.io/post-apocalyptic-pharmacy
2026-09-02T02:08:02.820577,Pixel Mood - Adventure Set,Unknown,https://alwore.itch.io/pixel-mood
2026-09-02T02:08:02.820577,City Asset pack,Unknown,https://styloo.itch.io/city
2026-09-02T02:08:02.820577,Pocket Series: Village â 16x16 RPG Village Asset Pack,Unknown,https://sebbyspoons.itch.io/pocket-village
2026-09-02T02:08:02.820577,Fantasy Asset Mega Bundle,Unknown,https://mcsteeg.itch.io/fantasy-asset-mega-bundle
2026-09-02T02:08:02.820577,Clean Dark Godot theme,Unknown,https://galacticlake.itch.io/clean-dark-godot-theme
2026-09-02T02:08:02.820577,GAME READY BACKROOMS ASSET PACK VOL. 1,Unknown,https://oxygen3d.itch.io/game-ready-backrooms-asset-pack-vol-1
2026-09-02T02:08:02.820577,Texture Pack: Stylized 01,Unknown,https://juliovii.itch.io/stylizedpk01
2026-09-02T02:08:02.820577,Ultimate Retro PSX Tree Pack,Unknown,https://elegantcrow.itch.io/ultimate-retro-psx-tree-pack
2026-09-02T02:08:02.820577,High Resolution Playing Cards,Unknown,https://badhandstudio.itch.io/high-resolution-playing-cards
2026-09-02T02:08:02.820577,Tiny Treats - Pleasant Picnic set,Unknown,https://tinytreats.itch.io/pleasant-picnic
2026-09-02T02:08:02.820577,PSX Snowy Nature Asset Collection (by Stark Crafts),Unknown,https://starkcrafts.itch.io/psx-snowynature
2026-09-02T02:08:02.820577,Third Person Shooter Template,Unknown,https://chafmere.itch.io/third-person-shooter-template
2026-09-02T02:08:02.820577,Modular Female Elf Pack: From Base Mesh to Hero,Unknown,https://fran-zerogame.itch.io/modular-female-elf-pack-from-base-mesh-to-hero
2026-09-02T02:08:02.820577,Item Icons 16x16 Pixelart [Farming Game],Unknown,https://elvgames.itch.io/farming-game-item-icons-16x16-pixelart
2026-09-02T02:08:02.820577,3D Food Asset Pack,Unknown,https://styloo.itch.io/3dfood
2026-09-02T02:08:02.820577,Pixel UI Theme for Godot,Unknown,https://thowsenmedia.itch.io/pixel-ui-theme-for-godot
2026-09-02T02:08:02.820577,"Clouds Parallax Backgrounds featuring clouds, sky, and a small forest - Pixel art sprite pack",Unknown,https://captainskolot.itch.io/clouds-parallax-backgrounds-featuring-clouds-sky-and-a-small-forest-pixel-art-sp
2026-09-02T02:08:02.820577,VisuStella Worlds: Medieval Church,Unknown,https://visustella.itch.io/visustella-world-medieval-church
2026-09-02T02:08:02.820577,Pixel Art Shaders,Unknown,https://nojoule.itch.io/pixel-art-shaders
2026-09-02T02:08:02.820577,81 Songs Pack by Elektrobear,Unknown,https://moonanagames.itch.io/81-song-pack
2026-09-02T02:08:02.820577,Healing & Medical Item Pack,Unknown,https://3dexter.itch.io/retro-health-healing-essential-items-pack
2026-09-02T02:08:02.820577,Tiny Treats - Fun Playground set,Unknown,https://tinytreats.itch.io/fun-playground
2026-09-02T02:08:02.820577,PS1/PSX Fish Pack,Unknown,https://cursedlake.itch.io/ps1psx-fish-pack
2026-09-02T02:08:02.820577,lofi ordinary man / psx character,Unknown,https://stephrobertgames.itch.io/lofi-ordinary-man
2026-09-02T02:08:02.820577,Side Scroller Village Tileset,Unknown,https://kalponic-studio.itch.io/side-scroller-village-tileset
2026-09-02T02:08:02.820577,â Frozen Kingdom Fantasy Characters Pack,Unknown,https://sakpix.itch.io/frozen-kingdom-fantasy-characters-pack
2026-09-02T02:08:02.820577,Hazmat Suit - PSX Style,Unknown,https://moi0210.itch.io/hazmat-suit-ps1-style
2026-09-02T02:08:02.820577,Sonny The Boxer! 3D Character,Unknown,https://vnparadise.itch.io/sonny-the-boxer-3d-character
2026-09-02T02:08:02.820577,Magic & Spells Sound Effects 6 - Universal Sound Effects,Unknown,https://elvgames.itch.io/magic-spells-sound-effects-6-universal-sound-effects
2026-09-02T02:08:02.820577,Ultimate Cartoon VFX MEGA PACK - PNG  Sequences,Unknown,https://cartooncoffee.itch.io/megapack-video
2026-09-02T02:08:02.820577,Castle and village - Pixel art pack,Unknown,https://edermunizz.itch.io/castle-and-village-pixel-art-pack
2026-09-02T02:08:02.820577,Takin the Godot Game Template,Unknown,https://tinytakinteller.itch.io/takin-godot-template
2026-09-02T02:08:02.820577,Staff Maker,Unknown,https://snoopethduckduck.itch.io/staff-maker
2026-09-02T02:08:02.820577,3d weapons Asset pack,Unknown,https://styloo.itch.io/3d-weapons-asset-pack
2026-09-02T02:08:05.094880,Little Runmo - Project File,Unknown,https://juhosprite.itch.io/little-runmo-project-file
2026-09-02T02:08:05.094880,GODOT 2D - PIXEL PLATFORMER TEMPLATE,Unknown,https://dark-palette.itch.io/godot-2d-pixel-platformer-template
2026-09-02T02:08:05.094880,VoidPix Skybox Pack,Unknown,https://abhishta.itch.io/voidpix-skybox-pack
2026-09-02T02:08:05.094880,DithArt's Sci-Fi Tileset,Unknown,https://dithart.itch.io/sci-fi-tileset
2026-09-02T02:08:05.094880,16-BIT RPG Music 4 - Dark & Cursed Lands,Unknown,https://elvgames.itch.io/16-bit-rpg-dark-cursed-lands
2026-09-02T02:08:05.094880,Animated Pixel Art Coin Pack,Unknown,https://shiezy.itch.io/animated-pixel-art-coin-pack
2026-09-02T02:08:05.094880,Elv Inn Tileset,Unknown,https://elvgames.itch.io/elv-inn-tileset
2026-09-02T02:08:05.094880,CircuitForms | Mech_00,Unknown,https://jimmys7777.itch.io/mech-00
2026-09-02T02:08:05.094880,Texture Pack: Stylized 02,Unknown,https://juliovii.itch.io/stylizedpk02
2026-09-02T02:08:05.094880,Post-Apocalyptic - Gas Station,Unknown,https://atomicrealm.itch.io/post-apocalyptic-gas-station
2026-09-02T02:08:05.094880,Retro Low Poly Ghoul / Zombie PSX Model - Rigged and Animated!,Unknown,https://daniel-almenara.itch.io/ghoul-zombie
2026-09-02T02:08:05.094880,WORLD CHAMPIONSHIP HEROES Football Stars Collection,Unknown,https://sakpix.itch.io/world-championship-heroes-football-stars-collection
2026-09-02T02:08:05.094880,Turn Based RPG Monsters Pack 1,Unknown,https://elvgames.itch.io/turn-based-rpg-monsters-pack-1
2026-09-02T02:08:05.094880,Goat Enemy Pack,Unknown,https://kbpixelart.itch.io/goat-enemy-pack
2026-09-02T02:08:05.094880,Pixel Promise - 24x24 Pixel Font,Unknown,https://v3x3d.itch.io/pixel-promise
2026-09-02T02:08:05.094880,Godot Retro Theme 'Space Worm',Unknown,https://softwave.itch.io/godot-retro-theme-space-worm
2026-09-02T02:08:05.094880,DRAGONBUN - Weapons: Pack 1,Unknown,https://marimo.itch.io/dragonbun-icons5
2026-09-02T02:08:05.094880,BASE MESH---Man Simple,Unknown,https://vyurt.itch.io/base-mesh-man-simple
2026-09-02T02:08:05.094880,SFX Packs - FREE -,Unknown,https://cyberofficial.itch.io/sfx-pack
2026-09-02T02:08:05.094880,Pixel Art Tileset Forest Asset Pack,Unknown,https://pixeline-k.itch.io/pixel-art-forest-asset-pack
2026-09-02T02:08:05.094880,Free Characters,Unknown,https://katcho.itch.io/free-characters
2026-09-02T02:08:05.094880,Cars - Low Poly Massive Car Pack,Unknown,https://rg-poly.itch.io/cars-low-poly-massive-car-pack
2026-09-02T02:08:05.094880,Low Poly Mannequin,Unknown,https://arcorcao.itch.io/low-poly-mannequin
2026-09-02T02:08:05.094880,PSX Asset Pack,Unknown,https://hanusvalenta.itch.io/psxassetpack
2026-09-02T02:08:05.094880,Magic & Spells Sound Effects 5 - Universal Sound Effects,Unknown,https://elvgames.itch.io/magic-spells-sfx-5-universal-game-sounds
2026-09-02T02:08:05.094880,Tiny Treats - Lovely Living Room set,Unknown,https://tinytreats.itch.io/lovely-living-room
2026-09-02T02:08:05.094880,Godot Pixel Art Emoji Pack,Unknown,https://kradzilla.itch.io/godot-pixel-art-emoji-pack
2026-09-02T02:08:05.094880,Complete Action RPG Game Assets Bundle,Unknown,https://elvgames.itch.io/complete-action-rpg-game-assets-bundle
2026-09-02T02:08:05.094880,250+ Low Poly Tree Assets â Forest & Dead Trees,Unknown,https://hooray4brains.itch.io/low-poly-forest-nature-pack
2026-09-02T02:08:05.094880,ð SCI-FI LEGENDS â FUTURISTIC CHARACTERS PACK,Unknown,https://sakpix.itch.io/sci-fi-legends-futuristic-characters-pack
2026-09-02T02:08:05.094880,sci fi like asset pack,Unknown,https://loafbrr.itch.io/sci-fi-like-asset-pack
2026-09-02T02:08:05.094880,Cartoon City Massive Pack- Characters,Unknown,https://rg-poly.itch.io/cartoon-city-massive-pack-characters
2026-09-02T02:08:05.094880,Toon Styled Stuff,Unknown,https://dream-search-repeat.itch.io/toon-styled-stuff
2026-09-02T02:08:05.094880,Graybox 2D,Unknown,https://tinypot.itch.io/graybox-2d
2026-09-02T02:08:05.094880,"Ocean3D: Water, Waves & Buoyancy for Godot 4",Unknown,https://ocean3d.itch.io/ocean3d
2026-09-02T02:08:05.094880,Viking Village - Part 1,Unknown,https://kbpixelart.itch.io/viking-village-part-1
2026-09-02T02:08:07.328895,Vivid Motion : 500+ Animated RPG Icons,Unknown,https://vivid-motion-assets.itch.io/vivid-motion-500-animated-rpg-icons
2026-09-02T02:08:07.328895,2D Pixel Isometric Cave tiles - 32x32,Unknown,https://kipperfalcon.itch.io/pixel-isometric-cave-tiles
2026-09-02T02:08:07.328895,âï¸ Eternal Samurai & Yokai Warriors Pack,Unknown,https://sakpix.itch.io/eternal-samurai-yokai-warriors-pack
2026-09-02T02:08:07.328895,Pixel Hospital Tileset â Modern Medical Pixel Art (32x32),Unknown,https://jackburton84.itch.io/pixel-hospital-tileset-modern-medical-pixel-art-32x32
2026-09-02T02:08:07.328895,Free Pixel Art  ||Forest&Moon  Background,Unknown,https://forest-elfs.itch.io/forestmoon
2026-09-02T02:08:07.328895,PSX Animals: Cats,Unknown,https://mcsteeg.itch.io/psx-animals-cats
2026-09-02T02:08:07.328895,Beastfolk Legends â Fantasy Animal Warriors Characters Pack,Unknown,https://sakpix.itch.io/beastfolk-legends-fantasy-animal-warriors-characters-pack
2026-09-02T02:08:07.328895,Achievements Sound Effects 2 - Universal Sound Effects,Unknown,https://elvgames.itch.io/game-sound-effects-achievements-2
2026-09-02T02:08:07.328895,NEON DYNASTY â Cyberpunk Legends Collection,Unknown,https://sakpix.itch.io/neon-dynasty-cyberpunk-legends-collection
2026-09-02T02:08:07.328895,"Free Low Poly Car, 3 body kits, 4 rims...",Unknown,https://icemaan.itch.io/free-low-poly-car2-3-body-kits-4-rims
2026-09-02T02:08:07.328895,PS1 Retro Water Shader for Unity,Unknown,https://halfhuman.itch.io/ps1-water-shader
2026-09-02T02:08:07.328895,The Eye - Enemy,Unknown,https://kbpixelart.itch.io/the-eye-enemy
2026-09-02T02:08:07.328895,DRAGONBUN - Freebies: Pack 1,Unknown,https://marimo.itch.io/dragonbun-freeicons1
2026-09-02T02:08:07.328895,"FREE Super Input Prompt Icon Pack for PC & Console Gamesâ Compatible with Unreal Engine, Unity & Godot",Unknown,https://juliocacko.itch.io/free-super-input-prompt-pack-icons-unreal-unity-godot
2026-09-02T02:08:07.328895,Pixelart itempack 16x16 sprites- free assetpack,Unknown,https://svor.itch.io/16x16itempack
2026-09-02T02:08:07.328895,Stylized potion bottles 3D pack,Unknown,https://saatou.itch.io/potion-bottle-bundle-for-your-3d-game
2026-09-02T02:08:07.328895,VisuStella Armory: Capes and Mantles Vol.01,Unknown,https://visustella.itch.io/visustella-armory-capes-and-mantles-vol01
2026-09-02T02:08:07.328895,FREE Godot Project - Skybox Shader,Unknown,https://emaceart.itch.io/free-stylized-procedural-sky-godot-skybox-shader
2026-09-02T02:08:07.328895,Mobile UI Buttons Pack,Unknown,https://qog-studio.itch.io/mobile-ui-buttons-pack
2026-09-02T02:08:07.328895,Kyleâs Rock Pack,Unknown,https://kyle-fuji.itch.io/kyles-rock-pack
2026-09-02T02:08:07.328895,Chess,Unknown,https://verzatiledev.itch.io/chess
2026-09-02T02:08:07.328895,Dithart's FREE Sci-fi Tileset,Unknown,https://dithart.itch.io/ditharts-free-sci-fi-tileset
2026-09-02T02:08:07.328895,PSX Animals: Farm Pack,Unknown,https://mcsteeg.itch.io/psx-animals-farm-pack
2026-09-02T02:08:07.328895,PSX Style Camera Shader for Godot 4,Unknown,https://immaculate-lift-studio.itch.io/psx-style-camera-shader-for-godot-4
2026-09-02T02:08:07.328895,Generic Dark Pixel UI,Unknown,https://flatus.itch.io/generic-dark-pixel-ui
2026-09-02T02:08:07.328895,Medieval NPC Pack - P1,Unknown,https://kbpixelart.itch.io/medieval-npc-pack-p1
2026-09-02T02:08:07.328895,Human Archer Animations FREE,Unknown,https://kevdev.itch.io/human-archer-animations-free
2026-09-02T02:08:07.328895,Dunewatcher Enemy Sprite 4 Directions [Fantasy Dreamland],Unknown,https://elvgames.itch.io/dunewatcher-enemy-sprite-fantasy-dreamland
2026-09-02T02:08:07.328895,Painterly Sky Background,Unknown,https://kalponic-studio.itch.io/painterly-sky-background
2026-09-02T02:08:07.328895,Frosted Glass - Godot 3D Shader,Unknown,https://binbun3d.itch.io/frosted-glass
2026-09-02T02:08:07.328895,Librarium Statics - Bone Knights,Unknown,https://aekashics.itch.io/librarium-statics-bone-knights
2026-09-02T02:08:07.328895,1-bit champion generator,Unknown,https://umpatra.itch.io/1-bit-champion-generator
2026-09-02T02:08:07.328895,Wulfstan - The Wolf,Unknown,https://kbpixelart.itch.io/wulfstan-the-wolf
2026-09-02T02:08:07.328895,Classic JRPG Music Pack // Medium Pack,Unknown,https://richarrest.itch.io/classic-jrpg-music-pack-medium-pack
2026-09-02T02:08:07.328895,S13 CITY BUILDER 8 BITS,Unknown,https://s13games.itch.io/s13-city-builder-8-bits
2026-09-02T02:08:07.328895,Texture Pack: Plastic 01,Unknown,https://juliovii.itch.io/plasticpk01
2026-09-02T02:08:09.565287,Textures Glass Windows,Unknown,https://juliovii.itch.io/ftp-glass-windows
2026-09-02T02:08:09.565287,Sword Sound Effects 2 - Universal Sound Effects,Unknown,https://elvgames.itch.io/sword-sound-effects-2-universal-sound-effects
2026-09-02T02:08:09.565287,Japanese Izakaya â Low Poly 3D Asset Pack (Free sampler),Unknown,https://yumeforge.itch.io/japanese-izakaya-low-poly-3d-asset-pack-free-sampler
2026-09-02T02:08:09.565287,14 Blue Energy Animation Pack!,Unknown,https://manugamingcreations.itch.io/blue-energy-animation-pack
2026-09-02T02:08:09.565287,Turn Based RPG Monsters Pack 4,Unknown,https://elvgames.itch.io/turn-based-rpg-monsters-pack-4
2026-09-02T02:08:09.565287,Monster Sound Effects 1 - Universal Sound Effects,Unknown,https://elvgames.itch.io/game-sound-effects-monster-pack-1
2026-09-02T02:08:09.565287,Obssidian Dark Relic Pixel UI & HUD Pack â Godot 4 Ready,Unknown,https://obssidian-art.itch.io/obssidian-dark-relic-pixel-ui-hud-pack-godot-4-ready
2026-09-02T02:08:09.565287,Street Props Pack (Game Ready),Unknown,https://crazydrpants.itch.io/street-props-pack
2026-09-02T02:08:09.565287,Pixel Art Tree Asset Pack,Unknown,https://devkidd.itch.io/pixel-tree-asset-pack
2026-09-02T02:08:09.565287,[Tileset] RPG Overworld,Unknown,https://rhosgfx.itch.io/rpg-overworld
2026-09-02T02:08:09.565287,Millennium Dynasty - Music Pack,Unknown,https://cazwolf.itch.io/millennium-dynasty
2026-09-02T02:08:09.565287,Voxel Cyberpunk Street - monogon,Unknown,https://maxparata.itch.io/voxelcyberpunkstreet
2026-09-02T02:08:09.565287,DRAGONBUN - Weapons: Pack 5,Unknown,https://marimo.itch.io/dragonbun-icons9
2026-09-02T02:08:09.565287,Godot Theme: Soft Retro,Unknown,https://intergenic.itch.io/godot-theme-soft-retro
2026-09-02T02:08:09.565287,Texture Pack: Leather 01,Unknown,https://juliovii.itch.io/leatherpk01
2026-09-02T02:08:09.565287,Sea Water Material (Godot Engine),Unknown,https://fourhours.itch.io/sea-water-material
2026-09-02T02:08:09.565287,Medieval Megapack - Low Poly,Unknown,https://rg-poly.itch.io/medieval-megapack-low-poly
2026-09-02T02:08:09.565287,Lizard Enemy Pack,Unknown,https://kbpixelart.itch.io/lizard-enemy-pack
2026-09-02T02:08:09.565287,Spaceship Generator,Unknown,https://deep-fold.itch.io/spaceship-generator
2026-09-02T02:08:09.565287,DUNGEON WARRIORS 128Ã128 DARK FANTASY DUNGEON CHARACTER COLLECTION,Unknown,https://sakpix.itch.io/dungeon-warriors-128128-dark-fantasy-dungeon-character-collection
2026-09-02T02:08:09.565287,Sporefiend Enemy Sprite 4 Directions [Fantasy Dreamland],Unknown,https://elvgames.itch.io/sporefiend-sprites-fantasy-dreamland
2026-09-02T02:08:09.565287,Texture Pack: Wood 02,Unknown,https://juliovii.itch.io/woodpk02
2026-09-02T02:08:09.565287,"Premium Enchanted Forest Pixel Art Characters for Fantasy RPGs, Roguelikes & Magical Adventures",Unknown,https://sakpix.itch.io/premium-enchanted-forest-pixel-art-characters-for-fantasy-rpgs-roguelikes-magic
2026-09-02T02:08:09.565287,Stylized Asian Village,Unknown,https://wizp.itch.io/stylized-asian-village
2026-09-02T02:08:09.565287,Slimey Enemy Sprite 4 Directions [Fantasy Dreamland],Unknown,https://elvgames.itch.io/slimey-sprites-fantasy-dreamland
2026-09-02T02:08:09.565287,VisuStella Armory: Shields Vol.01,Unknown,https://visustella.itch.io/visustella-armory-shields-vol01
2026-09-02T02:08:09.565287,Fantasy UI,Unknown,https://oinky55.itch.io/fantasy-ui
2026-09-02T02:08:09.565287,Tiny Treats - Playful Bedroom set,Unknown,https://tinytreats.itch.io/playful-bedroom
2026-09-02T02:08:09.565287,10+ Biomes Top-Down Tilesets for Many Engines!,Unknown,https://pixelodyssey.itch.io/10plus-biomes-top-down-tilesets
2026-09-02T02:08:09.565287,[MAT] PBR Materials Pack,Unknown,https://jdsherbert.itch.io/pbr-materials-pack-free
2026-09-02T02:08:09.565287,Soldier Character Pack,Unknown,https://mcsteeg.itch.io/soldier-character-pack
2026-09-02T02:08:09.565287,64x64 Pixel Art Dungeon Tileset (4 Color Variants),Unknown,https://miguelsgp.itch.io/pixel-art-dungeon-tileset-64x64
2026-09-02T02:08:09.565287,BEAST KINGDOMS 128Ã128 Fantasy Animal Warriors Collection,Unknown,https://sakpix.itch.io/beast-kingdoms-128128-fantasy-animal-warriors-collection
2026-09-02T02:08:09.565287,Mega Marine Pack with Extras,Unknown,https://rapidpunches.itch.io/megamarinepack
2026-09-02T02:08:09.565287,Branching Dialogue Graph Godot (with json),Unknown,https://insbilla.itch.io/branching-dialogue-graph-godot-with-json
2026-09-02T02:08:09.565287,Animated Game Characters,Unknown,https://atomicrealm.itch.io/pixel-art-characters
2026-09-02T02:08:11.799924,Bandit Enemy Pack - Remake,Unknown,https://kbpixelart.itch.io/bandit-enemy-pack
2026-09-02T02:08:11.799924,Warehouse / Factory,Unknown,https://actg.itch.io/warehouse-factory
2026-09-02T02:08:11.799924,[BGM] Harvest Seasons Music Pack,Unknown,https://jdsherbert.itch.io/harvest-seasons-music-pack
2026-09-02T02:08:11.799924,Dunestalker Enemy Sprite 4 Directions [Fantasy Dreamland],Unknown,https://elvgames.itch.io/dunestalker-enemy-sprite-fantasy-dreamland
2026-09-02T02:08:11.799924,Low Poly Elf Character â Game-Ready,Unknown,https://fran-zerogame.itch.io/low-poly-elf-character-game-ready
2026-09-02T02:08:11.799924,Overworld Autotiles,Unknown,https://dandeliondino.itch.io/overworld-autotiles
2026-09-02T02:08:11.799924,ð° Dark Fantasy Dungeon Heroes Pack,Unknown,https://sakpix.itch.io/dark-fantasy-dungeon-heroes-pack
2026-09-02T02:08:11.799924,Marketplace Tileset 16x16 Pixelart [Farming Game],Unknown,https://elvgames.itch.io/marketplace-tiles-16x16-pixelart-asset-pack
2026-09-02T02:08:11.799924,LO-FI Burger Menu Tray Asset Pack [FREE],Unknown,https://hauntedgato.itch.io/lo-fi-burger-menu-tray-asset-pack
2026-09-02T02:08:11.799924,Ice VFX - Godot 3D,Unknown,https://binbun3d.itch.io/ice-vfx
2026-09-02T02:08:11.799924,Sea Assets - Ships,Unknown,https://atomicrealm.itch.io/sea-assets
2026-09-02T02:08:11.799924,Turn Based RPG Monsters Pack 02,Unknown,https://elvgames.itch.io/turn-based-rpg-monsters-pack-2
2026-09-02T02:08:11.799924,10 Branching Quests (Survival RPG Dialogue System),Unknown,https://francisco-89549.itch.io/rpg-quest-system
2026-09-02T02:08:11.799924,Pixel Portrait Creator,Unknown,https://lyime.itch.io/pixel-portrait-creator
2026-09-02T02:08:11.799924,16-Bit RPG Music 1 - Adventure,Unknown,https://elvgames.itch.io/16-bit-rpg-music-1-adventure
2026-09-02T02:08:11.799924,The Action Adventure Platformer or Something Like That...,Unknown,https://alexrequiemd.itch.io/theactionadventureplatformergodot
2026-09-02T02:08:11.799924,Demon Enemy Pack - Remake,Unknown,https://kbpixelart.itch.io/demon-enemy-pack-remake
2026-09-02T02:08:11.799924,[Free] Medieval Weapons - Small Low Poly Pack,Unknown,https://rg-poly.itch.io/medieval-weapons-small-low-poly-pack
2026-09-02T02:08:11.799924,Pocket Series: Forest â 16Ã16 Asset Pack,Unknown,https://sebbyspoons.itch.io/pocket-forest
2026-09-02T02:08:11.799924,Texture Pack: Stone and Bricks 01,Unknown,https://juliovii.itch.io/stoneandbrickspk01
2026-09-02T02:08:11.799924,GodotSky,Unknown,https://stayathomedev.itch.io/godotsky
2026-09-02T02:08:11.799924,FREE PSX Demonic Weapons Pack,Unknown,https://retro-spud.itch.io/psx-demonic-weapons-pack
2026-09-02T02:08:11.799924,220 Stylized Ground Textures,Unknown,https://kalponic-studio.itch.io/stylized-ground-textures
2026-09-02T02:08:11.799924,Monster Sound Effects 2 - Universal Sound Effects,Unknown,https://elvgames.itch.io/monster-pack-2-universal-game-sound-effects
2026-09-02T02:08:11.799924,Orbistone Enemy Sprite 4 Directions [Fantasy Dreamland],Unknown,https://elvgames.itch.io/orbistone-enemy-sprite-fantasy-dreamland
2026-09-02T02:08:11.799924,3D Spaceships Pack,Unknown,https://polyyai.itch.io/3d-spaceships-pack
2026-09-02T02:08:11.799924,Low Poly FPS Weapons Pack Lite,Unknown,https://justcreate3d.itch.io/low-poly-fps-weapons-pack-lite
2026-09-02T02:08:11.799924,Sci-fi Modular Sentry Gun,Unknown,https://3darknight.itch.io/sci-fi-modular-sentry-gun
2026-09-02T02:08:11.799924,Rockhelm Enemy Sprite 4 Directions [Fantasy Dreamland],Unknown,https://elvgames.itch.io/rockhelm-enemy-sprite-fantasy-dreamland
2026-09-02T02:08:11.799924,Pixel EvoMonsters Pack 03,Unknown,https://elvgames.itch.io/pixel-evomonsters-pack-03
2026-09-02T02:08:11.799924,Character Sprites Asset Pack 6 [Fantasy Dreamland],Unknown,https://elvgames.itch.io/character-sprites-asset-pack-6-fantasy-dreamland
2026-09-02T02:08:11.799924,"LOWPO : Undead Low poly Character Pack (FBX, GLTF, BLEND, OBJ)",Unknown,https://standout7.itch.io/lowpo-undead
2026-09-02T02:08:11.799924,Lakeview Bakery | Low-poly | Stylized,Unknown,https://bukkbeek.itch.io/lakeview-bakery
2026-09-02T02:08:11.799924,Mechanized Subjects - Part 2,Unknown,https://kbpixelart.itch.io/mechanized-subjects-part-2
2026-09-02T02:08:11.799924,PS1 | PSX Medieval Market,Unknown,https://cursedlake.itch.io/ps1-psx-medieval-market
2026-09-02T02:08:11.799924,2D Pixel Art Spell Projectile Sprites,Unknown,https://elthen.itch.io/2d-pixel-art-spell-projectile-sprites
2026-09-02T02:08:14.049745,PS1 | PSX Huntsman spider,Unknown,https://cursedlake.itch.io/ps1-psx-huntsman-spider
2026-09-02T02:08:14.049745,Modular Dungeon Tiles Asset,Unknown,https://loafbrr.itch.io/modular-dungeon-tiles-asset
2026-09-02T02:08:14.049745,Godot Water Splash VFX,Unknown,https://tomazod.itch.io/godot-splash-vfx
2026-09-02T02:08:14.049745,"POLY - Mega Weapons Kit Modular (Unity, UE, Godot)",Unknown,https://animpicstudio.itch.io/poly-mega-weapons-kit-modular-unity-ue-godot
2026-09-02T02:08:14.049745,Vampire Survivors Template,Unknown,https://hvnsart.itch.io/vampire-survivors-template
2026-09-02T02:08:14.049745,Sci-Fi UI Sound Effects 2 - Universal Sound Effects,Unknown,https://elvgames.itch.io/sci-fi-ui-sound-effects-2-universal-sound-effects
2026-09-02T02:08:14.049745,2D Pixel Art Status Effect Sprites,Unknown,https://elthen.itch.io/2d-pixel-art-status-effect-sprites
2026-09-02T02:08:14.049745,STARFORGE ALLIANCE â 128Ã128 Sci-Fi Character Collection,Unknown,https://sakpix.itch.io/starforge-alliance-128128-sci-fi-character-collection
2026-09-02T02:08:14.049745,ð©¸Crimson Vampire Hunters Packð©¸,Unknown,https://sakpix.itch.io/crimson-vampire-hunters-pack
2026-09-02T02:08:14.049745,Fire Rain Effect,Unknown,https://inspiredsloth.itch.io/fire-rain-effect
2026-09-02T02:08:14.049745,VisuStella Armory: Medieval Clothing Vol.01,Unknown,https://visustella.itch.io/visustella-armory-medieval-clothing-vol01
2026-09-02T02:08:14.049745,Texture Pack: Medieval Tiles 01,Unknown,https://juliovii.itch.io/ftp-medieval-tiles-01
2026-09-02T02:08:14.049745,Cozy Character Pack,Unknown,https://mintygamekit.itch.io/cozy-character-pack
2026-09-02T02:08:14.049745,Slime Shooter - Godot Learning Project,Unknown,https://polygonix.itch.io/slime-shooter-godot-foss-learning-project
2026-09-02T02:08:14.049745,Materials Leather 02,Unknown,https://juliovii.itch.io/materials-leather-02
2026-09-02T02:08:14.049745,FREE Godot Project - Grass Wind Shader,Unknown,https://emaceart.itch.io/emaceart-stylized-grass-grass-shader-for-godot-4
2026-09-02T02:08:14.049745,3D Platformer Character [Free],Unknown,https://yahyadanboos.itch.io/3d-platformer-character
2026-09-02T02:08:14.049745,A Bunch of Chests,Unknown,https://verzatiledev.itch.io/a-bunch-of-chests
2026-09-02T02:08:14.049745,Low Poly Sci-Fi Weapons Lite,Unknown,https://justcreate3d.itch.io/low-poly-sci-fi-weapons-lite
2026-09-02T02:08:14.049745,Pixel EvoMonsters Pack 16,Unknown,https://elvgames.itch.io/pixel-evomonsters-pack-16
2026-09-02T02:08:14.049745,GAME READY MILITARY BASE ASSET PACK,Unknown,https://oxygen3d.itch.io/game-ready-military-base-asset-pack
2026-09-02T02:08:14.049745,First Person Arms Pack,Unknown,https://vyurt.itch.io/first-person-arms-pack
2026-09-02T02:08:14.049745,8-BIT Fantasy Music - Dungeons,Unknown,https://elvgames.itch.io/8-bit-fantasy-music-dungeons
2026-09-02T02:08:14.049745,Beggar,Unknown,https://kbpixelart.itch.io/beggar-patreon-member-only
2026-09-02T02:08:14.049745,Footsteps Sound Effects 3 - Universal Sound Effects,Unknown,https://elvgames.itch.io/game-sound-effects-footsteps-2
2026-09-02T02:08:14.049745,Rockeye Enemy Sprite 4 Directions [Fantasy Dreamland],Unknown,https://elvgames.itch.io/rockeye-enemy-sprite-fantasy-dreamland
2026-09-02T02:08:14.049745,8-BIT Battle Music 3,Unknown,https://elvgames.itch.io/8-bit-battle-music-3
2026-09-02T02:08:14.049745,PSX Dark Knights Pack,Unknown,https://retro-spud.itch.io/psx-dark-knights-pack
2026-09-02T02:08:14.049745,Free Ruined Village Buildings â Pixel Art Assets,Unknown,https://mutterpixel-studio.itch.io/ruined-village-buildings-pixel-art-assets
2026-09-02T02:08:14.049745,Footsteps Sound Effects 2 - Universal Sound Effects,Unknown,https://elvgames.itch.io/game-sound-effects-footsteps
2026-09-02T02:08:14.049745,â¡ Neon Viper: Cyberpunk Combat Hero,Unknown,https://sakpix.itch.io/neon-viper-cyberpunk-combat-hero
2026-09-02T02:08:14.049745,Cosmic Backgrounds,Unknown,https://verzatiledev.itch.io/cosmic-backgrounds
2026-09-02T02:08:14.049745,Jampot Complete Bundle Â· 307 Low-Poly 3D Models,Unknown,https://jampot-gg.itch.io/jampot-complete-bundle
2026-09-02T02:08:14.049745,Prototype Textures,Unknown,https://unitology.itch.io/prototype-textures
2026-09-02T02:08:14.049745,Platformer Tileset Industrial Core 16x16 Pixelart,Unknown,https://elvgames.itch.io/platformer-tileset-industrial-core
2026-09-02T02:08:14.049745,DithArt's Sci-Fi Tileset 3 - Alien Spaceship,Unknown,https://dithart.itch.io/ditharts-alien-spaceship
2026-09-02T02:08:16.405612,"RPG Maker VX Ace, MV & MZ Animations - Air/Dash Spell Pack",Unknown,https://manugamingcreations.itch.io/rpg-maker-vx-ace-mv-mz-animations-air-spell-pack
2026-09-02T02:08:16.405612,Antalon Enemy Sprite 4 Directions [Fantasy Dreamland],Unknown,https://elvgames.itch.io/antalon-sprites-fantasy-dreamland
2026-09-02T02:08:16.405612,Low Poly Dragon Model 3D,Unknown,https://bocdagla.itch.io/low-poly-dragon
2026-09-02T02:08:16.405612,"POLY - Mega Survival Kit (Unity, UE, Godot)",Unknown,https://animpicstudio.itch.io/poly-mega-survival-kit
2026-09-02T02:08:16.405612,Godot Day Night 2D System,Unknown,https://thowsenmedia.itch.io/godot-day-night-2d-system
2026-09-02T02:08:16.405612,Foliage_1,Unknown,https://loafbrr.itch.io/foliage-1
2026-09-02T02:08:16.405612,Character Sprites 16x16 Pixelart Asset Pack 4 [Farming Game],Unknown,https://elvgames.itch.io/farming-character-sprites-4
2026-09-02T02:08:16.405612,DARK GOTHIC FANTASY â LEGENDS COLLECTION,Unknown,https://sakpix.itch.io/dark-gothic-fantasy-legends-collection
2026-09-02T02:08:16.405612,PanningCamera2D: Godot Lesson Pack,Unknown,https://bramwell.itch.io/panning-cam
2026-09-02T02:08:16.405612,General Weather Complete Pack - 2D Weather VFX + Bonus SFX-Godot-Ready,Unknown,https://obssidian-art.itch.io/general-weather-complete-pack-godot-ready
2026-09-02T02:08:16.405612,Classic JRPG Music Pack // Tiny Pack,Unknown,https://richarrest.itch.io/classic-jrpg-music-pack-tiny-pack
2026-09-02T02:08:16.405612,PSX Shotgun,Unknown,https://myles-leslie.itch.io/psx-shotgun
2026-09-02T02:08:16.405612,LOWPO: Base Character â Low Poly Rigged 3D Model,Unknown,https://standout7.itch.io/lowpo-base
2026-09-02T02:08:16.405612,Low Poly Food Pack,Unknown,https://greboge.itch.io/low-poly-food-pack
2026-09-02T02:08:16.405612,ð® MORWEN â WITCH OF THE ECLIPSE,Unknown,https://sakpix.itch.io/morwen-witch-of-the-eclipse
2026-09-02T02:08:16.405612,DithArt's Sci-Fi Tileset 2 - Med Bay,Unknown,https://dithart.itch.io/ditharts-sci-fi-tileset2
2026-09-02T02:08:16.405612,Tiny Plane Asset Pack,Unknown,https://styloo.itch.io/plane
2026-09-02T02:08:16.405612,Free Stylized Sprite VFX,Unknown,https://kalponic-studio.itch.io/free-stylized-sprite-vfx
2026-09-02T02:08:16.405612,Soft light Godot theme,Unknown,https://galacticlake.itch.io/soft-light-godot-theme
2026-09-02T02:08:16.405612,Low Poly Vehicles Package-Optimized,Unknown,https://awbmegames0.itch.io/low-poly-vehicles-optimized-package
2026-09-02T02:08:16.405612,PSX Style Door & Window Textures,Unknown,https://marcis.itch.io/retro-textures-2
2026-09-02T02:08:16.405612,City Builder Game Template,Unknown,https://mxfilho.itch.io/meas-city-builder-game-template
2026-09-02T02:08:16.405612,Cactoid Enemy Sprite 4 Directions [Fantasy Dreamland],Unknown,https://elvgames.itch.io/cactoid-sprites-fantasy-dreamland
2026-09-02T02:08:16.405612,Dwarf Basic Motions FREE,Unknown,https://kevdev.itch.io/dwarf-basic-motions-free
2026-09-02T02:08:16.405612,Basic First Person for Godot 4,Unknown,https://gabrielcassimiro.itch.io/basic-first-person-for-godot-4
2026-09-02T02:08:16.405612,Handpainted fantasy props pack,Unknown,https://lukky-nl.itch.io/handpainted-fantasy-props-pack
2026-09-02T02:08:16.405612,RPG / Roguelike items asset pack,Unknown,https://lazy-fox.itch.io/items-asset-pack
2026-09-02T02:08:16.405612,Voxel Zombie Characters - monogon,Unknown,https://maxparata.itch.io/voxelzombiecharacters
2026-09-02T02:08:16.405612,Texture Pack: Stylized 03,Unknown,https://juliovii.itch.io/ftp-stylized-03
2026-09-02T02:08:16.405612,"Free Low Poly Car, 3 body kits, 4 rims...",Unknown,https://icemaan.itch.io/free-low-poly-car-3-body-kits-4-rims
2026-09-02T02:08:16.405612,Materials Stone Floors,Unknown,https://juliovii.itch.io/materials-stone-floors
2026-09-02T02:08:16.405612,[FREE] Potion Inventory Sprites - 170 Pack,Unknown,https://polyyai.itch.io/potion-inventory-sprites-170-pack
2026-09-02T02:08:16.405612,16-Bit RPG Music 2 - Towns & Villages,Unknown,https://elvgames.itch.io/16-bit-rpg-music-2-towns-villages
2026-09-02T02:08:16.405612,Magic & Spells Sound Effects 8 - Universal Sound Effects,Unknown,https://elvgames.itch.io/magic-spells-sound-effects-8-universal-sound-effects
2026-09-02T02:08:16.405612,Low Poly House Interior & Exterior,Unknown,https://justcreate3d.itch.io/low-poly-house-interior-exterior
2026-09-02T02:08:16.405612,Inventory Sidebar and Container,Unknown,https://tinyloomstd.itch.io/inventory-sidebar-and-container
2026-09-02T02:08:18.665703,UI Aurora,Unknown,https://verzatiledev.itch.io/ui-aurora
2026-09-02T02:08:18.665703,Fire Mage,Unknown,https://idiostaide.itch.io/fire-mage
2026-09-02T02:08:18.665703,Godot Ready Low Poly Modular Character,Unknown,https://gevonstria.itch.io/godot-ready-low-poly-character
2026-09-02T02:08:18.665703,Cozy Sim Music Pack [Town Life] - Tiny Pack,Unknown,https://richarrest.itch.io/cozy-sim-music-pack-town-life
2026-09-02T02:08:18.665703,Cycloring Enemy Sprite 4 Directions [Fantasy Dreamland],Unknown,https://elvgames.itch.io/cycloring-enemy-sprite-fantasy-dreamland
2026-09-02T02:08:18.665703,Pixel art keyboard and mouse sprites (16x16)  â 100 Icon UI Asset Pack,Unknown,https://svor.itch.io/pixelart-keyboard-ui-iconpac-1616
2026-09-02T02:08:18.665703,Foliath Enemy Sprite 4 Directions [Fantasy Dreamland],Unknown,https://elvgames.itch.io/foliath-sprites-fantasy-dreamland
2026-09-02T02:08:18.665703,Swamp - Part 1 & 2,Unknown,https://kbpixelart.itch.io/swamp-part-12
2026-09-02T02:08:18.665703,PSX Animals: Horses,Unknown,https://mcsteeg.itch.io/psx-animals-horses
2026-09-02T02:08:18.665703,IRON EMPIRE â 128Ã128 Legendary Steampunk Heroes Collection,Unknown,https://sakpix.itch.io/iron-empire-128128-legendary-steampunk-heroes-collection
2026-09-02T02:08:18.665703,Spooky Mansion [16x16],Unknown,https://dhassa.itch.io/spooky-mansion
2026-09-02T02:08:18.665703,Pet Rats Pack,Unknown,https://maxmorkson.itch.io/pet-rat-pack
2026-09-02T02:08:18.665703,GAME READY BACKROOMS ASSET PACK VOL. 2,Unknown,https://oxygen3d.itch.io/game-ready-backrooms-asset-pack-vol-2
2026-09-02T02:08:18.665703,Voxel City - monogon,Unknown,https://maxparata.itch.io/voxelcity
2026-09-02T02:08:18.665703,Texture Pack: Tiles 01,Unknown,https://juliovii.itch.io/tilespk01
2026-09-02T02:08:18.665703,GBC Plush: Modern - Living Room 01,Unknown,https://daxxpixel.itch.io/gbcplush-modern-living-room-01
2026-09-02T02:08:18.665703,8-BIT Battle Music 2,Unknown,https://elvgames.itch.io/8-bit-battle-music-2
2026-09-02T02:08:18.665703,Godot C# Examples,Unknown,https://gametemplates.itch.io/godot-cs-examples
2026-09-02T02:08:18.665703,Obssidian Gothic UI â Godot Ready Dark Fantasy UI Kit,Unknown,https://obssidian-art.itch.io/obssidian-gothic-ui-godot
2026-09-02T02:08:18.665703,Pixel Tower Defenders Asset Pack,Unknown,https://codelaboratory.itch.io/pixel-tower-defenders-asset-pack
2026-09-02T02:08:18.665703,Turn Based RPG Monsters Pack 20,Unknown,https://elvgames.itch.io/turn-based-rpg-monsters-pack-20
2026-09-02T02:08:18.665703,Pixel Grassland pack,Unknown,https://moranovo.itch.io/tile
2026-09-02T02:08:18.665703,Texture Pack: Food 01,Unknown,https://juliovii.itch.io/foodpk01
2026-09-02T02:08:18.665703,Visual Novel Example Project,Unknown,https://nathanhoad.itch.io/godot-dialogue-example-project-visual-novel
2026-09-02T02:08:18.665703,Topdown prototyping walls 16x16,Unknown,https://whiteshampoo.itch.io/topdown-prototyping-walls
2026-09-02T02:08:18.665703,Stylized Metals 01,Unknown,https://juliovii.itch.io/ftp-metals-01
2026-09-02T02:08:18.665703,2D Dog Character,Unknown,https://styloo.itch.io/dog2d
2026-09-02T02:08:18.665703,FREE APOCA,Unknown,https://blazowacho.itch.io/free-apoca
2026-09-02T02:08:18.665703,A Bunch of Vases,Unknown,https://verzatiledev.itch.io/vases
2026-09-02T02:08:18.665703,"Free Low Poly Car, 3 body kits, 4 rims",Unknown,https://icemaan.itch.io/free-low-poly-car3-3-body-kits-4-rims
2026-09-02T02:08:18.665703,Godot Ship Controller,Unknown,https://ryanremer.itch.io/godot-ship-controller
2026-09-02T02:08:18.665703,Classic JRPG Music Pack // Grand Pack,Unknown,https://richarrest.itch.io/classic-jrpg-music-pack-grand-pack
2026-09-02T02:08:18.665703,Kingdom Citizens â Fantasy Townfolk & NPC Collection,Unknown,https://sakpix.itch.io/kingdom-citizens-fantasy-townfolk-npc-collection
2026-09-02T02:08:18.665703,Platformer Tileset Research Facility 16x16 Pixelart,Unknown,https://elvgames.itch.io/platformer-tileset-research-facility
2026-09-02T02:08:18.665703,A Bunch of Archery (CC0),Unknown,https://verzatiledev.itch.io/archery
2026-09-02T02:08:18.665703,Free Car Low Poly,Unknown,https://icemaan.itch.io/free-car-low-poly
2026-09-02T02:08:20.927885,Pixel Cops: NPC Pack,Unknown,https://lunascra.itch.io/pixel-cops-npc-pack
2026-09-02T02:08:20.927885,ð´ SUMMER BEACH GIRLS,Unknown,https://sakpix.itch.io/summer-beach-girls
2026-09-02T02:08:20.927885,2D GIRL,Unknown,https://styloo.itch.io/girl
2026-09-02T02:08:20.927885,PSX Evil Clowns,Unknown,https://retro-spud.itch.io/psx-evil-clowns
2026-09-02T02:08:20.927885,Steampunk Bot Enemy Pack - V1,Unknown,https://kbpixelart.itch.io/steampunk-bot-enemy-pack
2026-09-02T02:08:20.927885,"POLY - Survival Subway (Unity, UE, Godot)",Unknown,https://animpicstudio.itch.io/poly-survival-subway-unity-ue-godot
2026-09-02T02:08:20.927885,Pixel EvoMonsters Pack 07,Unknown,https://elvgames.itch.io/pixel-evomonsters-pack-07
2026-09-02T02:08:20.927885,Sci-Fi Monster Sound Effects 2 - Universal Sound Effects,Unknown,https://elvgames.itch.io/game-sound-effects-sci-fi-monster-2
2026-09-02T02:08:20.927885,Godot 4 Retro Horror FX Toolkit,Unknown,https://rastalr.itch.io/godot-4-retro-horror-fx-toolkit
2026-09-02T02:08:20.927885,Puppet Combo style Retro VHS Shaders for Unity,Unknown,https://halfhuman.itch.io/puppet-combo-style-vhs-shaders-for-unity
2026-09-02T02:08:20.927885,Unfinished Buildings Set,Unknown,https://loafbrr.itch.io/unfinished-buildings
2026-09-02T02:08:20.927885,Texture Pack: Tiles 02,Unknown,https://juliovii.itch.io/tilespk02
2026-09-02T02:08:20.927885,Game Components â Drop-in Gameplay Systems for Godot 4,Unknown,https://thornido.itch.io/godot-game-components
2026-09-02T02:08:20.927885,Mutant Enemy Pack,Unknown,https://kbpixelart.itch.io/mutant-enemy-pack
2026-09-02T02:08:20.927885,A Bunch of Trees,Unknown,https://verzatiledev.itch.io/trees
2026-09-02T02:08:20.927885,Texture Pack: Metallic Grids & Tiles,Unknown,https://juliovii.itch.io/ftp-metallic-grids-tiles
2026-09-02T02:08:20.927885,BloomBorne Enchanter - Enemy,Unknown,https://kbpixelart.itch.io/bloomborne-enchanter-enemy
2026-09-02T02:08:20.927885,16x16 Tiny World - Farmlands,Unknown,https://fliegevogel.itch.io/t
2026-09-02T02:08:20.927885,8-BIT Adventure Music 2,Unknown,https://elvgames.itch.io/8-bit-adventure-music-2
2026-09-02T02:08:20.927885,Godot Node Icons - Card Games & More,Unknown,https://greenhavensoftware.itch.io/card-games-and-more-node-icons-for-godot
2026-09-02T02:08:20.927885,Giga psx-style inspired lowpoly assets (Updated to 45+ assets! ),Unknown,https://jamzuz.itch.io/giga-psx-style-inspired-lowpoly-assets
2026-09-02T02:08:20.927885,Texture Pack: Wood 01,Unknown,https://juliovii.itch.io/woodpk01
2026-09-02T02:08:20.927885,Pixel EvoMonsters Pack 12,Unknown,https://elvgames.itch.io/pixel-evomonsters-pack-12
2026-09-02T02:08:20.927885,Modular Pixel Houses Tileset Pack 05,Unknown,https://elvgames.itch.io/modular-houses-tileset-pack-08
2026-09-02T02:08:20.927885,Pixel Mood - Goblins Sprite Pack,Unknown,https://alwore.itch.io/pixel-mood-goblins-sprite-pack
2026-09-02T02:08:20.927885,Monster Sound Effects 3 - Universal Sound Effects,Unknown,https://elvgames.itch.io/monster-sound-effects-3-universal-game-sounds
2026-09-02T02:08:20.927885,Texture Pack: Wood 03,Unknown,https://juliovii.itch.io/ftp-wood-03
2026-09-02T02:08:20.927885,Generic Grass/Dirt Tileset,Unknown,https://sourix5042.itch.io/generic-grassdirt-tileset
2026-09-02T02:08:20.927885,Minimalist Warehouse Set - Godot 3,Unknown,https://carbonova.itch.io/minimalist-warehouse-set
2026-09-02T02:08:20.927885,"""Realistic"" Buildings asset pack for Godot - Blender",Unknown,https://joethejunkbox.itch.io/buildings-assets
2026-09-02T02:08:20.927885,8-BIT Adventure Music Bundle,Unknown,https://elvgames.itch.io/8-bit-adventure-music-bundle
2026-09-02T02:08:20.927885,Farming Sim Character Base,Unknown,https://smallmak.itch.io/farming-sim-character-base
2026-09-02T02:08:20.927885,"Godot splash screen, animated",Unknown,https://guhnahdahb.itch.io/godot-splash-screen-gnd-pop
2026-09-02T02:08:20.927885,Fantasy Terrain Materials | Core Terrain,Unknown,https://orcpoweredgames.itch.io/stylized-terrain-textures-vol-1
2026-09-02T02:08:20.927885,LICH KING EMPEROR â LEGENDARY UNDEAD FROST MONARCH,Unknown,https://sakpix.itch.io/lich-king-emperor-legendary-undead-frost-monarch
2026-09-02T02:08:20.927885,ð AUREX â DRAGONBLOOD CHAMPION,Unknown,https://sakpix.itch.io/aurex-dragonblood-champion
2026-09-02T02:08:23.235935,Lowpoly  plant pack Godot,Unknown,https://niwl-games.itch.io/plants
2026-09-02T02:08:23.235935,Pixel Fantasy RPG Icons Equipment 32Ã32,Unknown,https://cyangmou.itch.io/pixel-fantasy-rpg-icons-equipment-3232
2026-09-02T02:08:23.235935,PSX Guns: Ammo,Unknown,https://mcsteeg.itch.io/psx-guns-ammo
2026-09-02T02:08:23.235935,GBC Plush: Essential - The Cave,Unknown,https://daxxpixel.itch.io/gbcplush-essential-thecave
2026-09-02T02:08:23.235935,8-BIT Adventure Music 3,Unknown,https://elvgames.itch.io/8-bit-adventure-music-3
2026-09-02T02:08:23.235935,Free Tileset Pack,Unknown,https://pulkitverma.itch.io/free-tileset-pack
2026-09-02T02:08:23.235935,Godot third person combo template,Unknown,https://waffleawt.itch.io/godot-third-person-combo-template
2026-09-02T02:08:23.235935,Free Low Poly Summer Pack,Unknown,https://d1mee.itch.io/free-low-poly-summer-pack
2026-09-02T02:08:23.235935,WHISPERING MEADOW â 128Ã128 Cozy Village Heroes Collection,Unknown,https://sakpix.itch.io/whispering-meadow-128128-cozy-village-heroes-collection
2026-09-02T02:08:23.235935,Godot Theme: Black and White,Unknown,https://intergenic.itch.io/godot-theme-black-and-white
2026-09-02T02:08:23.235935,Castle Wall Kit,Unknown,https://loafbrr.itch.io/castle-wall-kit
2026-09-02T02:08:23.235935,Cute Sleeping Kittens 2D Icons/Images,Unknown,https://gamedev-kitty.itch.io/sleeping-kittens-2d-icon-pack
2026-09-02T02:08:23.235935,12 Kitchen Tools & Ingredients - Pixelart / Pixel Art Sprite  for cooking RPG,Unknown,https://captainskolot.itch.io/12-asset-pixelart-pixel-art-sprite-dessert-pack-rpg
2026-09-02T02:08:23.235935,Vector Icons & Ui,Unknown,https://styloo.itch.io/vector
2026-09-02T02:08:23.235935,8-BIT Adventure Music 5,Unknown,https://elvgames.itch.io/8-bit-adventure-music-5
2026-09-02T02:08:23.235935,Texture Pack: Asphalt 01,Unknown,https://juliovii.itch.io/ftp-asphalt-01
2026-09-02T02:08:23.235935,NINJA CHARACTER,Unknown,https://styloo.itch.io/ninja
2026-09-02T02:08:23.235935,Free Model - Sam [FBX/TSCN/MHM],Unknown,https://frontlinestudios.itch.io/asset-sam
2026-09-02T02:08:23.235935,8-BIT Battle Music 1,Unknown,https://elvgames.itch.io/8-bit-battle-music-1
2026-09-02T02:08:23.235935,Dungeon Voxel Assets,Unknown,https://felixstrefter.itch.io/dungeon-voxel-assets
2026-09-02T02:08:23.235935,Cozy Cat CafÃ©- Asset Pack V.2.2,Unknown,https://mintygamekit.itch.io/cozycatcafe
2026-09-02T02:08:23.235935,Materials Stylized Metal Panels,Unknown,https://juliovii.itch.io/ftp-stylized-metal-panels
2026-09-02T02:08:23.235935,AK47,Unknown,https://mcsteeg.itch.io/ak47
2026-09-02T02:08:23.235935,3D Low Poly Chest,Unknown,https://3darknight.itch.io/3d-low-poly-chest
2026-09-02T02:08:23.235935,ARCANE LEGACY 128Ã128 Magic Academy Character Collection,Unknown,https://sakpix.itch.io/arcane-legacy-128128-magic-academy-character-collection
2026-09-02T02:08:23.235935,Cute Dungeon Megapack,Unknown,https://rg-poly.itch.io/cute-dungeon-megapack
2026-09-02T02:08:23.235935,DRAGONBUN - Books & Papers: Pack 1,Unknown,https://marimo.itch.io/dragonbun-icons3
2026-09-02T02:08:23.235935,Crosshairs UI,Unknown,https://verzatiledev.itch.io/crosshairs-ui
2026-09-02T02:08:23.235935,Cobra Robot 4k Character Asset,Unknown,https://dartrak.itch.io/cobra-robot
2026-09-02T02:08:23.235935,Pixel EvoMonsters Pack 35,Unknown,https://elvgames.itch.io/pixel-evomonsters-pack-35
2026-09-02T02:08:23.235935,Godot 4 Platformer Basics,Unknown,https://michaelgames.itch.io/godot-platformer-controller-basics
2026-09-02T02:08:23.235935,Universal Pixel UI & HUD Pack â Godot 4 Ready,Unknown,https://obssidian-art.itch.io/universal-pixel-ui-hud-pack-godot-4-ready
2026-09-02T02:08:23.235935,Super Retro Odyssey â¢ Sound Effects Pack,Unknown,https://farm-animal.itch.io/se-pack
2026-09-02T02:08:23.235935,8-BIT Fantasy Music - Exploration,Unknown,https://elvgames.itch.io/8-bit-fantasy-music-exploration
2026-09-02T02:08:23.235935,Human Crafting Animations,Unknown,https://kevdev.itch.io/human-villager-animations
2026-09-02T02:08:23.235935,Texture Pack: Mix Pack 08,Unknown,https://juliovii.itch.io/ftp-mixpack08
2026-09-02T02:08:25.613482,Turn Based RPG Monsters Pack 8,Unknown,https://elvgames.itch.io/turn-based-rpg-monsters-pack-8
2026-09-02T02:08:25.613482,Ork Enemy Pack - Remake,Unknown,https://kbpixelart.itch.io/ork-enemy-pack
2026-09-02T02:08:25.613482,RPG asset tileset Busy CafÃ© pack (Asset Alliance),Unknown,https://shanianickel.itch.io/busy-cafe
2026-09-02T02:08:25.613482,Kings and Pigs - Source Godot Code,Unknown,https://in3mo.itch.io/source-code-kings-and-pigs
2026-09-02T02:08:25.613482,Scrolling Starfield Shader for Godot,Unknown,https://steampunkdemon.itch.io/pixelated-starfield-shader-with-paralax-scrolling-effect-for-godot
2026-09-02T02:08:25.613482,Godot 3 - 2D->3D Dungeon-Game-Template,Unknown,https://dsuter.itch.io/godot-3-2d-3d-dungeon-game-template
2026-09-02T02:08:25.613482,8-BIT Battle Music Bundle,Unknown,https://elvgames.itch.io/8-bit-battle-music-bundle
2026-09-02T02:08:25.613482,Pixel Flow: Fantasy [16x16] [RPG],Unknown,https://dhassa.itch.io/pixel-flow-fantasy
2026-09-02T02:08:25.613482,Jane -  The Fake Victim,Unknown,https://shinobugaen.itch.io/pixel-abyss-jane
2026-09-02T02:08:25.613482,Pixel Mood - Old West Town,Unknown,https://alwore.itch.io/pixel-mood-old-west-town
2026-09-02T02:08:25.613482,Traps & Mechanisms Sound Effects - Universal Sound Effects,Unknown,https://elvgames.itch.io/traps-mechanisms-sound-effects-universal-sound-effects
2026-09-02T02:08:25.613482,SpaceShips,Unknown,https://verzatiledev.itch.io/spaceships
2026-09-02T02:08:25.613482,Mountain Parallax Backgrounds featuring mountains and a beautiful sky - Pixel art sprite pack,Unknown,https://captainskolot.itch.io/mountain-parallax-backgrounds-featuring-mountains-and-a-beautiful-sky-pixel-ar
2026-09-02T02:08:25.613482,CYBER SHINOBI â Futuristic Ninja Hero,Unknown,https://sakpix.itch.io/cyber-shinobi-futuristic-ninja-hero
2026-09-02T02:08:25.613482,PinBall,Unknown,https://verzatiledev.itch.io/pinball
2026-09-02T02:08:25.613482,PS1/PSX Heavy Arctic Transport,Unknown,https://cursedlake.itch.io/ps1psx-heavy-arctic-transport
2026-09-02T02:08:25.613482,Pixelart Fonts Asset Pack 2,Unknown,https://elvgames.itch.io/pixelart-fonts-asset-pack-2
2026-09-02T02:08:25.613482,Low Poly House Kit,Unknown,https://moovingbox.itch.io/low-poly-house-kit
2026-09-02T02:08:25.613482,A Bunch of Banners (CC0),Unknown,https://verzatiledev.itch.io/banners
2026-09-02T02:08:25.613482,[SVG] Vector Food Pack PRO,Unknown,https://rhosgfx.itch.io/vector-food-pack-pro
2026-09-02T02:08:25.613482,JAPANESE LEGENDS â Fantasy Character Collection  128Ã128 Retro Pixel Art,Unknown,https://sakpix.itch.io/japanese-legends-fantasy-character-collection-128128-retro-pixel-art
2026-09-02T02:08:25.613482,Ultimate Retro Shader Collection for Godot,Unknown,https://zorochase.itch.io/ultimate-retro-shader-collection-for-godot
2026-09-02T02:08:25.613482,Dark Ambient Music Pack // Tiny Pack,Unknown,https://richarrest.itch.io/distant-screams-dark-ambient-music-pack-tiny-pack
2026-09-02T02:08:25.613482,CC0 ASSET PACK - OLD WEST TOWN,Unknown,https://naivegoblin.itch.io/old-west-asset-pack
2026-09-02T02:08:25.613482,Mansion of Shadow : 16x16 Tileset,Unknown,https://bakadri.itch.io/mansion-of-shadow-16x16-tileset
2026-09-02T02:08:25.613482,Godot4.3 base camera3d for 3rd person game,Unknown,https://jajoji.itch.io/godot43-base-camera3d-for-3rd-person-game
2026-09-02T02:08:25.613482,CYBERPUNK SIDE-SCROLLER TILESET 32x32,Unknown,https://sakpix.itch.io/cyberpunk-side-scroller-tileset-32x32
2026-09-02T02:08:25.613482,Two Handed Sword Animations V2 (UE/FBX),Unknown,https://gamedev-hero.itch.io/two-handed-sword-animations-v2
2026-09-02T02:08:25.613482,[FREE] Alien Character Game Asset,Unknown,https://xflimbox.itch.io/alienguycharacter
2026-09-02T02:08:25.613482,Amir - Forest Nature Pack,Unknown,https://ahmedamirdev.itch.io/amir-forest-nature-pack
2026-09-02T02:08:25.613482,ð¼ï¸Painterly Textures Vol. 2,Unknown,https://kalponic-studio.itch.io/painterly-textures-vol-2
2026-09-02T02:08:25.613482,Basic FPS Controller,Unknown,https://stayathomedev.itch.io/basic-fps-controller
2026-09-02T02:08:25.613482,8-BIT Fantasy Music - Villages,Unknown,https://elvgames.itch.io/8-bit-fantasy-music-villages
2026-09-02T02:08:25.613482,Stylized School Asset Pack,Unknown,https://hattylaird.itch.io/stylized-school-asset-pack
2026-09-02T02:08:25.613482,EVERGROVE LEGENDS â 256Ã256 Elite Woodland Guardians Collection,Unknown,https://sakpix.itch.io/evergrove-legends-256256-elite-woodland-guardians-collection
2026-09-02T02:08:25.613482,Private Investigator Office Asset Pack,Unknown,https://devotedloner.itch.io/private-investigator-office-asset-pack
2026-09-02T02:08:27.896727,Godot Day and Night Sky,Unknown,https://josuec.itch.io/godot-day-and-night-sky
2026-09-02T02:08:27.896727,Godot | CustomizableMenu for begginers 1.0,Unknown,https://chukoj.itch.io/godot-customizablemenu-for-begginers
2026-09-02T02:08:27.896727,Synthesized Vehicle Audio,Unknown,https://jreo.itch.io/jreo-sva
2026-09-02T02:08:27.896727,Texture Pack: Stone Tiles,Unknown,https://juliovii.itch.io/ftp-stone-tiles
2026-09-02T02:08:27.896727,Cozy Village NPC Collection Vol.1,Unknown,https://sakpix.itch.io/cozy-village-npc-collection-vol1
2026-09-02T02:08:27.896727,Low Poly Medieval Bedroom Furniture Asset Pack,Unknown,https://jaybeelittlecreations.itch.io/low-poly-medieval-bedroom-furniture-asset-pack
2026-09-02T02:08:27.896727,Modern Classic - Godot UI Theme,Unknown,https://raou.itch.io/modernclassic-ui-theme
2026-09-02T02:08:27.896727,3D Goose,Unknown,https://plewr.itch.io/goose
2026-09-02T02:08:27.896727,Stylized Stone & Wood  02,Unknown,https://juliovii.itch.io/ftp-stone-wood-02
2026-09-02T02:08:27.896727,VOID RAVEN â Cosmic Void Huntress,Unknown,https://sakpix.itch.io/void-raven-cosmic-void-huntress
2026-09-02T02:08:27.896727,Low Poly RPG Fantasy Weapons Lite,Unknown,https://justcreate3d.itch.io/low-poly-rpg-fantasy-weapons-lite
2026-09-02T02:08:27.896727,Electronic Game Music Bundle,Unknown,https://elvgames.itch.io/electronic-game-music-bundle
2026-09-02T02:08:27.896727,Simply Plush (Sprite + Animations),Unknown,https://splendiddog.itch.io/simply-plush
2026-09-02T02:08:27.896727,Pixel Girls Walk Sheet Pack,Unknown,https://moranovo.itch.io/pixel-girls-walk-sheet-park
2026-09-02T02:08:27.896727,NPC & Environmental Package Collection,Unknown,https://kbpixelart.itch.io/npc-environmental-package-collection
2026-09-02T02:08:27.896727,Magic & Spells Sound Effects 7 - Universal Sound Effects,Unknown,https://elvgames.itch.io/magic-spells-sound-effects-7-universal-game-sounds
2026-09-02T02:08:27.896727,90's Retro Office Pack,Unknown,https://crazydrpants.itch.io/90s-retro-office-pack
2026-09-02T02:08:27.896727,DRAGONBUN - Herbs & Ingredients: Pack 1,Unknown,https://marimo.itch.io/dragonbun-icons2
2026-09-02T02:08:27.896727,Dragon Enemy Package,Unknown,https://kbpixelart.itch.io/dragon-enemy-package
2026-09-02T02:08:27.896727,Free Grafito 2D Game Assets,Unknown,https://jovannyrodz.itch.io/free-grafito-2d-game-assets
2026-09-02T02:08:27.896727,A Bunch of Lamp-Posts,Unknown,https://verzatiledev.itch.io/lamps
2026-09-02T02:08:27.896727,Skeleton Enemy Pack - Remake,Unknown,https://kbpixelart.itch.io/skeleton-enemy-pack-remake
2026-09-02T02:08:27.896727,â¡ KAEL-09 â NEON BLADE OPERATIVE,Unknown,https://sakpix.itch.io/kael-09-neon-blade-operative
2026-09-02T02:08:27.896727,Villager men psx/lowpoly design,Unknown,https://stephrobertgames.itch.io/villager-men-psxlowpoly-design
2026-09-02T02:08:27.896727,Top-Down Nature Environment,Unknown,https://mr-pixelz.itch.io/16x16-pixel-nature-environment
2026-09-02T02:08:27.896727,8-BIT Adventure Music 4,Unknown,https://elvgames.itch.io/8-bit-adventure-music-4
2026-09-02T02:08:27.896727,Top-Down Cave,Unknown,https://mr-pixelz.itch.io/16x16-pixel-cave
2026-09-02T02:08:27.896727,Josie - Character Model,Unknown,https://jenjell.itch.io/josie-character-model
2026-09-02T02:08:27.896727,[PACK] 3D Base Character Mesh,Unknown,https://aethercode.itch.io/pack-3d-base-character-mesh
2026-09-02T02:08:27.896727,PSX School & Asylum - Low Poly Horror Assets,Unknown,https://blackmirestudios.itch.io/psx-abandoned-school-asylum-low-poly-horror-props
2026-09-02T02:08:27.896727,Mythological Enemy Pack - V2,Unknown,https://kbpixelart.itch.io/mythological-enemy-pack-v2
2026-09-02T02:08:27.896727,Godod First Person Character,Unknown,https://dv-gamedev.itch.io/godod-first-person-character
2026-09-02T02:08:27.896727,Backrooms Level 94 PSX Pack,Unknown,https://liminallydreamcore.itch.io/psx-backrooms-level-94-pack
2026-09-02T02:08:27.896727,Cyberpunk Pixel Art â Civilians Pack,Unknown,https://lunascra.itch.io/20-cyberpunk-pixel-art-npcs
2026-09-02T02:08:27.896727,Mini Biomes: 8x8 Platformer Tileset,Unknown,https://bakadri.itch.io/mini-biomes-8x8-platformer-tileset
2026-09-02T02:08:27.896727,PRIMAL DYNASTIES â 256Ã256 Fantasy Beast Champions Collection,Unknown,https://sakpix.itch.io/primal-dynasties-256256-fantasy-beast-champions-collection
2026-09-02T02:08:30.411122,Toilets,Unknown,https://loafbrr.itch.io/toilets
2026-09-02T02:08:30.411122,Adventure Platformer Demo [Godot],Unknown,https://pedrovmvictor.itch.io/godot-adventure-platformer-demo-godot
2026-09-02T02:08:30.411122,Archangel Commander â Legendary Celestial Warrior Hero,Unknown,https://sakpix.itch.io/archangel-commander-legendary-celestial-warrior-hero
2026-09-02T02:08:30.411122,Pixel EvoMonsters Pack 20,Unknown,https://elvgames.itch.io/pixel-evomonsters-pack-20
2026-09-02T02:08:30.411122,Holographic card VFX - Godot,Unknown,https://soygus.itch.io/holographic-card-vfx-godot
2026-09-02T02:08:30.411122,Desert Package,Unknown,https://kbpixelart.itch.io/desert-package
2026-09-02T02:08:30.411122,Materials Stylized Bricks & Plaster,Unknown,https://juliovii.itch.io/ftp-stylized-bricks-plaster
2026-09-02T02:08:30.411122,UI Autumn (CC0),Unknown,https://verzatiledev.itch.io/ui-autumn
2026-09-02T02:08:30.411122,FROZEN KINGDOM â 128Ã128 Legendary Ice Heroes Collection,Unknown,https://sakpix.itch.io/frozen-kingdom-128128-legendary-ice-heroes-collection
2026-09-02T02:08:30.411122,Tiny Treats - Bakery Building set,Unknown,https://tinytreats.itch.io/bakery-building
2026-09-02T02:08:30.411122,SCI-FI SIDE-SCROLLER TILESET,Unknown,https://sakpix.itch.io/sci-fi-side-scroller-tileset
2026-09-02T02:08:30.411122,[â¦]VisuStella Cuisine Season One Collection,Unknown,https://visustella.itch.io/visustella-cuisine-season-one-collection
2026-09-02T02:08:30.411122,Industrial Characters - Sci-fi,Unknown,https://atomicrealm.itch.io/industrial-characters-scifi
2026-09-02T02:08:30.411122,FREE Godot Engine Logo Redesigns,Unknown,https://stayathomedev.itch.io/free-godot-logo-redesigns
2026-09-02T02:08:30.411122,Goblin Low Poly,Unknown,https://maximumdamage.itch.io/goblin-low-poly
2026-09-02T02:08:30.411122,Mythological Enemy Pack - V1,Unknown,https://kbpixelart.itch.io/mythological-enemy-pack-v1
2026-09-02T02:08:30.411122,Pocket Series: Dungeon - 16x16 Asset Pack,Unknown,https://sebbyspoons.itch.io/pocket-dungeon
2026-09-02T02:08:30.411122,Room Furniture Pack,Unknown,https://moranovo.itch.io/room-furniture-pack
2026-09-02T02:08:30.411122,Industrial Cyberpunk 3D Tilepack,Unknown,https://slipperhat.itch.io/industrial-cyberpunk-3d-tilepack
2026-09-02T02:08:30.411122,COZY ASSETS - Isometric Modular Male Character Kit (Idle + Walk + Sit),Unknown,https://klimmos.itch.io/cozy-assets-male-isometric-modular-character-kit
2026-09-02T02:08:30.411122,Pixel EvoMonsters Pack 04,Unknown,https://elvgames.itch.io/pixel-evomonsters-pack-04
2026-09-02T02:08:30.411122,Pixel Art Stylized Background,Unknown,https://edermunizz.itch.io/pixel-art-stylized-background
2026-09-02T02:08:30.411122,Materials Stylized Ceramic Tiles 01,Unknown,https://juliovii.itch.io/ftp-stylizedceramictiles01
2026-09-02T02:08:30.411122,Pixelart Fonts Asset Pack,Unknown,https://elvgames.itch.io/pixelart-fonts-asset-pack
2026-09-02T02:08:30.411122,Character Sprites 16x16 Pixelart Asset Pack 3 [Farming Game],Unknown,https://elvgames.itch.io/farming-character-sprites-3
2026-09-02T02:08:30.411122,Unarmed Fighting Animation V3 (Unreal Engine/FBX),Unknown,https://gamedev-hero.itch.io/unarmed-fighting-animation-v3-unreal-enginefbx
2026-09-02T02:08:30.411122,16-BIT RPG Music 7 - Boss Battles,Unknown,https://elvgames.itch.io/16-bit-rpg-music-6-boss-battles
2026-09-02T02:08:30.411122,Warfront Elite Squad- Modern Military Operators Collection,Unknown,https://sakpix.itch.io/warfront-elite-squad-modern-military-operators-collection
2026-09-02T02:08:30.411122,THE BLACK SANCTUM â 128Ã128 Psychological Horror Character Collection,Unknown,https://sakpix.itch.io/the-black-sanctum-128128-psychological-horror-character-collection
2026-09-02T02:08:30.411122,Walkie-Talkie (CC0),Unknown,https://verzatiledev.itch.io/walkie-talkie
2026-09-02T02:08:30.411122,2D Pixel Art Combusted Sprites,Unknown,https://elthen.itch.io/2d-pixel-art-combusted-sprites
2026-09-02T02:08:30.411122,Pixel RPG Character Pack - Human,Unknown,https://direbubble.itch.io/pixel-human-character-pack-6-classes-with-animations-3232
2026-09-02T02:08:30.411122,Crimson Syndicate - Faction NPC Pack,Unknown,https://lunascra.itch.io/crimson
2026-09-02T02:08:30.411122,"Neon District FREE â Cyberpunk Pixel Art Starter Kit (16x16, Unity/Godot/RPG Maker)",Unknown,https://abk911lol.itch.io/neon-district-free-cyberpunk-pixel-art-starter-kit-16x16-unitygodotrpg-maker
2026-09-02T02:08:30.411122,Spear Combat Animation V1 (Unreal Engine/FBX),Unknown,https://gamedev-hero.itch.io/spear-combat-animation-v1-unreal-enginefbx
2026-09-02T02:08:30.411122,Top Town 8 Directional Animal Pack,Unknown,https://sharkusmk.itch.io/top-town-8-directional-animal-pack
2026-09-02T02:08:32.881828,Avatar Black,Unknown,https://vyurt.itch.io/avatar-black
2026-09-02T02:08:32.881828,Cyberpunk Style Music 1,Unknown,https://elvgames.itch.io/cyberpunk-style-music-1
2026-09-02T02:08:32.881828,Godot visual-novel template project,Unknown,https://kzulfazriawan.itch.io/godot-visual-novel-template-project
2026-09-02T02:08:32.881828,OLYMPUS ASCENSION â Greek Gods & Heroes Collection,Unknown,https://sakpix.itch.io/olympus-ascension-greek-gods-heroes-collection
2026-09-02T02:08:32.881828,PSX Eyehead Monstrosity,Unknown,https://retro-spud.itch.io/psx-eyehead-monstrosity
2026-09-02T02:08:32.881828,Top Down Pixel Art Horror Full,Unknown,https://kamisama887.itch.io/top-down-pixel-art-horror-paid
2026-09-02T02:08:32.881828,32 x 32px Isometric Prototyping Kit (15 shapes & more perspectives),Unknown,https://cozyconsoleco.itch.io/32-x-32-isometric-prototyping-kit
2026-09-02T02:08:32.881828,PSX Plague Doctor,Unknown,https://retro-spud.itch.io/psx-plague-doctor
2026-09-02T02:08:32.881828,GBC Plush: Essential - Forest Cabin 01,Unknown,https://daxxpixel.itch.io/gbcplush-essential-forestcabin-01
2026-09-02T02:08:32.881828,VELKHAR â Lord of the Dead,Unknown,https://sakpix.itch.io/velkhar-lord-of-the-dead
2026-09-02T02:08:32.881828,Turn Based RPG Monsters Pack 21,Unknown,https://elvgames.itch.io/turn-based-rpg-monsters-pack-21
2026-09-02T02:08:32.881828,A Bunch of TD Turrets,Unknown,https://verzatiledev.itch.io/a-bunch-of-tower-defence-turrets
2026-09-02T02:08:32.881828,Hazmat Suit 2.0 - PSX Style,Unknown,https://moi0210.itch.io/hazmat-ps1
2026-09-02T02:08:32.881828,DARK GOTHIC ELITE CHARACTER COLLECTION,Unknown,https://sakpix.itch.io/dark-gothic-elite-character-collection
2026-09-02T02:08:32.881828,Food and Drink: Vegetable Pack,Unknown,https://mcsteeg.itch.io/vegetable-pack
2026-09-02T02:08:32.881828,Fire Slime - Pixel Art Enemy,Unknown,https://cappaz.itch.io/fire-slime
2026-09-02T02:08:32.881828,Pixel Mood - Dirt Biome,Unknown,https://alwore.itch.io/pixel-mood-dirt-biome
2026-09-02T02:08:32.881828,Pixel Art Parallax Backgrounds: Forest Paths with Mountains and Clouds - Pixel art Sprite Pack Pixelart,Unknown,https://captainskolot.itch.io/pixel-art-parallax-backgrounds-forest-paths-with-mountains-and-clouds-pixel-ar
2026-09-02T02:08:32.881828,Godot 2D Prototype Assets,Unknown,https://toldoven.itch.io/godot-2d-prototype-asset-pack
2026-09-02T02:08:32.881828,Free Low Poly Rocks,Unknown,https://crazydrpants.itch.io/free-low-poly-rocks
2026-09-02T02:08:32.881828,Male Character for Godot (Animated/Rigged)+Mouth rig,Unknown,https://smokin-joe.itch.io/male-character-for-godot
2026-09-02T02:08:32.881828,Card Game Framework,Unknown,https://dbzer0.itch.io/card-game-framework
2026-09-02T02:08:32.881828,Desert Enemy Package,Unknown,https://kbpixelart.itch.io/desert-enemy-package
2026-09-02T02:08:32.881828,Texture Pack: Wood 01 Variations,Unknown,https://juliovii.itch.io/woodpkvar01
2026-09-02T02:08:32.881828,Particle effects for Godot 3,Unknown,https://danilw.itch.io/particle-effects-godot3
2026-09-02T02:08:32.881828,16x16 Dungeon Asset Pack â Moonlit Platformer Series,Unknown,https://sebbyspoons.itch.io/moonlit-dungeon-dark-fantasy-pixel-platformer-tileset
2026-09-02T02:08:32.881828,PixelatedLove,Unknown,https://justkato.itch.io/pixelatedlove
2026-09-02T02:08:32.881828,Super Retro Odyssey â¢ Melodies Musics Pack,Unknown,https://farm-animal.itch.io/me-pack
2026-09-02T02:08:32.881828,Prototype Textures,Unknown,https://gabrielcassimiro.itch.io/prototype-textures
2026-09-02T02:08:32.881828,Free Pixel Character Sprite (One Eyed Creature),Unknown,https://potat0master.itch.io/free-pixel-character-sprite-one-eyed-creature
2026-09-02T02:08:32.881828,16-BIT RPG Music 6 - Divine & Sacred,Unknown,https://elvgames.itch.io/16-bit-rpg-music-6-divine-sacred
2026-09-02T02:08:32.881828,Ultimate RPG Icon Megapack â 1000+ Retro Pixel Art Icons,Unknown,https://sakpix.itch.io/ultimate-rpg-icon-megapack-1000-retro-pixel-art-icons
2026-09-02T02:08:32.881828,Godot Project Template,Unknown,https://genacvid.itch.io/godot-project-template
2026-09-02T02:08:32.881828,[â¦]VisuStella Atelier Season One Collection,Unknown,https://visustella.itch.io/visustella-atelier-season-one-collection
2026-09-02T02:08:32.881828,36 Pixelart emojis 16x16 sprites-Free assetpack,Unknown,https://svor.itch.io/36-emojis1616
2026-09-02T02:08:32.881828,"Forest Path Parallax (Trees, Paths, Mountains, and Clouds) - Pixel Art Sprite Pack",Unknown,https://captainskolot.itch.io/forest-path-parallax-trees-paths-mountains-and-clouds-pixel-art-sprite-pack
2026-09-02T02:08:35.187327,Turtle Character Sprite,Unknown,https://sharkusmk.itch.io/turtle-player-top-down-sprite-2d-pixel
2026-09-02T02:08:35.187327,8-BIT Fantasy Music - Dungeons II,Unknown,https://elvgames.itch.io/8-bit-fantasy-music-dungeons-ii
2026-09-02T02:08:35.187327,Texture Pack: Metal Grids,Unknown,https://juliovii.itch.io/ftp-metal-grid
2026-09-02T02:08:35.187327,Mythic Dungeon (CC0),Unknown,https://verzatiledev.itch.io/mythic-dungeon
2026-09-02T02:08:35.187327,Natural Exteriors - Asset Pack,Unknown,https://studiodenny.itch.io/naturalexteriors
2026-09-02T02:08:35.187327,Poison Spell Icons 16x16 Pixelart,Unknown,https://elvgames.itch.io/poison-spell-icons-16x16-pixelart
2026-09-02T02:08:35.187327,Source Code - BiLLz Devs 2D Platformer Mechanics,Unknown,https://billz-devs.itch.io/source-code-billz-devs-2d-platformer-mechanics
2026-09-02T02:08:35.187327,Cute Valley - Legendary Edition,Unknown,https://pixelando-art.itch.io/cute-valley
2026-09-02T02:08:35.187327,Pixel EvoMonsters Pack 11,Unknown,https://elvgames.itch.io/pixel-evomonsters-pack-11
2026-09-02T02:08:35.187327,Materials Carved Stone,Unknown,https://juliovii.itch.io/materials-carved-stone
2026-09-02T02:08:35.187327,PSX SUBWAY STATION,Unknown,https://joethejunkbox.itch.io/psx-subway-station
2026-09-02T02:08:35.187327,SAK-GUARDIAN OF THE CAT KINGDOM,Unknown,https://sakpix.itch.io/sak-guardian-of-the-cat-kingdom
2026-09-02T02:08:35.187327,Godot Plushie 3D Character,Unknown,https://apiratehat.itch.io/godot-plushie-3d-character
2026-09-02T02:08:35.187327,8-BIT Fantasy Music - Farming,Unknown,https://elvgames.itch.io/8-bit-fantasy-music-farming
2026-09-02T02:08:35.187327,Materials Stylized Concrete,Unknown,https://juliovii.itch.io/fmp-stylized-concrete
2026-09-02T02:08:35.187327,Texture Pack: Wooden Floor 01,Unknown,https://juliovii.itch.io/ftp-woodenfloor-01
2026-09-02T02:08:35.187327,INFERNA â 128Ã128 Legendary Abyssal Valkyrie,Unknown,https://sakpix.itch.io/inferna-128128-legendary-abyssal-valkyrie
2026-09-02T02:08:35.187327,"Pixel Art Parallax Backgrounds: Dark Castle Dungeon - Pixel Art Sprite Pack""",Unknown,https://captainskolot.itch.io/pixel-art-parallax-backgrounds-dark-castle-dungeon-pixel-art-sprite-pack
2026-09-02T02:08:35.187327,PSX Farm Tools,Unknown,https://mcsteeg.itch.io/psx-farm-tools
2026-09-02T02:08:35.187327,School Hall - Free License,Unknown,https://peladodev.itch.io/school
2026-09-02T02:08:35.187327,Modular Bad Guy Character Pack,Unknown,https://mcsteeg.itch.io/modular-bad-guy-character-pack
2026-09-02T02:08:35.187327,Free Practice Isometric Tiles For Godot,Unknown,https://depth-strider.itch.io/practice-iso-tiles
2026-09-02T02:08:35.187327,Snow Mountain Backgrounds,Unknown,https://myaumya.itch.io/snow-mountain-backgrounds
2026-09-02T02:08:35.187327,Isometric RPG World Pack - Pixel Art,Unknown,https://khaledpng.itch.io/isometricitchio
2026-09-02T02:08:35.187327,Voxel Icons and Items Megapack - monogon,Unknown,https://maxparata.itch.io/voxelicons
2026-09-02T02:08:35.187327,Top-Down Snow Environment,Unknown,https://mr-pixelz.itch.io/16x16-pixel-snow-environment
2026-09-02T02:08:35.187327,Pixel Mood - Four Seasons,Unknown,https://alwore.itch.io/pixel-mood-four-seasons
2026-09-02T02:08:35.187327,Pixel RPG VFX Pack â Free Animated Effects,Unknown,https://pewas.itch.io/pixel-rpg-vfx-pack-free-animated-effects
2026-09-02T02:08:35.187327,Stylized 3D Fire and Smoke VFX Godot,Unknown,https://knowercoder.itch.io/3d-fire-and-smoke
2026-09-02T02:08:35.187327,Balatro Style Card UI Asset Pack for Godot 4.6+,Unknown,https://jazzjackrabbit-1.itch.io/balatro-style-card-ui-assetpack-for-godot-47
2026-09-02T02:08:35.187327,16-BIT RPG Music 5 - Exploration,Unknown,https://elvgames.itch.io/16-bit-rpg-music-4-exploration
2026-09-02T02:08:35.187327,ECLIPSE ORDER â Lunar Guardians Collection,Unknown,https://sakpix.itch.io/eclipse-order-lunar-guardians-collection
2026-09-02T02:08:35.187327,8-BIT Battle Music 5,Unknown,https://elvgames.itch.io/8-bit-battle-music-5
2026-09-02T02:08:35.187327,Modular Pixel Cats: Customizable Animated Sprite Pack,Unknown,https://dyru.itch.io/modular-pixel-cats-customizable-animated-sprite-pack
2026-09-02T02:08:35.187327,Fire AoE ( 4 animations ),Unknown,https://manugamingcreations.itch.io/fire-aoe-animation-for-any-engine
2026-09-02T02:08:35.187327,2D Pixel Art Elite Swordsman Sprites,Unknown,https://elthen.itch.io/2d-pixel-art-elite-swordsman-sprites
2026-09-02T02:08:37.480342,Pixel Art Parallax Backgrounds: Cloudy Sky with Forest and River - Pixel art Sprite Pack Pixelart,Unknown,https://captainskolot.itch.io/pixel-art-parallax-backgrounds-cloudy-sky-with-forest-and-river-pixel-art-spri
2026-09-02T02:08:37.480342,Restyling Van Buren,Unknown,https://abdurakhman.itch.io/restyling-van-buren
2026-09-02T02:08:37.480342,Sci-Fi Monster Sound Effects 1 - Universal Sound Effects,Unknown,https://elvgames.itch.io/game-sound-effects-sci-fi-monster-1
2026-09-02T02:08:37.480342,Castles and Moonbases,Unknown,https://atomicrealm.itch.io/castles-and-moonbases
2026-09-02T02:08:37.480342,LO-FI Computer Desk Asset Pack,Unknown,https://hauntedgato.itch.io/lo-fi-computer-desk-asset-pack
2026-09-02T02:08:37.480342,8-BIT Battle Music 4,Unknown,https://elvgames.itch.io/8-bit-battle-music-4
2026-09-02T02:08:37.480342,HEROIC LEGENDS â ULTIMATE SUPER HEROES COLLECTION,Unknown,https://sakpix.itch.io/heroic-legends-ultimate-super-heroes-collection
2026-09-02T02:08:37.480342,Golden Legend â Free Fantasy Starter Pack,Unknown,https://dtmates.itch.io/golden-legend-free-fantasy-starter-pack
2026-09-02T02:08:37.480342,[Old] Sain's Retro Square UI Frames Asset Pack,Unknown,https://sainguinpixels.itch.io/sains-retro-square-ui-frames-asset-pack
2026-09-02T02:08:37.480342,Godot Minimal Game Template,Unknown,https://maaack.itch.io/godot-minimal-game-template
2026-09-02T02:08:37.480342,"Free + Ultimate Pixel Art Food Pack â 18,700+ Files | 1100+ Assets - RPG, Survival, Farming & Cooking Game Icons",Unknown,https://pixel-1992.itch.io/ultimate-pixel-art-food-pack-18700-files-1100-assets-rpg-survival-farming-cookin
2026-09-02T02:08:37.480342,Meadows - Stylized Environment for Godot ( + Unity & Unreal Engine),Unknown,https://polyartstudios.itch.io/meadows-godot
2026-09-02T02:08:37.480342,Futuristic Female Portrait Pack â Pixelart / Pixel Art Sprite â Badass Busts for RPG / Visual Novel,Unknown,https://captainskolot.itch.io/futuristic-female-portrait-pack-pixelart-pixel-art-sprite-badass-busts-for-rpg
2026-09-02T02:08:37.480342,Super Retro Odyssey â¢ Ambients Sounds Pack,Unknown,https://farm-animal.itch.io/ambients-pack
2026-09-02T02:08:37.480342,Godot 2D Platformer Controller,Unknown,https://ludonauta.itch.io/precision-platforming
2026-09-02T02:08:37.480342,Texture Pack: Metal 01,Unknown,https://juliovii.itch.io/metalpk01
2026-09-02T02:08:37.480342,Advanced Locomotion System,Unknown,https://danielsantoscbr.itch.io/advanced-locomotion-system
2026-09-02T02:08:37.480342,PSX Island Environment Asset Pack,Unknown,https://ink-ribbon.itch.io/psx-island-assets
2026-09-02T02:08:37.480342,Game Jam Starter Template,Unknown,https://hatmix.itch.io/game-jam-starter-template
2026-09-02T02:08:37.480342,Lost Kingdom,Unknown,https://tinypot.itch.io/lost-kingdom
2026-09-02T02:08:37.480342,Dark Survival HUD Elements â Free Asset Pack,Unknown,https://gamanbit.itch.io/dark-survival-hud-elements-free-asset-pack
2026-09-02T02:08:37.480342,PSX Anomaly Monster,Unknown,https://retro-spud.itch.io/psx-anomaly-monster
2026-09-02T02:08:37.480342,16-BIT Achievement Sound Effects - Universal Sound Effects,Unknown,https://elvgames.itch.io/16-bit-achievement-sound-effects-universal-sound-effects
2026-09-02T02:08:37.480342,LOWPO: Samurai Pack â Low poly & Animated,Unknown,https://standout7.itch.io/lowpo-samurai
2026-09-02T02:08:37.480342,[BGM] Horrowshow Soundscapes Music Pack,Unknown,https://jdsherbert.itch.io/horrowshow-soundscapes-music-pack
2026-09-02T02:08:37.480342,Godot Logo Pack: Splash Screens & Banners,Unknown,https://zacksly.itch.io/godot-logo-pack
2026-09-02T02:08:37.480342,Checkers (CC0),Unknown,https://verzatiledev.itch.io/checkers
2026-09-02T02:08:37.480342,Platformer Character Base,Unknown,https://413games.itch.io/platformercharacterbase
2026-09-02T02:08:37.480342,Iconic Open Wheelers Car Pack - Low Poly,Unknown,https://som-natalino.itch.io/iconic-open-wheelers-low-poly-car-pack
2026-09-02T02:08:37.480342,Interactive Phone UI,Unknown,https://verzatiledev.itch.io/interactive-phone-ui
2026-09-02T02:08:37.480342,M â¤ï¸ tema,Unknown,https://fishxels.itch.io/motema
2026-09-02T02:08:37.480342,DRAGONBUN - Cooking: Pack 3,Unknown,https://marimo.itch.io/dragonbun-icons13
2026-09-02T02:08:37.480342,PIXELCORE Free Sampler - 11 Pixel VFX,Unknown,https://mikuji.itch.io/pixelcore-free-sampler-11-pixel-vfx
2026-09-02T02:08:37.480342,FREE! 4 directions prototype character!,Unknown,https://lucky-loops.itch.io/free-4-directions-prototype-character
2026-09-02T02:08:37.480342,RAVEN â THE EXECUTIONER,Unknown,https://sakpix.itch.io/raven-the-executioner
2026-09-02T02:08:37.480342,DRAGONBUN - Keys: Pack 1,Unknown,https://marimo.itch.io/dragonbun-icons4
2026-09-02T02:08:39.785577,Tetris Pixel Art Tileset,Unknown,https://lambdagamesofficial.itch.io/tetris-pixel-art-tileset
2026-09-02T02:08:39.785577,Pistol Template For Godot,Unknown,https://kokori-studio.itch.io/pistol-template-for-godot
2026-09-02T02:08:39.785577,Pixel Art Parallax Backgrounds: Forest  - Pixel Art Sprite Pack,Unknown,https://captainskolot.itch.io/pixel-art-parallax-backgrounds-forest-pixel-art-sprite-pack
2026-09-02T02:08:39.785577,Pixel Survival Farming,Unknown,https://motian6.itch.io/pixel-survival-farming
2026-09-02T02:08:39.785577,[BGM] Spooky Tales Music Pack,Unknown,https://jdsherbert.itch.io/spooky-tales-music-pack
2026-09-02T02:08:39.785577,Pixel EvoMonsters Pack 36,Unknown,https://elvgames.itch.io/pixel-evomonsters-pack-36
2026-09-02T02:08:39.785577,Ao Tengu - Enemy,Unknown,https://kbpixelart.itch.io/ao-tengu-enemy
2026-09-02T02:08:39.785577,Cute Kitten Animation RUN,Unknown,https://gamedev-kitty.itch.io/cute-kitten-animation-run
2026-09-02T02:08:39.785577,Multipass sketchy outline,Unknown,https://qbieshay.itch.io/multipass-sketchy-outline
2026-09-02T02:08:39.785577,Game Pickups,Unknown,https://loafbrr.itch.io/pickups
2026-09-02T02:08:39.785577,Godot 2D VFX Visual Shaders,Unknown,https://dragonforge-development.itch.io/godot-2d-vfx-visual-shaders
2026-09-02T02:08:39.785577,SIDE-SCROLLER STARTER TILESET,Unknown,https://sakpix.itch.io/side-scroller-starter-tileset
2026-09-02T02:08:39.785577,SciFi Hologram [Godot],Unknown,https://knucklenoise.itch.io/scifi-hologram
2026-09-02T02:08:39.785577,Weather Pack Pixel Art 16x16,Unknown,https://avosgrosimbourg.itch.io/weather-pack-pixel-art-16x16
2026-09-02T02:08:39.785577,MEGA VOXEL PEOPLE PACK - 20 VOX STYLE 3D CHARACTERS,Unknown,https://kbrody.itch.io/mega-voxel-people-pack-20-vox-style-3d-models
2026-09-02T02:08:39.785577,2D Side-Scroller,Unknown,https://khaledpng.itch.io/2d-side-scroller
2026-09-02T02:08:39.785577,10+ Free Low Poly Trees Pack,Unknown,https://crazydrpants.itch.io/free-low-poly-trees-pack
2026-09-02T02:08:39.785577,Great Sword Animation V1 (UE/FBX),Unknown,https://gamedev-hero.itch.io/great-sword-animation-v1-uefbx
2026-09-02T02:08:39.785577,[â¦] VisuStella Armory Season Three Collection,Unknown,https://visustella.itch.io/visustella-armory-season-three-collection
2026-09-02T02:08:39.785577,DESERT KINGDOMS  92Ã92 Premium Fantasy Pixel Art Characters,Unknown,https://sakpix.itch.io/desert-kingdoms-9292-premium-fantasy-pixel-art-characters
2026-09-02T02:08:39.785577,Godot 2D survival game template,Unknown,https://logroudliy.itch.io/godot-2d-survival-game-template
2026-09-02T02:08:39.785577,DRAGONBUN - Weapons: Pack 2,Unknown,https://marimo.itch.io/dragonbun-icons6
2026-09-02T02:08:39.785577,Monkey Sprite,Unknown,https://gtibo.itch.io/monkey-sprite
2026-09-02T02:08:39.785577,Hex Vector Map Tileset,Unknown,https://palona.itch.io/hex-vector-map-tileset
2026-09-02T02:08:39.785577,Pixel EvoMonsters Pack 15,Unknown,https://elvgames.itch.io/pixel-evomonsters-pack-15
2026-09-02T02:08:39.785577,UI Ice,Unknown,https://verzatiledev.itch.io/ui-ice
2026-09-02T02:08:39.785577,Elowen â Guardian of the Moonlit Grove,Unknown,https://sakpix.itch.io/elowen-guardian-of-the-moonlit-grove
2026-09-02T02:08:39.785577,Crimson Kitsune Empress â Legendary Fox Spirit Samurai Hero,Unknown,https://sakpix.itch.io/crimson-kitsune-empress-legendary-fox-spirit-samurai-hero
2026-09-02T02:08:39.785577,Stylized Sword Icon Pack,Unknown,https://kalponic-studio.itch.io/stylized-sword-icon-pack
2026-09-02T02:08:39.785577,Cute Kitten Animation IDLE,Unknown,https://gamedev-kitty.itch.io/cute-kitten-animation-idle
2026-09-02T02:08:39.785577,BEASTFOLK WARRIORS 256Ã256 FANTASY BEASTFOLK CHARACTER COLLECTION,Unknown,https://sakpix.itch.io/beastfolk-warriors-256256-fantasy-beastfolk-character-collection
2026-09-02T02:08:39.785577,Samurai Frog - Pixel Art Enemy,Unknown,https://cappaz.itch.io/samurai-frog
2026-09-02T02:08:39.785577,Magical Forest - Top-Down Pixel Asset,Unknown,https://mr-pixelz.itch.io/magical-forest
2026-09-02T02:08:39.785577,16x16 TinyWorld - Vikings,Unknown,https://fliegevogel.itch.io/16x16-tiny-world-vikings
2026-09-02T02:08:39.785577,Office environment,Unknown,https://voxelbytebot.itch.io/office-environment
2026-09-02T02:08:39.785577,100 Stylized Forest Textures,Unknown,https://kalponic-studio.itch.io/100-stylized-forest-textures
2026-09-02T02:08:42.144769,Pixel EvoMonsters Pack 31,Unknown,https://elvgames.itch.io/pixel-evomonsters-pack-31
2026-09-02T02:08:42.144769,8-BIT Fantasy Music - Exploration II,Unknown,https://elvgames.itch.io/8-bit-fantasy-music-exploration-ii
2026-09-02T02:08:42.144769,DRAGONBUN - Weapons: Pack 4,Unknown,https://marimo.itch.io/dragonbun-icons8
2026-09-02T02:08:42.144769,"RPG Face Portrait Pixel Art Pack â 2,500+ Fantasy Characters for Dialogue & UI",Unknown,https://pixel-1992.itch.io/rpg-face-portrait-pixel-art-pack-2500-fantasy-characters-for-dialogue-ui
2026-09-02T02:08:42.144769,Old Retro Junk,Unknown,https://heyitscdr.itch.io/old-retro-junk
2026-09-02T02:08:42.144769,Low Poly Mega Pack,Unknown,https://awbmegames0.itch.io/low-poly-mega-pack
2026-09-02T02:08:42.144769,16+ Wooden Log Pack - Pixelart / Pixel Art sprite Forest  RPG Fantasy LumberJack Tree Pack,Unknown,https://captainskolot.itch.io/wooden-log-pack-pixelart-pixel-art-sprite-bust-pack-rpg-fantasylumberjack-tree-p
2026-09-02T02:08:42.144769,HYRUN : Crowd Runner Hyper Casual Game Asset Pack,Unknown,https://standout7.itch.io/crowd-runner
2026-09-02T02:08:42.144769,Purple city assetpack,Unknown,https://svor.itch.io/purple-city-assetpack
2026-09-02T02:08:42.144769,Semi-Realistic Gun Collection,Unknown,https://vyurt.itch.io/semi-realistic-gun-collection
2026-09-02T02:08:42.144769,Spooky Outside,Unknown,https://dhassa.itch.io/spooky-outside
2026-09-02T02:08:42.144769,Paper-Cut Nature Tileset Pack â Top-Down 2D Forest Assets (64px & 256px),Unknown,https://captain-moo.itch.io/nature-pack
2026-09-02T02:08:42.144769,Kevin - The Horned Bone Sentinel,Unknown,https://shinobugaen.itch.io/pixel-abyss-kevin
2026-09-02T02:08:42.144769,Texture Pack: Wood & Windows,Unknown,https://juliovii.itch.io/ftp-wood-windows
2026-09-02T02:08:42.144769,16-Bit RPG Music 3 - Dungeons,Unknown,https://elvgames.itch.io/16-bit-rpg-music-3-dungeons
2026-09-02T02:08:42.144769,TileMap AutoTile 16x16,Unknown,https://jameelkak.itch.io/tilemap
2026-09-02T02:08:42.144769,Kyle's Mushroom Pack,Unknown,https://kyle-fuji.itch.io/kyles-mushroom-pack
2026-09-02T02:08:42.144769,Comic-Verza-Sans Font (CCO),Unknown,https://verzatiledev.itch.io/comic-verza-sans
2026-09-02T02:08:42.144769,16x16 Swamp Asset Pack â Moonlit Platformer Series,Unknown,https://sebbyspoons.itch.io/moonlitswamp
2026-09-02T02:08:42.144769,Free 160 Pixel Art Effects,Unknown,https://icemaan.itch.io/free-500-pixel-art-effects
2026-09-02T02:08:42.144769,Dynamite Guy,Unknown,https://atomicrealm.itch.io/dynamite-guy
2026-09-02T02:08:42.144769,Medieval cave tileset topdown 32x32,Unknown,https://booomstick.itch.io/medieval-cave-tileset-topdown-32x32
2026-09-02T02:08:42.144769,"Barbarian Warrior â GameâReady, Rigged & Animated (by ManNeko)",Unknown,https://manneko.itch.io/barbarian-warrior-low-poly-3d-model
2026-09-02T02:08:42.144769,Car AI for Godot,Unknown,https://sergeygrigorev.itch.io/car-ai-for-godot
2026-09-02T02:08:42.144769,TDRPG -- Village -- Pixel Art Top-Down Exterior Tileset,Unknown,https://raou.itch.io/tdrpg-forest
2026-09-02T02:08:42.144769,FPS | tactical collection,Unknown,https://turtletopology.itch.io/fps-the-tactical-collection
2026-09-02T02:08:42.144769,Godot 3D Platformer Starter Toolkit,Unknown,https://icessien.itch.io/godot-platformer-starter-toolkit
2026-09-02T02:08:42.144769,Pixel Flow: Crystal Ground,Unknown,https://dhassa.itch.io/pixel-flow-crystal-ground
2026-09-02T02:08:42.144769,DithArt's Fantasy Dungeon Tileset,Unknown,https://dithart.itch.io/fantasy-dungeon-tileset
2026-09-02T02:08:42.144769,Horror(Player template with script),Unknown,https://nikita-chumakov.itch.io/horrorplayer-template
2026-09-02T02:08:42.144769,Character Outfits: Essentials Pack,Unknown,https://rpatterson-smokeworks.itch.io/character-outfit-essentials
2026-09-02T02:08:42.144769,Texture Pack: Leather & Metal,Unknown,https://juliovii.itch.io/ftp-leather-metal
2026-09-02T02:08:42.144769,Food pack,Unknown,https://dream-search-repeat.itch.io/food-pack
2026-09-02T02:08:42.144769,Pixel Art Parallax Backgrounds: Fire Castle Dungeon - Pixel Art Sprite Pack,Unknown,https://captainskolot.itch.io/pixel-art-parallax-backgrounds-fire-castle-dungeon-pixel-art-sprite-pack
2026-09-02T02:08:42.144769,Pocket Series: Cemeteryâ 16x16 Spooky Asset Pack,Unknown,https://sebbyspoons.itch.io/pocket-cemetery
2026-09-02T02:08:42.144769,Goblin Faction Set,Unknown,https://mcsteeg.itch.io/goblin-faction-set
2026-09-02T02:08:44.435379,Texture Pack: Metal & Tiles,Unknown,https://juliovii.itch.io/ftp-metal-and-tiles
2026-09-02T02:08:44.435379,Godot Input Prompts,Unknown,https://pennycook.itch.io/godot-input-prompts
2026-09-02T02:08:44.435379,Retro Graveyard 16x16 Tileset [Kingdom Explorer],Unknown,https://elvgames.itch.io/retro-graveyard-tiles
2026-09-02T02:08:44.435379,Golden Dragon - Faction NPC Pack,Unknown,https://lunascra.itch.io/golden-dragon
2026-09-02T02:08:44.435379,PS1 | PSX Space Street Food Kiosk,Unknown,https://cursedlake.itch.io/ps1-psx-space-street-food-kiosk
2026-09-02T02:08:44.435379,PSX Rigged characters : Photo-Mapped Retro Pack,Unknown,https://anwar2077.itch.io/psx-rigged-characters-photo-mapped-retro-pack
2026-09-02T02:08:44.435379,Pixel Farming Tools,Unknown,https://mr-pixelz.itch.io/16x16-pixel-farming-tools
2026-09-02T02:08:44.435379,Pixelart Fonts Asset Pack 4,Unknown,https://elvgames.itch.io/pixelart-fonts-asset-pack-4
2026-09-02T02:08:44.435379,Pixelart Fonts Asset Pack 3,Unknown,https://elvgames.itch.io/pixelart-fonts-asset-pack-3
2026-09-02T02:08:44.435379,THRONE OF MADNESS â 256Ã256 Elite Psychological Horror Collection,Unknown,https://sakpix.itch.io/throne-of-madness-256256-elite-psychological-horror-collection
2026-09-02T02:08:44.435379,âFREE Bar asset pack !â,Unknown,https://styloo.itch.io/freebarassetspack
2026-09-02T02:08:44.435379,Dwarven Delve Asset Pack,Unknown,https://lyime.itch.io/dwarven-delve-asset-pack
2026-09-02T02:08:44.435379,Pixel Mood - Cemetery,Unknown,https://alwore.itch.io/pixel-mood-cemetery
2026-09-02T02:08:44.435379,"FREE RPG Consumables Icons Pack (PNG)  8 Icons, 4 Styles, 4 Sizes",Unknown,https://marcomyly.itch.io/free-rpg-consumables-icons-pack-png-8-icons-4-styles-4-sizes
2026-09-02T02:08:44.435379,Sword and Shield Animation V1 (Unreal Engine/FBX),Unknown,https://gamedev-hero.itch.io/sword-and-shield-animations-v1
2026-09-02T02:08:44.435379,RPG asset tileset cave pack (Asset Alliance),Unknown,https://farm-animal.itch.io/cold-cave
2026-09-02T02:08:44.435379,Haunted Pixel Tileset Pack,Unknown,https://godboyhappy.itch.io/haunted-pixel-tileset-pack
2026-09-02T02:08:44.435379,Crosshairs UI V2,Unknown,https://verzatiledev.itch.io/crosshairs-v2-ui
2026-09-02T02:08:44.435379,Cozy Characters - Lip Sync and Expressions,Unknown,https://mintygamekit.itch.io/cozy-lipsync-characters
2026-09-02T02:08:44.435379,One Handed Sword Animation V2 (Unreal Engine/FBX),Unknown,https://gamedev-hero.itch.io/onehanded-sword-animation-v2
2026-09-02T02:08:44.435379,[Asset] Zombie Random,Unknown,https://zicman.itch.io/zombie-random
2026-09-02T02:08:44.435379,Dragon Lands,Unknown,https://kbpixelart.itch.io/dragon-lands
2026-09-02T02:08:44.435379,"ð Pixel Hollow Freebie Pack 1 â 4 Cozy Companions Sprites â 48Ã48 Pixel Art Creatures (RPG Maker, Unity, Godot)",Unknown,https://pixel-hollow-studios.itch.io/pixel-hollow-freebie-pack-1
2026-09-02T02:08:44.435379,Potion,Unknown,https://varipixels.itch.io/potions-sprites
2026-09-02T02:08:44.435379,Mini Zulu Warrior,Unknown,https://rektocraft.itch.io/mini-zulu-warrior
2026-09-02T02:08:44.435379,16x pixel art world,Unknown,https://fakeflxp.itch.io/16x-pixel-art-world
2026-09-02T02:08:44.435379,Cursors UI,Unknown,https://verzatiledev.itch.io/cursors-ui
2026-09-02T02:08:44.435379,Controller Keys V3 UI,Unknown,https://verzatiledev.itch.io/controller-keys-v3-ui
2026-09-02T02:08:44.435379,Tiny Ironheart â Free  Animated Community Hero,Unknown,https://sakpix.itch.io/tiny-ironheart-free-community-hero
2026-09-02T02:08:44.435379,Stylized Asian Food - Lowpoly Culinary Pack,Unknown,https://newlua-studios.itch.io/stylized-asian-food
2026-09-02T02:08:44.435379,Retro PSX Style Shipyard Kit,Unknown,https://luriddream.itch.io/retro-psx-style-shipyard-kit
2026-09-02T02:08:44.435379,Large scale Pixel Cottage asset pack,Unknown,https://studiodenny.itch.io/large-scale-pixel-forest-asset-pack
2026-09-02T02:08:44.435379,16x16 Programmer Art [FREE],Unknown,https://patrik-arts.itch.io/16x16-programmer-art
2026-09-02T02:08:44.435379,Package Carts,Unknown,https://loafbrr.itch.io/package-carts
2026-09-02T02:08:44.435379,Isometric City Builder Vol1-  Asset Pack,Unknown,https://khaledpng.itch.io/isometric-city-builder-ultimate-asset-pack
2026-09-02T02:08:44.435379,ØªØ­ÙÙ ÙØ§Ø¹Ø¨ 3d ÙÙØ¸ÙØ± Ø§ÙØ´Ø®Øµ Ø§ÙØ«Ø§ÙØ« (Godot 4),Unknown,https://zflt-dev.itch.io/thirdpersoncharacter
2026-09-02T02:08:46.696547,Textreme 2 UI + Character animation,Unknown,https://ash-k.itch.io/textreme2-ui-character-animation
2026-09-02T02:08:46.696547,Masked Character,Unknown,https://verzatiledev.itch.io/masked-character
2026-09-02T02:08:46.696547,Sibuna Enemy,Unknown,https://kbpixelart.itch.io/sibuna-enemy
2026-09-02T02:08:46.696547,Pixel EvoMonsters Pack 21,Unknown,https://elvgames.itch.io/pixel-evomonsters-pack-21
2026-09-02T02:08:46.696547,Lowpoly Interior Kit,Unknown,https://khaleer.itch.io/3d-interior-asset-pack
2026-09-02T02:08:46.696547,Platformer Tileset Haunted Valley 16x16 Pixelart,Unknown,https://elvgames.itch.io/platformer-tileset-haunted-valley-16x16-pixelart
2026-09-02T02:08:46.696547,One Handed Sword Animation V3 (Unreal Engine/FBX),Unknown,https://gamedev-hero.itch.io/onehanded-sword-animation-v3-unreal-enginefbx
2026-09-02T02:08:46.696547,WASTELAND LEGENDS Post-Apocalyptic Survivors Collection,Unknown,https://sakpix.itch.io/wasteland-legends-post-apocalyptic-survivors-collection
2026-09-02T02:08:46.696547,Pixelart Dungeon Tileset from osadam,Unknown,https://osadam.itch.io/pixelart-dungeon-tileset-from-osadam
2026-09-02T02:08:46.696547,Pixel Crawler I - The Crypt,Unknown,https://aekashics.itch.io/pixel-crawler-i-the-crypt
2026-09-02T02:08:46.696547,8x8 Platformer/side-scroller tiles,Unknown,https://luis2d.itch.io/8x8-platform-tileset
2026-09-02T02:08:46.696547,Hit Reaction Animations,Unknown,https://powstudio.itch.io/hit-reaction-animations
2026-09-02T02:08:46.696547,32x32 Free Pixel Weapon Pack,Unknown,https://darkice8899.itch.io/32x32-pixel-art-weapon-pack-100-hand-crafted-free-starter-premium
2026-09-02T02:08:46.696547,CHRONO SOVEREIGNS â 256Ã256 Elite Steampunk Champions Collection,Unknown,https://sakpix.itch.io/chrono-sovereigns-256256-elite-steampunk-champions-collection
2026-09-02T02:08:46.696547,Texture Pack: Tree Bark 01,Unknown,https://juliovii.itch.io/ftp-tree-bark-01
2026-09-02T02:08:46.696547,8x8 Moss Temple Tileset Game Pack [Retro Adventure],Unknown,https://elvgames.itch.io/8x8-moss-temple-tileset-game-pack-retro-adventure
2026-09-02T02:08:46.696547,Turn Based RPG Monsters Pack 13,Unknown,https://elvgames.itch.io/turn-based-rpg-monsters-pack-13
2026-09-02T02:08:46.696547,Altorum Heights - Part 1,Unknown,https://kbpixelart.itch.io/altorum-heights-part-1
2026-09-02T02:08:46.696547,Cartoon Tropical Nature Pack,Unknown,https://elegantcrow.itch.io/cartoon-tropical-nature-pack
2026-09-02T02:08:46.696547,DRAGONBUN - Cooking: Pack 1,Unknown,https://marimo.itch.io/dragonbun-icons11
2026-09-02T02:08:46.696547,Stormreach â Sky Kingdom Fantasy Soundtrack Pack | 20 RPG Tracks,Unknown,https://sakpix.itch.io/stormreach-sky-kingdom-fantasy-soundtrack-pack-20-rpg-tracks
2026-09-02T02:08:46.696547,3D Rigged Character Model,Unknown,https://plewr.itch.io/3d-rigged-character
2026-09-02T02:08:46.696547,Cozy Groceries â Free Starter Pack,Unknown,https://maygetsu.itch.io/cozy-groceries-free-starter-pack
2026-09-02T02:08:46.696547,25+ Fantasy Swords Assets V2 - Pixelart / Pixel Art sprite Equipment & Items Pack for RPG fantasy,Unknown,https://captainskolot.itch.io/25-fantasy-swords-assets-v2-pixelart-pixel-art-sprite-equipment-items-pack-f
2026-09-02T02:08:46.696547,Fantasy background,Unknown,https://dreamdale.itch.io/fantasy-background
2026-09-02T02:08:46.696547,Kin Pixel Playing Cards,Unknown,https://the-wild-kin.itch.io/kin-pixel-playing-cards
2026-09-02T02:08:46.696547,8x8 Castle Tileset Game Pack [Retro Adventure],Unknown,https://elvgames.itch.io/8x8-castle-tileset
2026-09-02T02:08:46.696547,Toon Ponytail Dreadlock Set (Free),Unknown,https://endthegame.itch.io/toon-ponytail-dreadlock-set
2026-09-02T02:08:46.696547,DRAGONBUN - Farming: Pack 1,Unknown,https://marimo.itch.io/dragonbun-icons10
2026-09-02T02:08:46.696547,"Dark Fantasy Pixel Art World â Tiles, Props & UI (16-bit)",Unknown,https://marcomyly.itch.io/dark-fantasy-pixel-art-world-tiles-props-ui-16-bit
2026-09-02T02:08:46.696547,Yuki - RPG Animated Hero +150 Frames,Unknown,https://shinobugaen.itch.io/pixel-abyss-yuki
2026-09-02T02:08:46.696547,ð§ ELDRIC â APPRENTICE WIZARD,Unknown,https://sakpix.itch.io/eldric-apprentice-wizard
2026-09-02T02:08:46.696547,RPG asset tileset exterior pack | JOYQUEST,Unknown,https://narehop.itch.io/rpg-asset-tileset-pack-16
2026-09-02T02:08:46.696547,NEON PROTOCOL â Cyberpunk RPG Icon Collection,Unknown,https://sakpix.itch.io/neon-protocol-cyberpunk-rpg-icon-collection
2026-09-02T02:08:46.696547,NIGHTMARE SLASHERS Horror Killers Collection,Unknown,https://sakpix.itch.io/nightmare-slashers-horror-killers-collection
2026-09-02T02:08:46.696547,Cold Biome Voxel Asset Pack,Unknown,https://makovice.itch.io/cold-biome-voxel-asset-pack
2026-09-02T02:08:49.006467,Bacon Juice for Godot (gross),Unknown,https://baconandgames.itch.io/bacon-juice-for-godot
2026-09-02T02:08:49.006467,Enchanted Woodlands: Complete Low Poly Forest Collection,Unknown,https://lowendplay.itch.io/full-forest-pack
2026-09-02T02:08:49.006467,Godot D20 Framework,Unknown,https://dax272.itch.io/godot-d20-framework
2026-09-02T02:08:49.006467,Vaporwave Sunset Godot theme,Unknown,https://galacticlake.itch.io/vaporwave-sunset-godot-theme
2026-09-02T02:08:49.006467,Low-Poly Precision Outline Shader for Godot 4,Unknown,https://sol-vin.itch.io/low-poly-pos
2026-09-02T02:08:49.006467,platTile Universe: Autotile Templates,Unknown,https://dkproductions.itch.io/plattile-universe-autotile-templates
2026-09-02T02:08:49.006467,Mega modular hangar / spaceship lowpoly kit,Unknown,https://jamzuz.itch.io/modular-lowpoly-interior-assets
2026-09-02T02:08:49.006467,Godot Starter Assets,Unknown,https://niwl-games.itch.io/godot-starter-assets
2026-09-02T02:08:49.006467,CELTIC ECLIPSE â DRUIDS & FAE,Unknown,https://sakpix.itch.io/celtic-eclipse-druids-fae
2026-09-02T02:08:49.006467,Pixel Flow: Fantasy Expansion,Unknown,https://dhassa.itch.io/pixel-flow-fantasy-expansion
2026-09-02T02:08:49.006467,CYBERPUNK ELITE CHARACTER COLLECTION,Unknown,https://sakpix.itch.io/cyberpunk-elite-character-collection
2026-09-02T02:08:49.006467,Pixelart Fonts Asset Pack 5,Unknown,https://elvgames.itch.io/pixelart-fonts-asset-pack-5
2026-09-02T02:08:49.006467,Medieval Toon,Unknown,https://quesillostudios.itch.io/medieval-toon-asset-pack
2026-09-02T02:08:49.006467,Texture Pack: Scifi 02,Unknown,https://juliovii.itch.io/ftp-scifi-02
2026-09-02T02:08:49.006467,Platformer Tileset Fantasy 16x16,Unknown,https://verzatiledev.itch.io/tileset-fantasy
2026-09-02T02:08:49.006467,[Ballpoint] Cursive Pixel Art Font,Unknown,https://bsl.itch.io/ballpoint-cursive-pixel-art-font
2026-09-02T02:08:49.006467,Turn Based RPG Monsters Pack 11,Unknown,https://elvgames.itch.io/turn-based-rpg-monsters-pack-11
2026-09-02T02:08:49.006467,Texture Pack: Holidays 01,Unknown,https://juliovii.itch.io/holidayspk01
2026-09-02T02:08:49.006467,Ancient Dungeon,Unknown,https://verzatiledev.itch.io/ancient-dungeon
2026-09-02T02:08:49.006467,Modular Godot Game â 5 Fighters + Tileset,Unknown,https://shinobugaen.itch.io/pixelabyss-character-tester
2026-09-02T02:08:49.006467,Godot Sprite Shader,Unknown,https://duongvituan.itch.io/godot-sprite-shader
2026-09-02T02:08:49.006467,Materials Stylized Mix Stones 01,Unknown,https://juliovii.itch.io/ftp-stylized-mix-stones-01
2026-09-02T02:08:49.006467,Godot-Music AOE effect,Unknown,https://qbieshay.itch.io/godot-music-aoe-effect
2026-09-02T02:08:49.006467,Mister Dungeon Terrain Kit,Unknown,https://flynncat.itch.io/mrd-terrain
2026-09-02T02:08:49.006467,PSX Abomination 2,Unknown,https://retro-spud.itch.io/psx-abomination-2
2026-09-02T02:08:49.006467,THE IRON DYNASTY â Imperial Samurai Collection,Unknown,https://sakpix.itch.io/the-iron-dynasty-imperial-samurai-collection
2026-09-02T02:08:49.006467,Godot Force Feedback Example FFB,Unknown,https://cairerocha.itch.io/godot-force-feedback-example-ffb
2026-09-02T02:08:49.006467,Magnificent Forest Background,Unknown,https://myaumya.itch.io/magnificent-forest-background
2026-09-02T02:08:49.006467,Gaming Room,Unknown,https://voxelbytebot.itch.io/voxel-gaming-room-furniture
2026-09-02T02:08:49.006467,2d Assent,Unknown,https://vyurt.itch.io/2d-project
2026-09-02T02:08:49.006467,DithArt's Sci-Fi Tileset 4 - Sci-Fi Dungeon,Unknown,https://dithart.itch.io/ditharts-sci-fi-tileset-4-sci-fi-dungeon
2026-09-02T02:08:49.006467,Dominoes,Unknown,https://verzatiledev.itch.io/dominoes
2026-09-02T02:08:49.006467,FRONTIER LEGENDS-Wild West Heroes Collection,Unknown,https://sakpix.itch.io/frontier-legends-wild-west-heroes-collection
2026-09-02T02:08:49.006467,DRAGONBUN - Cooking: Pack 2,Unknown,https://marimo.itch.io/dragonbun-icons12
2026-09-02T02:08:49.006467,Game Consoles,Unknown,https://voxelbytebot.itch.io/game-consoles
2026-09-02T02:08:49.006467,Simple Convenience Store Assets,Unknown,https://samezpix.itch.io/simple-convenience-store-pixel-assets
2026-09-02T02:08:51.428927,REYOH EASY TILESET,Unknown,https://reyoh.itch.io/reyoh-easy-tileset
2026-09-02T02:08:51.428927,"Canyon Parallax Backgrounds featuring towering canyon walls, rocky terrain - Pixel art sprite pack",Unknown,https://captainskolot.itch.io/canyon
2026-09-02T02:08:51.428927,Free Survival Melee Weapons Pack,Unknown,https://413games.itch.io/free-survival-weapons-pack
2026-09-02T02:08:51.428927,CELESTIAL NEXUS 256Ã256 Elite Cosmic Guardians Collection,Unknown,https://sakpix.itch.io/celestial-nexus-256256-elite-cosmic-guardians-collection
2026-09-02T02:08:51.428927,Godot 4.4 Project Template,Unknown,https://bodhiii.itch.io/godot-4-project-template
2026-09-02T02:08:51.428927,PokÃ©mon Eeveelution Assets (Godot),Unknown,https://archerzenmi.itch.io/pokmon-eeveelution-assets-godot
2026-09-02T02:08:51.428927,Two Handed Sword Animation V3,Unknown,https://gamedev-hero.itch.io/two-handed-sword-animation-v3
2026-09-02T02:08:51.428927,Sunny Wonderland - 16x16 top-down tileset,Unknown,https://paulinekahnum.itch.io/sunnywonderland
2026-09-02T02:08:51.428927,VisuStella Armory: Profiteering Alchemist Vol. 02,Unknown,https://visustella.itch.io/visustella-armory-profiteering-alchemist-vol-02
2026-09-02T02:08:51.428927,Anime-Style Tofu Car for Godot,Unknown,https://kokori-studio.itch.io/tofu-drift-car
2026-09-02T02:08:51.428927,Pixel Cave Items,Unknown,https://mr-pixelz.itch.io/16x16-pixel-cave-items
2026-09-02T02:08:51.428927,Low Poly Modular Character Assets - Complete Pack,Unknown,https://lunaria-assets.itch.io/low-poly-modular-character-assets-complete-pack
2026-09-02T02:08:51.428927,Godot 4 UI Juice Kit,Unknown,https://miisan.itch.io/godot-4-ui
2026-09-02T02:08:51.428927,Low Poly Staffs,Unknown,https://zsky2000.itch.io/low-poly-staffs
2026-09-02T02:08:51.428927,Special Soldier - Enemy,Unknown,https://kbpixelart.itch.io/special-soldier-enemy
2026-09-02T02:08:51.428927,1959 Mini British - Modular Car,Unknown,https://atomicrealm.itch.io/mini-modular-car
2026-09-02T02:08:51.428927,Voxel Cubix,Unknown,https://lunarygame.itch.io/voxel-cubix
2026-09-02T02:08:51.428927,25+ Fantasy Swords Assets V3 - Pixelart / Pixel Art sprite Equipment & Items Pack for RPG fantasy,Unknown,https://captainskolot.itch.io/25-fantasy-swords-assets-v3-pixelart-pixel-art-sprite-equipment-items-pack-for-r
2026-09-02T02:08:51.428927,Goblin Enemy Pack,Unknown,https://kbpixelart.itch.io/goblin-enemy-pack
2026-09-02T02:08:51.428927,Super Retro Odyssey â¢ Music Themes Pack,Unknown,https://farm-animal.itch.io/bgm-pack
2026-09-02T02:08:51.428927,Cute Park Pack,Unknown,https://rg-poly.itch.io/cute-park-pack
2026-09-02T02:08:51.428927,VisuStella Atelier: Potions and Tonics Vol.11,Unknown,https://visustella.itch.io/visustella-atelier-potions-and-tonics-vol11
2026-09-02T02:08:51.428927,Palette Swap Shader - Godot,Unknown,https://sglmnaz.itch.io/paletteswap-with-luts
2026-09-02T02:08:51.428927,RPG Toolkit - The Full No-Code RPG Backbone for Godot 4,Unknown,https://selodev.itch.io/rpg-toolkit-the-full-no-code-rpg-backbone-for-godot-4
2026-09-02T02:08:51.428927,Steampunk Bot Enemy Pack - V2,Unknown,https://kbpixelart.itch.io/steampunk-bot-enemy-pack-v2
2026-09-02T02:08:51.428927,Godot 4: Tree wind shader Asset,Unknown,https://creative-core-studio.itch.io/godot-4-tree-wind-shader-asset
2026-09-02T02:08:51.428927,"POLY - Lite Survival Forest (Unity, UE, Godot)",Unknown,https://animpicstudio.itch.io/poly-lite-survival-forest-unity-ue-godot
2026-09-02T02:08:51.428927,Half-Life 2-like Godot Engine animated splash screen,Unknown,https://endxrprism.itch.io/hl2-godot-splash-screen
2026-09-02T02:08:51.428927,Dual Sword Animations V2 (Unreal Engine/Unity/FBX),Unknown,https://gamedev-hero.itch.io/dual-sword-animations-v2
2026-09-02T02:08:51.428927,Stylized Bricks 01,Unknown,https://juliovii.itch.io/ftpstylized-bricks-01
2026-09-02T02:08:51.428927,Godot 4 3D PinJoint Rope Physics,Unknown,https://palin-drome.itch.io/godot-4-3d-pinjoint-rope-physics
2026-09-02T02:08:51.428927,Godot Easy LAN,Unknown,https://perons.itch.io/godot-easy-lan
2026-09-02T02:08:51.428927,PSX Pickup Shader,Unknown,https://zacksly.itch.io/psx-pickup-shader
2026-09-02T02:08:51.428927,Horror Hotel Tileset,Unknown,https://manicpixeldreamgirl.itch.io/horror-hotel
2026-09-02T02:08:51.428927,Legendary Infernal Kingdom Champions,Unknown,https://sakpix.itch.io/legendary-infernal-kingdom-champions
2026-09-02T02:08:51.428927,Godot Third Person Controller Template,Unknown,https://murphysdad.itch.io/godot-third-person-controller-template
2026-09-02T02:08:53.719624,Isometric Cyberpunk Streets,Unknown,https://maxparata.itch.io/isometric-cyberpunk-streets
2026-09-02T02:08:53.719624,Building kit 3,Unknown,https://loafbrr.itch.io/building-kit-3
2026-09-02T02:08:53.719624,DRAGONBORN CHAMPIONS â LEGENDARY DRAGON KINGDOM HEROES,Unknown,https://sakpix.itch.io/dragonborn-champions-legendary-dragon-kingdom-heroes
2026-09-02T02:08:53.719624,Side Scroller MVP Asset Pack,Unknown,https://gooooman.itch.io/side-scroller-mvp-pack
2026-09-02T02:08:53.719624,Cozy Village Animated Girl (FREE),Unknown,https://sakpix.itch.io/cozy-village-animated-girl-free
2026-09-02T02:08:53.719624,Fast Food Essentials,Unknown,https://cloudycreates.itch.io/fast-food-essentials
2026-09-02T02:08:53.719624,Pixel RPG Icons Adventure 32Ã32,Unknown,https://cyangmou.itch.io/pixel-rpg-icons-adventure-3232
2026-09-02T02:08:53.719624,Marshmallow pixelart character,Unknown,https://svor.itch.io/marshmallow-pixelart-character-free
2026-09-02T02:08:53.719624,VisuStella Armory: Shields Vol.02,Unknown,https://visustella.itch.io/visustella-armory-shield-02
2026-09-02T02:08:53.719624,Texture Pack: Foam 01,Unknown,https://juliovii.itch.io/foampk01
2026-09-02T02:08:53.719624,Low Poly Computer models pack for Unity and Godot,Unknown,https://krubka-1.itch.io/computer-models-pack
2026-09-02T02:08:53.719624,Snackies,Unknown,https://loafbrr.itch.io/snackies
2026-09-02T02:08:53.719624,Square Dungeon - Asset Pack,Unknown,https://oepatsim.itch.io/square-dungeon-asset-pack
2026-09-02T02:08:53.719624,Free Furniture Pack/Set - 50+ Models,Unknown,https://crazydrpants.itch.io/free-furniture-pack-set-models
2026-09-02T02:08:53.719624,Cyberpunk Style Music 2,Unknown,https://elvgames.itch.io/cyberpunk-style-music-2
2026-09-02T02:08:53.719624,ATLANTIS ROYAL GUARD Lost Kingdom Warriors Collection,Unknown,https://sakpix.itch.io/atlantis-royal-guard-lost-kingdom-warriors-collection
2026-09-02T02:08:53.719624,Backgammon (CC0),Unknown,https://verzatiledev.itch.io/backgammon
2026-09-02T02:08:53.719624,Easter Pixel Icon Pack - 32x32 pixel asset pack,Unknown,https://helm3t.itch.io/easter-icon-pack
2026-09-02T02:08:53.719624,VisuStella Armory: Cute Adventuring Dress,Unknown,https://visustella.itch.io/visustella-armory-cuteadventuring-dress
2026-09-02T02:08:53.719624,Fantasy RPG Overworld Asset Pack,Unknown,https://neo-art.itch.io/fantasy-overworld-asset-pack
2026-09-02T02:08:53.719624,Pixel drinks and beverages 16x16,Unknown,https://zabbyshelter.itch.io/pixel-drinks-and-beverages
2026-09-02T02:08:53.719624,Materials Plastics,Unknown,https://juliovii.itch.io/materials-plastics
2026-09-02T02:08:53.719624,Playground - Low Poly Asset Pack,Unknown,https://tapdig.itch.io/kids-park-low-poly-assets
2026-09-02T02:08:53.719624,DRAGONBUN - Weapons: Pack 3,Unknown,https://marimo.itch.io/dragonbun-icons7
2026-09-02T02:08:53.719624,Artomkit - vehicle pack,Unknown,https://artomaton.itch.io/artomkit-vehicle-pack
2026-09-02T02:08:53.719624,Unarmed Fighting Animations V1 (UE/FBX),Unknown,https://gamedev-hero.itch.io/unarmed-fighting-animations-v1-uefbx
2026-09-02T02:08:53.719624,VisuStella Armory:  Two Handed Sword Vol.01,Unknown,https://visustella.itch.io/visustella-armory-two-handed-swords-vol01
2026-09-02T02:08:53.719624,Turn Based RPG Monsters Pack 15,Unknown,https://elvgames.itch.io/turn-based-rpg-monsters-pack-15
2026-09-02T02:08:53.719624,VisuStella Atelier: Potions and Tonics Vol.09,Unknown,https://visustella.itch.io/visustella-atelier-potions-and-tonics-vol09
2026-09-02T02:08:53.719624,Finite State Machine - Godot Asset,Unknown,https://in3mo.itch.io/state-machine-for-godot-games
2026-09-02T02:08:53.719624,"Gas Stations, Doors & Props â Retro Game Assets",Unknown,https://pablopfa.itch.io/gas-stations-doors-props-retro-game-assets
2026-09-02T02:08:53.719624,Free Low Poly Gun GLTF,Unknown,https://worstevent.itch.io/free-low-poly-gun
2026-09-02T02:08:53.719624,Fantasy Terrain Materials | Forest & Woodlands,Unknown,https://orcpoweredgames.itch.io/stylized-terrain-textures-vol-3
2026-09-02T02:08:53.719624,JAPANESE MYTHS â ELITE COLLECTION,Unknown,https://sakpix.itch.io/japanese-myths-elite-collection
2026-09-02T02:08:53.719624,UI PACK #1 (CARS UI),Unknown,https://black-spot-tm.itch.io/ui-pack-1-cars-ui
2026-09-02T02:08:53.719624,"Hand-Painted Seamless Terrain Textures â Watercolor Grass, Stone, Dirt & Water (16 PNGs)",Unknown,https://voxelcorelab.itch.io/watercolor-terrain-textures
2026-09-02T02:08:55.943743,"Fantasy Accessories Pixel Art Pack â 11,933 Belts, Rings & Necklaces (64Ã64 â 32Ã32 RPG Assets)",Unknown,https://pixel-1992.itch.io/fantasy-accessories-pixel-art-pack-11933-belts-rings-necklaces-6464-3232-rpg-ass
2026-09-02T02:08:55.943743,Great Pacific Octopus,Unknown,https://rapidpunches.itch.io/greatpacificoctopus
2026-09-02T02:08:55.943743,24+ Advanced Ability Tier Pack - Fantasy MMORPG Buffs & Spells Icons Pixel Art Collection,Unknown,https://captainskolot.itch.io/24-advanced-ability-tier-pack-fantasy-mmorpg-buffs-spells-icons-pixel-art-collec
2026-09-02T02:08:55.943743,Steampunk Portrait Pack â Pixelart / Pixel Art Sprite â Badass Busts for RPG / Visual Novel,Unknown,https://captainskolot.itch.io/steampunk-male-portrait-pack-pixelart-pixel-art-sprite-badass-busts-for
2026-09-02T02:08:55.943743,VisuStella Cuisine: Bread Loaf,Unknown,https://visustella.itch.io/visustella-cuisine-bread
2026-09-02T02:08:55.943743,PSX Vehicles,Unknown,https://jillk.itch.io/psx-vehicles
2026-09-02T02:08:55.943743,CopperCube_Prefabs_Pack_V1,Unknown,https://estudiomasluz.itch.io/coppercube-prefabs-pack-v1
2026-09-02T02:08:55.943743,1$ gesture recognition addon for godot 2.*,Unknown,https://blurymind.itch.io/1-gesture-recognition-addon-for-godot
2026-09-02T02:08:55.943743,Godot 3D Robot Shooter,Unknown,https://captainripley.itch.io/godot
2026-09-02T02:08:55.943743,PSX Guns: Pump Shotgun,Unknown,https://mcsteeg.itch.io/psx-guns-pump-shotgun
2026-09-02T02:08:55.943743,16x16 Sci-Fi Top-Down Tileset - Test Chamber,Unknown,https://kenneth-middle.itch.io/test-chamber-16x16-tile-map
2026-09-02T02:08:55.943743,ARCANE LEGACY 256Ã256 Elite Magic Academy Character Collection,Unknown,https://sakpix.itch.io/arcane-legacy-256256-elite-magic-academy-character-collection
2026-09-02T02:08:55.943743,Game Icon Survival Pack â Free Resources for Battle Royale & Survival Games,Unknown,https://bluc.itch.io/survival-icon-pack-free
2026-09-02T02:08:55.943743,One Handed Sword Animation V1 (Unreal Engine/FBX),Unknown,https://gamedev-hero.itch.io/onehanded-sword-animation-v1
2026-09-02T02:08:55.943743,Ultimate 16x16 Items Pack,Unknown,https://mr-pixelz.itch.io/ultimate-pixel-items-pack
2026-09-02T02:08:55.943743,Free Pixel Art  || Forest Background,Unknown,https://forest-elfs.itch.io/pixel-bacgground-forest
2026-09-02T02:08:55.943743,VisuStella Cuisine: Heart,Unknown,https://visustella.itch.io/visustella-cuisine-heart
2026-09-02T02:08:55.943743,Free Christmas SFX Pack,Unknown,https://kento-games.itch.io/free-christmas-sfx-pack
2026-09-02T02:08:55.943743,Pixel Magic Items,Unknown,https://mr-pixelz.itch.io/16x16-pixel-magic-items
2026-09-02T02:08:55.943743,Sci-Fi SFX Library â Free Sampler (25 Sounds),Unknown,https://yaltyx.itch.io/scifi-sfx-library-sampler
2026-09-02T02:08:55.943743,Low poly RPG character asset pack,Unknown,https://mwillismodeler.itch.io/low-poly-rpg-character-asset-pack
2026-09-02T02:08:55.943743,Godot 4 - 3D-Multiplayer Dedicated Server Template,Unknown,https://dsuter.itch.io/godot-4-3d-multiplayer-dedicated-server-template
2026-09-02T02:08:55.943743,Texture Pack: Fabric 03,Unknown,https://juliovii.itch.io/ftp-fabric-03
2026-09-02T02:08:55.943743,Pixel dessert and bakery 16x16,Unknown,https://zabbyshelter.itch.io/pixel-dessert-and-bakery-16x16
2026-09-02T02:08:55.943743,Godot 4 - 2D Topdown Garden Natural Tileset,Unknown,https://violetaraffin.itch.io/godot-2d-top-down-natural-tileset
2026-09-02T02:08:55.943743,Stylized Bricks & Pavement,Unknown,https://juliovii.itch.io/ftp-bricks-pavement
2026-09-02T02:08:55.943743,Free Topdown RPG Assets,Unknown,https://neo-art.itch.io/free-topdown-rpg-assets
2026-09-02T02:08:55.943743,Drivable-Low Poly Cars Pack,Unknown,https://awbmegames0.itch.io/drivable-low-poly-cars-pack
2026-09-02T02:08:55.943743,Third Person Camera Rig For Godot,Unknown,https://chafmere.itch.io/third-person-camera-rig-for-godot
2026-09-02T02:08:55.943743,Godot 4.6 Dynamic Ripples Project,Unknown,https://paper-kitty-games.itch.io/godot-4-dynamic-ripples
2026-09-02T02:08:55.943743,VisuStella Atelier: Potions and Tonics Vol.10,Unknown,https://visustella.itch.io/visustella-atelier-potions-and-tonics-vol10
2026-09-02T02:08:55.943743,2D Adventure Bows,Unknown,https://mr-pixelz.itch.io/32x32-pixel-adventure-bows
2026-09-02T02:08:55.943743,"1400 Fantasy Survival Crafting Icons â Pixel Art Asset Pack (64x64 & 32x32) | Resources, Tools & Magic Materials",Unknown,https://pixel-1992.itch.io/115-fantasy-survival-crafting-icons-pixel-art-asset-pack-64x64-32x32-resource
2026-09-02T02:08:55.943743,Cute Flappy Assets,Unknown,https://jovannyrodz.itch.io/cute-flappy-assets
2026-09-02T02:08:55.943743,Dachshund,Unknown,https://game-retro-studio.itch.io/dachshund
2026-09-02T02:08:55.943743,Low-poly CD-Player,Unknown,https://crosswired.itch.io/low-poly-cd-player
2026-09-02T02:08:58.230488,Low Poly Office Interiors,Unknown,https://justcreate3d.itch.io/low-poly-office-interiors
2026-09-02T02:08:58.230488,CELESTIAL LEGENDS â Angels & Fallen Collection,Unknown,https://sakpix.itch.io/celestial-legends-angels-fallen-collection
2026-09-02T02:08:58.230488,Electronic Game Music 5,Unknown,https://elvgames.itch.io/electronic-game-music-5
2026-09-02T02:08:58.230488,Cartoon Kitchen Package,Unknown,https://awbmegames0.itch.io/cartoon-kitchen-package
2026-09-02T02:08:58.230488,Texture Pack: Tactile 01,Unknown,https://juliovii.itch.io/tactilepk01
2026-09-02T02:08:58.230488,Godot 2D Weapon System,Unknown,https://ludonauta.itch.io/facing-locked-shooting
2026-09-02T02:08:58.230488,Isometric Cyberpunk Buildings,Unknown,https://maxparata.itch.io/isometric-cyberpunk-buildings
2026-09-02T02:08:58.230488,Godot Stylized Water Shader,Unknown,https://gameidea-studio.itch.io/godot-stylized-water-shader
2026-09-02T02:08:58.230488,Dwarf Lands,Unknown,https://kbpixelart.itch.io/dwarf-lands
2026-09-02T02:08:58.230488,SHADER - Temperature distortion,Unknown,https://alberto-luviano.itch.io/shader-temperature-distortion
2026-09-02T02:08:58.230488,2d Isometric Pixel art Space Pack 32x32,Unknown,https://kipperfalcon.itch.io/2d-isometric-pixel-space-pack
2026-09-02T02:08:58.230488,[Old] Sain's Retro Rounded UI Frames Asset Pack,Unknown,https://sainguinpixels.itch.io/sains-retro-rounded-ui-frames-asset-pack
2026-09-02T02:08:58.230488,Dual Sword Animation Bundle (Unreal Engine/FBX),Unknown,https://gamedev-hero.itch.io/dual-sword-animation-bundle-unreal-enginefbx
2026-09-02T02:08:58.230488,Fx Effects Pixel Art - 256x256 | 128x128 | 64x64 | 32x32 - #94,Unknown,https://fx-express.itch.io/fx-effects-pixel-art-256x256-128x128-64x64-32x32-94
2026-09-02T02:08:58.230488,Y2K China Home Interior Tileset,Unknown,https://bbbits.itch.io/pixel-art-y2k-chinese-home-interior-tileset
2026-09-02T02:08:58.230488,Animated Flame Spritesheet,Unknown,https://max1truc.itch.io/animated-flame
2026-09-02T02:08:58.230488,Texture Pack: Tiles & Roaches,Unknown,https://juliovii.itch.io/ftp-tiles-roaches
2026-09-02T02:08:58.230488,Pufferfish - Pixel Art Enemy,Unknown,https://cappaz.itch.io/pufferfish
2026-09-02T02:08:58.230488,SELODev - Complete Game Builder Kit,Unknown,https://selodev.itch.io/selodev-complete-game-builder-kit
2026-09-02T02:08:58.230488,BIOMES & SEASONS 2D Tileset,Unknown,https://dsatpxls.itch.io/biomes
2026-09-02T02:08:58.230488,Godot Character Mesh Pack,Unknown,https://stayathomedev.itch.io/godot-character-mesh-pack
2026-09-02T02:08:58.230488,Dog Pack â 4 Cute Pixel Art Animated Pups ^-^,Unknown,https://megamicrobats.itch.io/dogpack
2026-09-02T02:08:58.230488,RPG asset tileset Cozy Indoor pack (Asset Alliance),Unknown,https://shanianickel.itch.io/cozy-indoor
2026-09-02T02:08:58.230488,CONSTRUCTION 100 PROPS ASSET PACK,Unknown,https://oxygen3d.itch.io/construction-100-props-asset-pack
2026-09-02T02:08:58.230488,Low Poly FPS Map Vol6 - Construction Shooter Map,Unknown,https://justcreate3d.itch.io/low-poly-fps-map-vol6
2026-09-02T02:08:58.230488,PSX Airport Environment Asset Pack,Unknown,https://ink-ribbon.itch.io/psx-airport-assets
2026-09-02T02:08:58.230488,Fx Effects Pixel Art - 256x256 | 128x128 | 64x64 | 32x32 ----- #97,Unknown,https://fx-express.itch.io/fx-effects-pixel-art-256x256-128x128-64x64-32x32-97
2026-09-02T02:08:58.230488,Simple PS1 style tile set,Unknown,https://maksymilian-lubas.itch.io/simple-ps1-style-tile-set
2026-09-02T02:08:58.230488,Mausoleum Dungeon,Unknown,https://loafbrr.itch.io/mausoleum-dungeon
2026-09-02T02:08:58.230488,"POLY - Town City (Unity, UE, Godot)",Unknown,https://animpicstudio.itch.io/poly-town-city-unity-ue-godot
2026-09-02T02:08:58.230488,VisuStella Cuisine:  Eye,Unknown,https://visustella.itch.io/visustella-cuisine-eye
2026-09-02T02:08:58.230488,Fantasy Blade Prototype,Unknown,https://vyurt.itch.io/fantasy-blade-prototype
2026-09-02T02:08:58.230488,Godot 2D Dash & Air Dash,Unknown,https://ludonauta.itch.io/directional-burst-movement
2026-09-02T02:08:58.230488,CRT Model and Example Project Godot 3.4,Unknown,https://chafmere.itch.io/crt-model-and-example-project
2026-09-02T02:08:58.230488,STADIUM LOW POLY,Unknown,https://3dmodels-sca.itch.io/stadium-lp
2026-09-02T02:08:58.230488,Gritty Bathroom Interior - Pixel Asset Pack Vol 2,Unknown,https://aintgotjack.itch.io/gritty-bathroom
2026-09-02T02:09:00.510046,VisuStella Cuisine:  Ear,Unknown,https://visustella.itch.io/visustella-cuisine-ear
2026-09-02T02:09:00.510046,50 Cyber-Glitch Transitions: Pro Pack,Unknown,https://alenia-studios.itch.io/10-transiciones-cyber-glitch
2026-09-02T02:09:00.510046,Mobile Car Controller - Godot,Unknown,https://devsanti.itch.io/mobile-car-controller-godot
2026-09-02T02:09:00.510046,Pixel Heroes: Military Editor,Unknown,https://hippogames.itch.io/pixel-heroes-military-editor
2026-09-02T02:09:00.510046,Fx Effects Pixel Art #92 - 256x256 | 128x128 | 64x64 | 32x32,Unknown,https://fx-express.itch.io/fx-effects-pixel-art-92-256x256-128x128-64x64-32x32
2026-09-02T02:09:00.510046,RPG Visual Effects - Pixel Art - 256x256 | 128x128 | 64x64 | 32x32................................. #99,Unknown,https://fx-express.itch.io/rpg-visual-effects-pixel-art-256x256-128x128-64x64-32x32-99
2026-09-02T02:09:00.510046,Medieval Fantasy Set,Unknown,https://loafbrr.itch.io/medieval-fantasy-set
2026-09-02T02:09:00.510046,mac10 blend,Unknown,https://vyurt.itch.io/mac10-blend
2026-09-02T02:09:00.510046,Low Poly FPS Map Lite,Unknown,https://justcreate3d.itch.io/low-poly-fps-map-lite
2026-09-02T02:09:00.510046,Godot Turn-based System Demo,Unknown,https://trizg.itch.io/godot-turn-based-system
2026-09-02T02:09:00.510046,NEON SAMURAI â CYBER SHOGUN COLLECTION,Unknown,https://sakpix.itch.io/neon-samurai-cyber-shogun-collection
2026-09-02T02:09:00.510046,Godot pageflip shader animation,Unknown,https://luiz734.itch.io/pageflip-shader-animation
2026-09-02T02:09:00.510046,16x16 Forest Asset Pack â Moonlit Platformer Series,Unknown,https://sebbyspoons.itch.io/moonlitforest
2026-09-02T02:09:00.510046,Square City - Asset Pack,Unknown,https://oepatsim.itch.io/square-city-asset-pack
2026-09-02T02:09:00.510046,VisuStella Armory: Noble Lady's Music Box,Unknown,https://visustella.itch.io/visustella-armory-noble-ladys-music-box
2026-09-02T02:09:00.510046,Infinite Runner Starter Pack (Godot Runner),Unknown,https://jonathanvolpi.itch.io/godot-runner
2026-09-02T02:09:00.510046,City Streets - Top-Down Tileset [16x16],Unknown,https://hedi-dev-studio.itch.io/city-street-top-down-tileset
2026-09-02T02:09:00.510046,Harp Chronicles Music 2,Unknown,https://elvgames.itch.io/harp-chronicles-volume-2
2026-09-02T02:09:00.510046,Horse Controller Project,Unknown,https://gw-tuts.itch.io/horse-controller
2026-09-02T02:09:00.510046,Pixel Fantasy-Slime Character,Unknown,https://kalponic-studio.itch.io/pixel-fantasy-slime-character
2026-09-02T02:09:00.510046,Rimmel â The Demonic Hero,Unknown,https://shinobugaen.itch.io/pixel-abyss-rimmel
2026-09-02T02:09:00.510046,ð° Slot Machine Cleopatra II v1.0 Reborn (Godot/Unity Assets),Unknown,https://darky-dev.itch.io/slot-machine-cleopatra-casino-v10reborn
2026-09-02T02:09:00.510046,Pixel Art Tree Asset Pack 2,Unknown,https://devkidd.itch.io/pixel-tree-asset-pack-2
2026-09-02T02:09:00.510046,Voxel Complete Bundle,Unknown,https://maxparata.itch.io/voxel-complete-bundle
2026-09-02T02:09:00.510046,"ST-02 â 50 Pixel Monsters (PNG, S/M/L)",Unknown,https://pixelartmaterial.itch.io/50-pixel-monsters-pngs-sml-1x-st-02
2026-09-02T02:09:00.510046,Turn Based RPG Monsters Pack 14,Unknown,https://elvgames.itch.io/turn-based-rpg-monsters-pack-14
2026-09-02T02:09:00.510046,Cute 3D Tanks Asset Pack,Unknown,https://jovannyrodz.itch.io/cute-3d-tanks-asset-pack
2026-09-02T02:09:00.510046,A Bunch of Street Signs (CC0),Unknown,https://verzatiledev.itch.io/a-bunch-of-street-signs
2026-09-02T02:09:00.510046,Viking World - Stylized Environment,Unknown,https://rg-poly.itch.io/viking-world-stylized-environment
2026-09-02T02:09:00.510046,A Bunch of Foliage,Unknown,https://verzatiledev.itch.io/a-bunch-of-foliage
2026-09-02T02:09:00.510046,LOW-POLY DIVER â RIGGED + ANIMATED / UNRIGGED,Unknown,https://oricutstudios.itch.io/low-poly-diver-asset-pack
2026-09-02T02:09:00.510046,Kauzz Pixel Tiles - Cozy Kitchen Asset Pack,Unknown,https://kauzz.itch.io/kauzz-pixel-tiles-kitchen
2026-09-02T02:09:00.510046,Velmora Realms-Dungeon essentials,Unknown,https://artisanofartifacts.itch.io/velmora-realms-dungeon-essentials
2026-09-02T02:09:00.510046,Modular Parallax City,Unknown,https://verzatiledev.itch.io/modular-parallax-city
2026-09-02T02:09:00.510046,Alenia Essentials: Animated Color Cycling Backgrounds,Unknown,https://alenia-studios.itch.io/alenia-essentials-20
2026-09-02T02:09:00.510046,Neobrutalism UI â Godot ui theme pack,Unknown,https://sir-g.itch.io/neobrutalism-ui-godot-theme-pack
2026-09-02T02:09:02.821757,Source-like Godot Engine Logo Redesign (FREE),Unknown,https://spzi.itch.io/godotsource
2026-09-02T02:09:02.821757,Dark Ambient Music Pack // Grand Pack,Unknown,https://richarrest.itch.io/dark-ambient-music-pack-grand-pack
2026-09-02T02:09:02.821757,Turn Based RPG Monsters Pack 17,Unknown,https://elvgames.itch.io/turn-based-rpg-monsters-pack-17
2026-09-02T02:09:02.821757,RPG Visual Effects - Pixel Art - 256x256 | 128x128 | 64x64 | 32x32................................. #100,Unknown,https://fx-express.itch.io/rpg-visual-effects-pixel-art-256x256-128x128-64x64-32x32-100
2026-09-02T02:09:02.821757,Envoys of The King V1 - Enemies,Unknown,https://kbpixelart.itch.io/envoys-of-the-king-enemies
2026-09-02T02:09:02.821757,25+ Fantasy Pickaxes Assets - Pixelart / Pixel Art sprite Equipment & Items Pack for RPG fantasy,Unknown,https://captainskolot.itch.io/25-fantasy-pickaxes-assets-pixelart-pixel-art-sprite-equipment-items-pack
2026-09-02T02:09:02.821757,ETERNAL FROST â 256Ã256 Elite Frozen Champions Collection,Unknown,https://sakpix.itch.io/eternal-frost-256256-elite-frozen-champions-collection
2026-09-02T02:09:02.821757,Lost Arm Drifter - Enemy,Unknown,https://kbpixelart.itch.io/lost-arm-drifter
2026-09-02T02:09:02.821757,Kauzz Pixel Tiles - Cozy Living Room Asset Pack,Unknown,https://kauzz.itch.io/kauzz-pixel-tiles-cozy-living-room-asset-pack
2026-09-02T02:09:02.821757,Modern RPG Heroes FREE â Pixel Art Sprite Pack (RPG Maker / Unity / Godot),Unknown,https://marcomyly.itch.io/modern-rpg-heroes-pixel-art-sprite-pack-rpg-maker-unity-godot
2026-09-02T02:09:02.821757,Pixel RPG Character Pack - Undead,Unknown,https://direbubble.itch.io/pixel-rpg-character-pack-undead
2026-09-02T02:09:02.821757,Coin,Unknown,https://osmanfrat.itch.io/coin
2026-09-02T02:09:02.821757,Obssidian Arcane Dungeon â 32x32 Top-Down Tileset,Unknown,https://obssidian-art.itch.io/obssidian-arcane-dungeon-32x32
2026-09-02T02:09:02.821757,Texture Pack: Walls & Food,Unknown,https://juliovii.itch.io/ftp-walls-food
2026-09-02T02:09:02.821757,Skeleton,Unknown,https://downraindc3d.itch.io/skeleton
2026-09-02T02:09:02.821757,Godot Water Shader V1,Unknown,https://stayathomedev.itch.io/godot-water-shader-v1
2026-09-02T02:09:02.821757,Stone Material Bundle,Unknown,https://gerryverse.itch.io/stone-asset
2026-09-02T02:09:02.821757,Forest People - Part 1,Unknown,https://kbpixelart.itch.io/forest-people-part-1
2026-09-02T02:09:02.821757,ð° Slot Machine Masters of Magic Prototype (Godot/Unity Assets),Unknown,https://darky-dev.itch.io/slot-machine-masters-of-magic-prototype-casino
2026-09-02T02:09:02.821757,Poison VFX - Godot 3D,Unknown,https://binbun3d.itch.io/poison-vfx
2026-09-02T02:09:02.821757,Cars 2 - Low Poly Cute,Unknown,https://rg-poly.itch.io/cars-2-low-poly-cute
2026-09-02T02:09:02.821757,Signal Sentries - Enemy Pack,Unknown,https://kbpixelart.itch.io/signal-sentries-enemy-pack
2026-09-02T02:09:02.821757,Turn Based RPG Monsters Pack 16,Unknown,https://elvgames.itch.io/turn-based-rpg-monsters-pack-16
2026-09-02T02:09:02.821757,Two Handed Sword Animation Bundle,Unknown,https://gamedev-hero.itch.io/two-handed-sword-animation-bundle
2026-09-02T02:09:02.821757,Dwarf Melee Animations FREE,Unknown,https://kevdev.itch.io/dwarf-melee-animations-free
2026-09-02T02:09:02.821757,Visual Shader Relief Parallax Mapping Node - Godot 4.5+,Unknown,https://interdreamsoft.itch.io/relief-parallax-mapping
2026-09-02T02:09:02.821757,Necromancer Free Sprite Pack (RPG / Pixel Art),Unknown,https://marcomyly.itch.io/necromancer-free-sprite-pack-rpg-pixel-art
2026-09-02T02:09:02.821757,Fx Effects Pixel Art - 256x256 | 128x128 | 64x64 | 32x32 ----- #96,Unknown,https://fx-express.itch.io/fx-effects-pixel-art-256x256-128x128-64x64-32x32-96
2026-09-02T02:09:02.821757,Emberbound Elementals Wardens v1.8.0-godot-ready,Unknown,https://obssidian-art.itch.io/emberbound-elementals-wardens-godot-ready
2026-09-02T02:09:02.821757,Godot CollapsibleContainer,Unknown,https://arshvirgoraya.itch.io/godot-collapsiblecontainer
2026-09-02T02:09:02.821757,One Handed Sword Animations Bundle (UE/FBX),Unknown,https://gamedev-hero.itch.io/onehanded-sword-animations-bundle-uefbx
2026-09-02T02:09:02.821757,Godot Game Jam Template,Unknown,https://bunnytrail.itch.io/godot-game-jam-template
2026-09-02T02:09:02.821757,10 Retro Pixel-Art Transitions,Unknown,https://alenia-studios.itch.io/retro-transitions
2026-09-02T02:09:02.821757,Texture Pack: Tiles & Stones,Unknown,https://juliovii.itch.io/texture-pack-metal-grids
2026-09-02T02:09:02.821757,Godot Extended UI,Unknown,https://thowsenmedia.itch.io/godot-extended-ui
2026-09-02T02:09:02.821757,A Bunch of Planets,Unknown,https://verzatiledev.itch.io/a-bunch-of-planets
2026-09-02T02:09:05.079302,RPG Visual Effects - Pixel Art - 256x256 | 128x128 | 64x64 | 32x32................................. #98,Unknown,https://fx-express.itch.io/rpg-visual-effects-pixel-art-256x256-128x128-64x64-32x32-98
2026-09-02T02:09:05.079302,PSX Green Goliath,Unknown,https://retro-spud.itch.io/psx-green-goliath
2026-09-02T02:09:05.079302,[MS-DOT] Pixel Art Font,Unknown,https://bsl.itch.io/ms-dot-pixel-art-font
2026-09-02T02:09:05.079302,PSX Seamless wood textures,Unknown,https://realduende.itch.io/psx-wood-textures
2026-09-02T02:09:05.079302,Combination Shader for GODOT,Unknown,https://phrogmoment.itch.io/godot-combination-shader
2026-09-02T02:09:05.079302,ULTIMATE ARCANE - WITHOUT BACKGROUND,Unknown,https://netovoxel.itch.io/ultimatearcane
2026-09-02T02:09:05.079302,Space Astronaut Game Assets,Unknown,https://mononokestudios.itch.io/spacegameassets
2026-09-02T02:09:05.079302,Low Poly Dummy,Unknown,https://baldmonkeygames.itch.io/dummy
2026-09-02T02:09:05.079302,Game Dev Shader Kit for 3D Pixel Art: t3ssel8r-Style Renderer in Godot 4,Unknown,https://brunich.itch.io/3d-pixel-art-shadergame-kit-t3ssel8r-style-renderer
2026-09-02T02:09:05.079302,Godot Themed Prototype Textures,Unknown,https://duhkore.itch.io/godot-themed-prototype-textures
2026-09-02T02:09:05.079302,Fx Effects Pixel Art #91 - Animations | 64x64 | 32x32,Unknown,https://fx-express.itch.io/fx-effects-pixel-art-91-64x64-32x32
2026-09-02T02:09:05.079302,Snails (CC0),Unknown,https://verzatiledev.itch.io/snails
2026-09-02T02:09:05.079302,VisuStella Cuisine:  Finger,Unknown,https://visustella.itch.io/visustella-cuisine-finger
2026-09-02T02:09:05.079302,City Builder Free Tiles,Unknown,https://mxfilho.itch.io/city-builder-free-tiles
2026-09-02T02:09:05.079302,Inventory System - No-Code RPG Items for Godot 4,Unknown,https://selodev.itch.io/godot-inventory-system
2026-09-02T02:09:05.079302,Old World,Unknown,https://cryoscopic-e.itch.io/old-world
2026-09-02T02:09:05.079302,VisuStella Armory: Stealthy Shinobi Poisoner,Unknown,https://visustella.itch.io/visustella-armory-stealthy-shinobi-poisoner
2026-09-02T02:09:05.079302,Tiny Traffic  Low Poly Stylized,Unknown,https://retgun.itch.io/tiny-traffic-low-poly-stylized-cars-trucks-for-gamedev
2026-09-02T02:09:05.079302,Fishing rod animation cast reel idle,Unknown,https://letsgetdevy.itch.io/fishing-rod-animation
2026-09-02T02:09:05.079302,Nolka's pyrotechnics | Explosion VFX for Godot,Unknown,https://nolkaloid.itch.io/nolkas-pyro-vfx-godot
2026-09-02T02:09:05.079302,Obssidian Desktop UI â Godot 4 In-Game Computer Framework,Unknown,https://obssidian-art.itch.io/obssidian-desktop-ui-godot-4
2026-09-02T02:09:05.079302,Library Asset Pack,Unknown,https://lunarosgames.itch.io/library-asset-pack
2026-09-02T02:09:05.079302,ð¯ Celestial Empire â Ancient Chinese Fantasy Soundtrack Pack ð,Unknown,https://sakpix.itch.io/celestial-empire-ancient-chinese-fantasy-soundtrack-pack
2026-09-02T02:09:05.079302,Mystic Hallow - Fantasy Platformer Asset Pack,Unknown,https://black-spot-tm.itch.io/mystic-hallow-fantasy-platformer-asset-pack
2026-09-02T02:09:05.079302,Free GB Village,Unknown,https://hoyb.itch.io/free-gb-village
2026-09-02T02:09:05.079302,Godot 2D NavMesh Generator,Unknown,https://sambigos.itch.io/godot-2d-navmesh-generator
2026-09-02T02:09:05.079302,Everyday Vehicles - Low Poly Vehicle Pack,Unknown,https://slothclapstudios.itch.io/everyday-vehicles-low-poly-vehicle-pack
2026-09-02T02:09:05.079302,Kitchen - Low Poly Asset Pack,Unknown,https://tapdig.itch.io/kitchen-asset-pack
2026-09-02T02:09:05.079302,Turn Based RPG Monsters Pack 12,Unknown,https://elvgames.itch.io/turn-based-rpg-monsters-pack-12
2026-09-02T02:09:05.079302,Free TOP-DOWN Mega Asset + AutoTile Reference,Unknown,https://mh-3mkk.itch.io/free-pixelart-tileset
2026-09-02T02:09:05.079302,Obssidian Adventurer â FREE 32x32 Top-Down Character | Godot 4,Unknown,https://obssidian-art.itch.io/obssidian-adventurer-free-32x32-top-down-character
2026-09-02T02:09:05.079302,2D Modular Stickman Animation Pack - 50+ action,Unknown,https://stableimage.itch.io/2d-modular-stickman-animation-pack-50-animation
2026-09-02T02:09:05.079302,VisuStella Atelier: Potions and Tonics Vol.06,Unknown,https://visustella.itch.io/visustella-atelier-potions-and-tonics-vol06
2026-09-02T02:09:05.079302,Godot Volumetric Sky Shader,Unknown,https://gameidea-studio.itch.io/godot-volumetric-sky-shader
2026-09-02T02:09:05.079302,Rifts of the Nine Realms Biomes Asset Pack,Unknown,https://roninlabstudio.itch.io/rifts-of-the-nine-realms
2026-09-02T02:09:05.079302,Human Character Dummy,Unknown,https://kevdev.itch.io/human-character-dummy
2026-09-02T02:09:07.428554,Isometric City Builder - Vol. 2: Landmarks & Skyscrapers,Unknown,https://khaledpng.itch.io/isometric-city-builder-vol-2-landmarks-skyscrapers
2026-09-02T02:09:07.428554,Elf Girl â Top-Down Character & Interior Pack,Unknown,https://awakenprism.itch.io/elf-girl-top-down-character
2026-09-02T02:09:07.428554,Ultimate Fantasy RPG Loot Database (JSON&CSV),Unknown,https://databasesensei.itch.io/ultimate-fantasy-rpg-loot-database-jsoncsv
2026-09-02T02:09:07.428554,Skeletons || Pixel Asset Pack,Unknown,https://pop-shop-packs.itch.io/skeletons
2026-09-02T02:09:07.428554,Force Shield VFX -Godot,Unknown,https://soygus.itch.io/shield-force-vfx
2026-09-02T02:09:07.428554,Slime Asset,Unknown,https://neroblyt.itch.io/slime
2026-09-02T02:09:07.428554,Y2K China community Tileset,Unknown,https://bbbits.itch.io/pixel-art-y2k-chinese-residential-area-tileset
2026-09-02T02:09:07.428554,Free Cartoon Kitchen Pack,Unknown,https://awbmegames0.itch.io/free-cartoon-kitchen-pack
2026-09-02T02:09:07.428554,Essential VFX Pack â 31 Animated Effects,Unknown,https://bonkiloki.itch.io/essential-vfx-pack-31-animated-effects
2026-09-02T02:09:07.428554,CURSED CELTIC â DRUIDS & FAE,Unknown,https://sakpix.itch.io/cursed-celtic-druids-fae
2026-09-02T02:09:07.428554,Stylized Pack #3 | RPG | Assets Pack | Game Assets | variety of styles,Unknown,https://fx-express.itch.io/stylized-pack-3-rpg-assets-pack-game-assets-variety-of-styles
2026-09-02T02:09:07.428554,Viking Village - Part 2,Unknown,https://kbpixelart.itch.io/viking-village-part-2
2026-09-02T02:09:07.428554,RPG Visual Effects - Pixel Art - 256x256 | 128x128 | 64x64 | 32x32................................. #101,Unknown,https://fx-express.itch.io/rpg-visual-effects-pixel-art-256x256-128x128-64x64-32x32-101
2026-09-02T02:09:07.428554,Pipe Pack 1 - 3d model free,Unknown,https://kumagotio.itch.io/pipe-pack-1-free
2026-09-02T02:09:07.428554,Free Cartoon Furniture Pack,Unknown,https://awbmegames0.itch.io/free-cartoon-furniture-pack
2026-09-02T02:09:07.428554,Fx Effects Pixel Art - 256x256 | 128x128 | 64x64 | 32x32 - #93,Unknown,https://fx-express.itch.io/fx-effects-pixel-art-256x256-128x128-64x64-32x32-93
2026-09-02T02:09:07.428554,KnightGuard-Stylized low poly Shields,Unknown,https://polymech.itch.io/medieval-pack-low-poly-shields
2026-09-02T02:09:07.428554,VisuStella Armory: Gloves and Gauntlets Vol.04,Unknown,https://visustella.itch.io/visustella-armory-gloves-and-gauntlets-vol04
2026-09-02T02:09:07.428554,Y2K China Street scene Tileset-Park 1,Unknown,https://bbbits.itch.io/pixel-art-y2k-china-street-scene-tileset-park1
2026-09-02T02:09:07.428554,Turn Based RPG Monsters Pack 19,Unknown,https://elvgames.itch.io/turn-based-rpg-monsters-pack-19
2026-09-02T02:09:07.428554,Godot Awesome Inventory,Unknown,https://thowsenmedia.itch.io/godot-awesome-inventory
2026-09-02T02:09:07.428554,PSX Shader Pack,Unknown,https://nepoun.itch.io/psx-shader-pack
2026-09-02T02:09:07.428554,[â¦]VisuStella Atelier Season Two Collection,Unknown,https://visustella.itch.io/visustella-atelier-season-two-collection
2026-09-02T02:09:07.428554,THE 16X16 Pokemon Like Tileset,Unknown,https://aarya-yt.itch.io/the-16x16-pokemon-like-tileset
2026-09-02T02:09:07.428554,Calculator - ASSETS,Unknown,https://lunarygame.itch.io/calculator-assets
2026-09-02T02:09:07.428554,ð Moonfall Kingdom â Lunar Fantasy RPG Music Pack,Unknown,https://sakpix.itch.io/moonfall-kingdom-lunar-fantasy-rpg-music-pack
2026-09-02T02:09:07.428554,FREE SAMPLE: Dark Fantasy Dungeons (5K+),Unknown,https://p4u-games.itch.io/free-sample-dark-fantasy-dungeons-5k
2026-09-02T02:09:07.428554,Inventory,Unknown,https://ozanoyunbozan.itch.io/inventory
2026-09-02T02:09:07.428554,VisuStella Cuisine: Common Mushrooms,Unknown,https://visustella.itch.io/visustella-cuisine-common-mushrooms
2026-09-02T02:09:07.428554,VisuStella Armory: Profiteering Alchemist,Unknown,https://visustella.itch.io/visustella-armory-profiteering-alchemist
2026-09-02T02:09:07.428554,"Nature normal map addon pack | 4 free images for godot, unity, and unreal engine",Unknown,https://simplisticassets.itch.io/nature-normal-map-addon-pack-4-free-images-for-godot-unity-and-unreal-engine
2026-09-02T02:09:07.428554,"Free Low Poly â Lava Plants [Godot,Unity,Blend]",Unknown,https://emaceart.itch.io/lava-plant
2026-09-02T02:09:07.428554,"Verdant 12 â Scarp Tileset for RPG Maker MZ, Tiled & Godot: 16x16 Elevation",Unknown,https://csaf.itch.io/verdant-12-scarp
2026-09-02T02:09:07.428554,Platform TILESET - stone bricks,Unknown,https://andro01art.itch.io/gameassets-tileset-stonebrick00
2026-09-02T02:09:07.428554,VisuStella Armory: Two Handed Sword Vol.02,Unknown,https://visustella.itch.io/visustella-armory-two-handed-sword-vol02
2026-09-02T02:09:07.428554,Free Low-poly airplane,Unknown,https://daniel-dormin.itch.io/free-low-poly-airplane
2026-09-02T02:09:09.747619,"Medieval Fantasy World â Mega Tileset Pack (32x32, Top-Down, Pixel Art)",Unknown,https://marcomyly.itch.io/medieval-fantasy-world-mega-tileset-pack-32x32-top-down-pixel-art
2026-09-02T02:09:09.747619,Industrial Material Bundle,Unknown,https://gerryverse.itch.io/industrial-material-bundle
2026-09-02T02:09:09.747619,Cozy Pet Shelter Complete Kit - 110 UI Assets + HTML5 Template,Unknown,https://ratevoid.itch.io/cozy-pet-shelter-ui-kit
2026-09-02T02:09:09.747619,Modular Lowpoly Sign Pack,Unknown,https://b-render.itch.io/modular-lowpoly-sign-pack
2026-09-02T02:09:09.747619,"Character Sprite Pack 8 â 2 Characters, 30 Expressions",Unknown,https://tulune2204.itch.io/character-sprite-pack-8-2-characters-20-expressions
2026-09-02T02:09:09.747619,PixelHallowInside Font,Unknown,https://verzatiledev.itch.io/pixelhallowinside-font
2026-09-02T02:09:09.747619,Free Low Poly Nature Pack,Unknown,https://awbmegames0.itch.io/free-low-poly-nature-pack
2026-09-02T02:09:09.747619,Bao's Pixel Forest [16x16],Unknown,https://baopixels.itch.io/baos-pixel-forest-16x16
2026-09-02T02:09:09.747619,Cute Desert Platformer â 2D Pixel Art Asset Pack,Unknown,https://pozac.itch.io/cute-desert-platformer-2d-pixel-art-asset-pack
2026-09-02T02:09:09.747619,Green Hills Background,Unknown,https://myaumya.itch.io/green-hills-background
2026-09-02T02:09:09.747619,Little Demon 2D pixel art Mob,Unknown,https://luke1z.itch.io/little-demon
2026-09-02T02:09:09.747619,"Forest Ground Essentials: Low Poly Bushes, Branches & More",Unknown,https://lowendplay.itch.io/forest-ground-essentials
2026-09-02T02:09:09.747619,Low Poly Farm Pack Lite,Unknown,https://justcreate3d.itch.io/low-poly-farm-pack-lite
2026-09-02T02:09:09.747619,Spell Effects,Unknown,https://inspiredsloth.itch.io/spell-effects
2026-09-02T02:09:09.747619,Godot kart-style raycast vehice,Unknown,https://hazelnutcloud.itch.io/godot-kart-style-raycast-vehice
2026-09-02T02:09:09.747619,Fx Effects Pixel Art #0 - 64x64 | 32x32,Unknown,https://fx-express.itch.io/fx-effects-pixel-art-0-64x64-32x32
2026-09-02T02:09:09.747619,Knight,Unknown,https://downraindc3d.itch.io/knight
2026-09-02T02:09:09.747619,Food Pack,Unknown,https://rg-poly.itch.io/food-pack
2026-09-02T02:09:09.747619,Isometric assets 32x32 nature,Unknown,https://kostias.itch.io/isometric-assets-32x32-nature
2026-09-02T02:09:09.747619,Prototype Greybox Texture Pack,Unknown,https://stayathomedev.itch.io/prototype-greybox-texture-pack
2026-09-02T02:09:09.747619,Godot Smoke VFX,Unknown,https://binbun3d.itch.io/smoke-vfx
2026-09-02T02:09:09.747619,Stylized Vest Icon Pack,Unknown,https://kalponic-studio.itch.io/stylized-vest-icon-pack
2026-09-02T02:09:09.747619,Update 1 Forest Asset Pack December,Unknown,https://pixeline-k.itch.io/update-forest-asset-pack-december
2026-09-02T02:09:09.747619,RPG Visual Effects - Pixel Art - 256x256 | 128x128 | 64x64 | 32x32................................. #103,Unknown,https://fx-express.itch.io/rpg-visual-effects-pixel-art-256x256-128x128-64x64-32x32-103
2026-09-02T02:09:09.747619,2D Character Prototype Asset Pack,Unknown,https://goblinnoblin.itch.io/2d-character-prototype-asset-pack
2026-09-02T02:09:09.747619,Bottom of the Sea,Unknown,https://rapidpunches.itch.io/sea-bottom
2026-09-02T02:09:09.747619,Vivid Motion : Universal  Status Effects  VOL. 2,Unknown,https://vivid-motion-assets.itch.io/universal-status-effects-vol-2
2026-09-02T02:09:09.747619,PSX Zombie,Unknown,https://mcsteeg.itch.io/psx-zombie
2026-09-02T02:09:09.747619,Dagger Combat Animation V1 ãAssassination Themeã,Unknown,https://gamedev-hero.itch.io/dagger-combat-animation-v1-assassination-theme
2026-09-02T02:09:09.747619,Vector Icon Pack : Essentials by Pixmeup,Unknown,https://pixmeup.itch.io/pixmeup-fvs-essential-vector-icon-pack
2026-09-02T02:09:09.747619,Altorum Heights - Part 2,Unknown,https://kbpixelart.itch.io/altorum-heights-part-2
2026-09-02T02:09:09.747619,Bubble Masters Assets (CC0),Unknown,https://verzatiledev.itch.io/bubble-masters-assets
2026-09-02T02:09:09.747619,Godot-Ready Tilesets,Unknown,https://saltythegeek.itch.io/godot-ready-tilesets
2026-09-02T02:09:09.747619,Low Poly Melee Weapon Pack - Stylized Game Ready,Unknown,https://eluki.itch.io/low-poly-weapon-pack-stylized-game-ready
2026-09-02T02:09:09.747619,32x32 Cottage House Pixel Art Pack,Unknown,https://hyarismeowt.itch.io/32x32-cottage-house-pixel-art-pack
2026-09-02T02:09:09.747619,Dual Sword Animation V4 (UE/FBX),Unknown,https://gamedev-hero.itch.io/dual-sword-animation-v4-uefbx
2026-09-02T02:09:11.981838,Vivid Motion: Elemental Arcana Vol. 1,Unknown,https://vivid-motion-assets.itch.io/vivid-motion-elemental-arcana-vol-1
2026-09-02T02:09:11.981838,Godot Magic Sparkles addon,Unknown,https://sir-g.itch.io/godot-magic-sparkles
2026-09-02T02:09:11.981838,Fantasy RPG Shields Pixel Art Pack â 2100 Files,Unknown,https://pixel-1992.itch.io/fantasy-rpg-shields-pixel-art-pack-2100-files
2026-09-02T02:09:11.981838,S13 INTERFACE 8 BITS,Unknown,https://s13games.itch.io/s13-interface-8-bits
2026-09-02T02:09:11.981838,Two Handed Sword Animations V1 (UE/FBX),Unknown,https://gamedev-hero.itch.io/two-handed-sword-animations-v1-uefbx
2026-09-02T02:09:11.981838,"POLY - New York City (Unity, UE, Godot)",Unknown,https://animpicstudio.itch.io/poly-new-york-city-unity-ue-godot
2026-09-02T02:09:11.981838,Unarmed Fighting Animation V2 (Unreal Engine/FBX),Unknown,https://gamedev-hero.itch.io/unarmed-fighting-animation-v2
2026-09-02T02:09:11.981838,11 Modular One Hand Swords,Unknown,https://icemaan.itch.io/11-modular-swords
2026-09-02T02:09:11.981838,Color wrangler for Godot,Unknown,https://ash-k.itch.io/color-wrangler-for-godot
2026-09-02T02:09:11.981838,HorrorScreenFX,Unknown,https://asago.itch.io/horrorscreenfx
2026-09-02T02:09:11.981838,A Bunch Of Street Lamps,Unknown,https://verzatiledev.itch.io/street-lamps
2026-09-02T02:09:11.981838,Super Tiny UI,Unknown,https://goodcartelgames.itch.io/super-tiny-ui
2026-09-02T02:09:11.981838,Simple Concept Template: 2D Top-Down-Shooter,Unknown,https://unchain112.itch.io/simple-concept-template-2d-top-down-shooter
2026-09-02T02:09:11.981838,Platformer 2D Character Asset Pack,Unknown,https://sebbyspoons.itch.io/platformer-2d-character-asset-pack
2026-09-02T02:09:11.981838,Pine Hills Pixel Art Background,Unknown,https://myaumya.itch.io/pine-hills-background
2026-09-02T02:09:11.981838,"POLY - Houses (Unity, UE, Godot)",Unknown,https://animpicstudio.itch.io/poly-houses-unity-ue-godot
2026-09-02T02:09:11.981838,Fantasy Terrain Materials | Cold Wilderness,Unknown,https://orcpoweredgames.itch.io/stylized-terrain-textures-vol-2
2026-09-02T02:09:11.981838,VisuStella Cuisine: Blueberries,Unknown,https://visustella.itch.io/visustella-cuisine-blueberries
2026-09-02T02:09:11.981838,PS1/PSX IceCream Trailer,Unknown,https://cursedlake.itch.io/ps1psx-icecream-trailer
2026-09-02T02:09:11.981838,"Fantasy Potions Pack (32Ã32 Pixel Art, 2300+ Assets, Health, Mana & Magic Bottles)",Unknown,https://pixel-1992.itch.io/fantasy-potions-pack-3232-pixel-art-2300-assets-health-mana-magic-bottles
2026-09-02T02:09:11.981838,Cartoon VFX Essentials - Spritesheets,Unknown,https://cartooncoffee.itch.io/deluxe-spritesheets
2026-09-02T02:09:11.981838,Speech Balloons Example Project,Unknown,https://nathanhoad.itch.io/speech-balloons-godot-dialogue-example-project
2026-09-02T02:09:11.981838,Animated Pixel Slime,Unknown,https://verzatiledev.itch.io/animated-pixel-slime
2026-09-02T02:09:11.981838,Pixel art weapons,Unknown,https://verzatiledev.itch.io/pixel-art-weapons
2026-09-02T02:09:11.981838,Spacerza Font,Unknown,https://verzatiledev.itch.io/spacerza-font
2026-09-02T02:09:11.981838,Free Big Low Poly Farm Asset Pack,Unknown,https://grimnir-random.itch.io/free-big-low-poly-asset-pack
2026-09-02T02:09:11.981838,Pixel Sword Items,Unknown,https://mr-pixelz.itch.io/16x16-pixel-swords
2026-09-02T02:09:11.981838,Bronco,Unknown,https://kbpixelart.itch.io/bronco
2026-09-02T02:09:11.981838,Steam Controller UI,Unknown,https://verzatiledev.itch.io/steam-controller-ui
2026-09-02T02:09:11.981838,PvsZ Voxel Art,Unknown,https://lunarygame.itch.io/pvsz-voxel-art
2026-09-02T02:09:11.981838,SnakeWarrior,Unknown,https://downraindc3d.itch.io/snakewarrior
2026-09-02T02:09:11.981838,SHADER - Palette Swap (766 Update),Unknown,https://alberto-luviano.itch.io/shader-palette-swap
2026-09-02T02:09:11.981838,Cows - Pixel Art,Unknown,https://avosgrosimbourg.itch.io/cows-pixel-art
2026-09-02T02:09:11.981838,2D Wind & Smoke VFX - Spritesheets,Unknown,https://cartooncoffee.itch.io/wind-spritesheets
2026-09-02T02:09:11.981838,"POLY - Mega Sci-Fi Sandbox (Unity, UE, Godot)",Unknown,https://animpicstudio.itch.io/poly-mega-sci-fi-sandbox-unity-ue-godot
2026-09-02T02:09:11.981838,PSOne Style - Female Character 01,Unknown,https://manneko.itch.io/psone-style-fem-01
2026-09-02T02:09:14.247995,Dual Sword Animations V1 (Unreal Engine/Unity/FBX),Unknown,https://gamedev-hero.itch.io/dual-sword-animations-v1
2026-09-02T02:09:14.247995,inflatables,Unknown,https://loafbrr.itch.io/inflatables
2026-09-02T02:09:14.247995,Simple PSX House,Unknown,https://gabrielnjlc.itch.io/simple-psx-house
2026-09-02T02:09:14.247995,2D Pistols,Unknown,https://verzatiledev.itch.io/2d-pistols
2026-09-02T02:09:14.247995,Texture Pack: Tiles & Metal,Unknown,https://juliovii.itch.io/ftp-metal-tiles
2026-09-02T02:09:14.247995,1BIT ROGUELIKE,Unknown,https://dirty-joe-graphics.itch.io/2bit-roguelike
2026-09-02T02:09:14.247995,Gweebo's FPS template for GODOT 4.3,Unknown,https://gweebo.itch.io/gweebos-fps-template
2026-09-02T02:09:14.247995,5 PSX Houses Pack 2,Unknown,https://postdev.itch.io/5-psx-houses-pack-2
2026-09-02T02:09:14.247995,"POLY - Fantasy Village (Unity, UE, Godot)",Unknown,https://animpicstudio.itch.io/poly-fantasy-village-unity-ue-godot
2026-09-02T02:09:14.247995,Medieval Tools,Unknown,https://maximumdamage.itch.io/medieval-tools
2026-09-02T02:09:14.247995,2D Pixel Art Lizardfolk Temple Tileset,Unknown,https://elthen.itch.io/2d-pixel-art-lizardfolk-temple-tileset
2026-09-02T02:09:14.247995,Texture Pack: Materials Terrazzo 01,Unknown,https://juliovii.itch.io/ftp-terrazzo-01
2026-09-02T02:09:14.247995,Texture Pack: Mix Pack 01,Unknown,https://juliovii.itch.io/ftp-mix-pack-01
2026-09-02T02:09:14.247995,LowPoly Weapons Assets Pack,Unknown,https://rich46.itch.io/lowpoly-weapon-pack
2026-09-02T02:09:14.247995,BoxCam2D (Godot Grid Camera),Unknown,https://sarooptech.itch.io/boxcam2d
2026-09-02T02:09:14.247995,Godot Awesome Splash,Unknown,https://duongvituan.itch.io/godot-awesome-splash
2026-09-02T02:09:14.247995,"POLY - Farm (Unity, UE, Godot)",Unknown,https://animpicstudio.itch.io/poly-farm-unity-ue-godot
2026-09-02T02:09:14.247995,3D Food Pack Low Poly,Unknown,https://lambdagamesofficial.itch.io/3d-food-pack
2026-09-02T02:09:14.247995,Texture Pack: Mix Pack 07,Unknown,https://juliovii.itch.io/ftp-mix-pack-07
2026-09-02T02:09:14.247995,VisuStella Cuisine: Brain,Unknown,https://visustella.itch.io/visustella-cuisine-brain
2026-09-02T02:09:14.247995,Stylised Low Poly Modular Medieval House Pack,Unknown,https://jaybeelittlecreations.itch.io/modular-medieval-town-house
2026-09-02T02:09:14.247995,e17 Fantasy Location Backgrounds,Unknown,https://echo17.itch.io/e17-fantasy-locations
2026-09-02T02:09:14.247995,Godot Spatial Audio Player 3D,Unknown,https://danikakes.itch.io/godot-spatial-audio-player-3d
2026-09-02T02:09:14.247995,3D Platformer Sound Effects & Music,Unknown,https://borncg.itch.io/3d-platformer-sound-effects-music
2026-09-02T02:09:14.247995,VisuStella Cuisine: Liver,Unknown,https://visustella.itch.io/visustella-cuisine-liver
2026-09-02T02:09:14.247995,Texture Pack: Mix Pack 06,Unknown,https://juliovii.itch.io/ftp-mix-pack-06
2026-09-02T02:09:14.247995,"Fantasy Magical Books Pack (32Ã32 Pixel Art, 770+ Assets, Spellbook & Magic Icons)",Unknown,https://pixel-1992.itch.io/fantasy-magical-books-pack-3232-pixel-art-770-assets-spellbook-magic-icons
2026-09-02T02:09:14.247995,Godette Asset,Unknown,https://countouf.itch.io/godette-asset
2026-09-02T02:09:14.247995,5 Warms Mountains Backgrounds Assets - Pixelart / Pixel Art sprite Pack RPG,Unknown,https://captainskolot.itch.io/5-warms-mountains-backgrounds-assets-pixelart-pixel-art-sprite-pack-rpg
2026-09-02T02:09:14.247995,Fantasy RPG Elf Pixel Art - Faction NPC Pack,Unknown,https://lunascra.itch.io/emerald-vanguard
2026-09-02T02:09:14.247995,Isometric Asset Pack:ð«Kit-Katð«,Unknown,https://black-lotus-society.itch.io/isometric-kit-kat
2026-09-02T02:09:14.247995,VOLTCORE VFX â 30 Procedural Energy Effects,Unknown,https://mikuji.itch.io/voltcore-vfx-30-procedural-energy-effects
2026-09-02T02:09:14.247995,Godot 3.4 Base Game Template,Unknown,https://chafmere.itch.io/godot-base-game-template
2026-09-02T02:09:14.247995,Godot Forest Starter Scene,Unknown,https://hooray4brains.itch.io/godot-forest-starter-scene
2026-09-02T02:09:14.247995,Godot Addon - Jesus In Control,Unknown,https://nonunknown.itch.io/gajic
2026-09-02T02:09:14.247995,Godot Character Creation Suite,Unknown,https://thowsenmedia.itch.io/godot-character-creation-suite
2026-09-02T02:09:16.487733,"POLY - Mega Survival Food (Unity, UE, Godot)",Unknown,https://animpicstudio.itch.io/poly-mega-survival-food-unity-ue-godot
2026-09-02T02:09:16.487733,RPG Visual Effects - Pixel Art - 256x256 | 128x128 | 64x64 | 32x32................................. #104,Unknown,https://fx-express.itch.io/rpg-visual-effects-pixel-art-256x256-128x128-64x64-32x32-104
2026-09-02T02:09:16.487733,Topdown Modern - Small Town,Unknown,https://widseylabs.itch.io/topdown-modern-small-town
2026-09-02T02:09:16.487733,2D SMGs,Unknown,https://verzatiledev.itch.io/2d-smgs
2026-09-02T02:09:16.487733,Game Asset Pack - Crops Collection ð½ð¾ðð¿,Unknown,https://saraspiegelberg.itch.io/game-asset-pack-crops-collection-1
2026-09-02T02:09:16.487733,Free Low Poly 3D Island Map Asset â Game & Mobile Ready,Unknown,https://gataki.itch.io/free-low-poly-island-map-game-and-mobile-ready
2026-09-02T02:09:16.487733,Retro Neon Backgrounds,Unknown,https://usirnamee.itch.io/animated-backgrounds
2026-09-02T02:09:16.487733,"POLY - Nature Pack (Unity, UE, Godot)",Unknown,https://animpicstudio.itch.io/poly-nature-pack
2026-09-02T02:09:16.487733,"POLY - Lite Survival Collection (Unity, UE, Godot)",Unknown,https://animpicstudio.itch.io/poly-lite-survival-collection-unity-ue-godot
2026-09-02T02:09:16.487733,Practice Dummy - Mr Watermelon,Unknown,https://shinobugaen.itch.io/pixel-abyss-watermelon-dummy
2026-09-02T02:09:16.487733,Magic moves/attacks for the DEVS,Unknown,https://tornadogames.itch.io/magic-sparksattacks-for-the-devs
2026-09-02T02:09:16.487733,Retro CRT Computer (1990s Desktop PC),Unknown,https://crazydrpants.itch.io/retro-crt-computer
2026-09-02T02:09:16.487733,Godot Engine 3D printing material,Unknown,https://qbieshay.itch.io/godot-engine-3d-printing-material
2026-09-02T02:09:16.487733,plenticons,Unknown,https://foxssake.itch.io/plenticons
2026-09-02T02:09:16.487733,PSX Industrial Asset Pack vol. 1,Unknown,https://realduende.itch.io/psx-industrial
2026-09-02T02:09:16.487733,donuts,Unknown,https://voxelbytebot.itch.io/donut
2026-09-02T02:09:16.487733,Stylized Low Poly Rocks Pack,Unknown,https://imersastudios.itch.io/stylized-low-poly-rocks-pack
2026-09-02T02:09:16.487733,"POLY - Medieval Camp (Unity, Unreal, Godot, Blender)",Unknown,https://animpicstudio.itch.io/poly-medieval-camp-unity-unreal-godot-blender
2026-09-02T02:09:16.487733,Dungeon Tileset (32x32),Unknown,https://loomy-pixie.itch.io/dungeon-tileset-32x32
2026-09-02T02:09:16.487733,3D Asset: Stylized Beer Mugs,Unknown,https://juliovii.itch.io/3d-asset-beer-mugs
2026-09-02T02:09:16.487733,SoulEater,Unknown,https://downraindc3d.itch.io/souleater
2026-09-02T02:09:16.487733,"Trio UI Kit FREE Sample â 70 SVG GUI Assets (Vector Buttons, Panels, Bars, Icons)",Unknown,https://moonpunchstudio.itch.io/trio-ui-kit-free
2026-09-02T02:09:16.487733,Pixel Art Bear Sprite Pack â Animated,Unknown,https://smallmak.itch.io/animated-bear-sprite-pack
2026-09-02T02:09:16.487733,"Huesitos, 3D skeleton asset",Unknown,https://franken-beast.itch.io/huesitos-skeleton
2026-09-02T02:09:16.487733,Candy Bejewel Blocks,Unknown,https://verzatiledev.itch.io/candy-bejewel-blocks
2026-09-02T02:09:16.487733,Accelerometer Demo [Godot],Unknown,https://pedrovmvictor.itch.io/accelerometerdemogodot
2026-09-02T02:09:16.487733,Ultimate City & Nature Tileset - RPG Asset Pack (32x32),Unknown,https://khaledpng.itch.io/ultimate-city-nature-tileset-rpg-asset-pack-32x32
2026-09-02T02:09:16.487733,Godot Logo Wink Pixel Animation,Unknown,https://furtivemole.itch.io/godot-pixel-animation
2026-09-02T02:09:16.487733,Screw puzzle game 3D asset pack,Unknown,https://zappypixel.itch.io/screw-puzzle-game-3d-asset-pack
2026-09-02T02:09:16.487733,Unarmed Fighting Animation V4 ãStreet Fighter Styleã,Unknown,https://gamedev-hero.itch.io/unarmed-fighting-animation-v4-street-fighter-style
2026-09-02T02:09:16.487733,Stylized Office Props - 20 Game-Ready Models,Unknown,https://writingdeveloper.itch.io/stylized-office-props
2026-09-02T02:09:16.487733,Animated Pixel Art Godot Logo,Unknown,https://dizeoakamatsu.itch.io/pixel-godot-logo
2026-09-02T02:09:16.487733,GTI Asset Pack,Unknown,https://pywon.itch.io/asset-pack
2026-09-02T02:09:16.487733,RPG Fantasy Pixel Art â Coins & Currency Pack (840+ Files | 7 Tiers + Unique Designs) ð°,Unknown,https://pixel-1992.itch.io/rpg-fantasy-pixel-art-coins-currency-pack-840-files-7-tiers-unique-designs
2026-09-02T02:09:16.487733,"2D platformer mushroom sprite , animations",Unknown,https://hassoun.itch.io/mushroom-sprite
2026-09-02T02:09:16.487733,Stylized Pack #2 | RPG | Assets Pack | Game Assets | variety of styles,Unknown,https://fx-express.itch.io/stylized-pack-2-rpg-assets-pack-game-assets
2026-09-02T02:09:18.722248,MadNun,Unknown,https://downraindc3d.itch.io/madnun
2026-09-02T02:09:18.722248,Cozy Medieval Church Interior â Pixel Art Assets,Unknown,https://mutterpixel-studio.itch.io/cozy-medieval-church-interior-pixel-art-assets
2026-09-02T02:09:18.722248,SAKURA ECLIPSE 256Ã256 PREMIUM JAPANESE MOONLIGHT FANTASY CHARACTER COLLECTION,Unknown,https://sakpix.itch.io/sakura-eclipse-256256-premium-japanese-moonlight-fantasy-character-collection
2026-09-02T02:09:18.722248,"POLY - Survival Workshop (Unity, UE, Godot)",Unknown,https://animpicstudio.itch.io/poly-survival-workshop
2026-09-02T02:09:18.722248,Skeuomorphic Retro OS â Godot Theme,Unknown,https://galacticlake.itch.io/skeuomorphic-retro-os-godot-theme
2026-09-02T02:09:18.722248,Wood Steps,Unknown,https://evgenidoudar.itch.io/wood-steps
2026-09-02T02:09:18.722248,Low Poly Bottles Mini Asset Pack,Unknown,https://kantate44.itch.io/bottles
2026-09-02T02:09:18.722248,Vaho â Ghost Distortion Shader,Unknown,https://annie-isthar.itch.io/vaho-ghost-distortion-shader
2026-09-02T02:09:18.722248,Godot 4.6 Game Jam Template,Unknown,https://infinite8bit-studios.itch.io/godot-46-gamejam-template
2026-09-02T02:09:18.722248,"VisuStella Armory: Axes, Hatchets and Maids",Unknown,https://visustella.itch.io/visustella-armory-cute-axe-maid
2026-09-02T02:09:18.722248,Clearlooks for Godot,Unknown,https://yukiisbored.itch.io/clearlooks-godot
2026-09-02T02:09:18.722248,Dummy 2D Pixel art Mob,Unknown,https://luke1z.itch.io/dummy
2026-09-02T02:09:18.722248,Modular Brick Structures,Unknown,https://loafbrr.itch.io/modular-brick-structures
2026-09-02T02:09:18.722248,3D Modular Low Poly Assets Pack,Unknown,https://deracro.itch.io/3d-modular-low-poly-assets-pack
2026-09-02T02:09:18.722248,Match Up for Godot,Unknown,https://noblewhalestudios.itch.io/match-up-for-godot
2026-09-02T02:09:18.722248,Voxel Casino - monogon,Unknown,https://maxparata.itch.io/voxelcasino
2026-09-02T02:09:18.722248,VisuStella Armory:  Battle Mallet,Unknown,https://visustella.itch.io/visustella-armory-battle-mallet
2026-09-02T02:09:18.722248,Wind Waker Lights Demo,Unknown,https://koboldskeep.itch.io/wind-waker-lights-demo
2026-09-02T02:09:18.722248,Projectile Effects,Unknown,https://inspiredsloth.itch.io/projectile-effects
2026-09-02T02:09:18.722248,Yoshino's Bright Icons 16x16,Unknown,https://rym-yoshino.itch.io/yoshinos-bright-icons-16x16
2026-09-02T02:09:18.722248,VisuStella Armory: Little Hammer Hero,Unknown,https://visustella.itch.io/visustella-armory-little-hammer-hero
2026-09-02T02:09:18.722248,Low Poly Fantasy Forest,Unknown,https://justcreate3d.itch.io/low-poly-fantasy-forest
2026-09-02T02:09:18.722248,5 PSX Houses Pack,Unknown,https://postdev.itch.io/5-psx-houses-pack
2026-09-02T02:09:18.722248,Low Poly Kitchen Assets Pack,Unknown,https://mihai-man75.itch.io/low-poly-kitchen-assets-pack
2026-09-02T02:09:18.722248,Cupcakes Framework,Unknown,https://oplexitie.itch.io/cupcakes-framework
2026-09-02T02:09:18.722248,Beeper 3d Model (Free),Unknown,https://endthegame.itch.io/beeper-3d-model
2026-09-02T02:09:18.722248,Godot 4: Water Asset,Unknown,https://creative-core-studio.itch.io/godot-4-water-asset
2026-09-02T02:09:18.722248,PSX Assets - First Person Arms,Unknown,https://rbgr.itch.io/psx-assets-first-person-arms
2026-09-02T02:09:18.722248,Arcade Interface Sounds,Unknown,https://evgenidoudar.itch.io/arcade-interface-sounds
2026-09-02T02:09:18.722248,Modern Macro - 25x25 Cute Pixel Font,Unknown,https://v3x3d.itch.io/modern-macro
2026-09-02T02:09:18.722248,TombSpider,Unknown,https://downraindc3d.itch.io/tombspider
2026-09-02T02:09:18.722248,Redot Engine [ Unofficial ] Logo Animation,Unknown,https://yanna3river.itch.io/redot-engine-logo-animation-unofficial
2026-09-02T02:09:18.722248,Hit VFX Pack - 30 Stylized Impact Effects for Godot 4,Unknown,https://berryhibiscus.itch.io/hit-vfx-pack-30-stylized-impact-effects-for-godot-4
2026-09-02T02:09:18.722248,Cyberpunk Music Pack - Apolo - Tiny Pack,Unknown,https://richarrest.itch.io/cyberpunk-music-tiny-pack
2026-09-02T02:09:18.722248,Medieval Pixel Art â Full Game Asset Pack,Unknown,https://rebabi.itch.io/medieval-full
2026-09-02T02:09:18.722248,Isometric Village Builder,Unknown,https://khaledpng.itch.io/isometric-village-builder
2026-09-02T02:09:21.106595,Isometric Dual Grid System Template,Unknown,https://hibiki-and-leijin.itch.io/isometric-dual-grid-system-template
2026-09-02T02:09:21.106595,Simple Dungeon Assets Pack(32x32),Unknown,https://guawoo.itch.io/simple-dungeon-assets-pack
2026-09-02T02:09:21.106595,SAKURA MOON 128Ã128 JAPANESE SAKURA FANTASY CHARACTER COLLECTION,Unknown,https://sakpix.itch.io/sakura-moon-128128-japanese-sakura-fantasy-character-collection
2026-09-02T02:09:21.106595,UNIVERSAL INTERACTIVE PROPS â FREE 7 STARTER PACK,Unknown,https://obssidian-art.itch.io/universal-interactive-props-free-7
2026-09-02T02:09:21.106595,Obssidian Status Forge â Godot 4 Status Effect System,Unknown,https://obssidian-art.itch.io/obssidian-status-forge-godot
2026-09-02T02:09:21.106595,Godot FPS template [FREE & open-source],Unknown,https://bukkbeek.itch.io/godot-fps-template
2026-09-02T02:09:21.106595,Godot UI Template,Unknown,https://orangeslug.itch.io/godot-ui
2026-09-02T02:09:21.106595,2D Sword Slash VFX - Spritesheets,Unknown,https://cartooncoffee.itch.io/sword-spritesheets
2026-09-02T02:09:21.106595,Fantasy Tile Engine,Unknown,https://hippogames.itch.io/fantasy-tile-engine
2026-09-02T02:09:21.106595,"POLY - Mega Survival Construction Kit (Unity, UE, Godot)",Unknown,https://animpicstudio.itch.io/poly-mega-survival-construction-kit
2026-09-02T02:09:21.106595,Dual Sword Animations V3 (Ureal Engine/FBX),Unknown,https://gamedev-hero.itch.io/dual-sword-animations-v3-ureal-enginefbx
2026-09-02T02:09:21.106595,3D Hover Canvasitem Shader Godot,Unknown,https://knowercoder.itch.io/3d-hover-shader-godot
2026-09-02T02:09:21.106595,Godot Beam VFX,Unknown,https://gameidea-studio.itch.io/godot-beam-vfx
2026-09-02T02:09:21.106595,StickerStyle Basic Pack,Unknown,https://alfish.itch.io/stickerstyle-basic-pack
2026-09-02T02:09:21.106595,Low Poly Bedroom Asset Pack,Unknown,https://kyle-fuji.itch.io/low-poly-bedroom-asset-pack
2026-09-02T02:09:21.106595,Jumble Buddies â Physics-Based Multiplayer Game Template for Godot,Unknown,https://srt1ko.itch.io/physics-based-multiplayer-game-template-for-godot
2026-09-02T02:09:21.106595,"POLY - Mega Survival Tools (Unity, UE, Godot)",Unknown,https://animpicstudio.itch.io/poly-mega-survival-tools-unity-ue-godot
2026-09-02T02:09:21.106595,EPIC EXPLOSIONS Pixel VFX,Unknown,https://icemaan.itch.io/epic-explosions-pixel-vfx
2026-09-02T02:09:21.106595,keybind menu - godot 4.4 project,Unknown,https://joncrow.itch.io/keybind-menu-godot-44-project
2026-09-02T02:09:21.106595,Move and Dodge 3d Game Assets,Unknown,https://visualcodinghub.itch.io/move-and-dodge-3d-game-asset-pack
2026-09-02T02:09:21.106595,Omie's Assets - Office Set,Unknown,https://omies-assets.itch.io/omies-assets-office-set
2026-09-02T02:09:21.106595,Calendar Time â Game Calendar & Day/Night Plugin for Godot 4,Unknown,https://chris-tutorials.itch.io/calendar-time-godot
2026-09-02T02:09:21.106595,Truck-Chan â PSX Style Japanese Kei Truck,Unknown,https://donmir.itch.io/truck-chan-psx-style-japanese-kei-truck
2026-09-02T02:09:21.106595,Godot icon,Unknown,https://alexrequiemd.itch.io/godot-icon
2026-09-02T02:09:21.106595,10 Animated RPG Magic Spells - Pixel Art VFX,Unknown,https://antahonist.itch.io/10-magic-spells-pixel-art-vfx
2026-09-02T02:09:21.106595,The Ultimate Stylized Mannequin Pack,Unknown,https://pablopfa.itch.io/the-ultimate-stylized-mannequin-pack
2026-09-02T02:09:21.106595,Simple Low-Poly City Car,Unknown,https://vyurt.itch.io/simple-low-poly-city-car
2026-09-02T02:09:21.106595,Free Grimm Reaper 3D model,Unknown,https://413games.itch.io/free-grimm-reaper-3d-model
2026-09-02T02:09:21.106595,3D Platformer Menu Images (x3),Unknown,https://borncg.itch.io/3d-platformer-menu-images-x3
2026-09-02T02:09:21.106595,Recycling Bin,Unknown,https://yureino-kage.itch.io/recycling-bin
2026-09-02T02:09:21.106595,2D Pixel Art Masked Forest Spirit Sprites,Unknown,https://elthen.itch.io/2d-pixel-art-masked-forest-spirit-sprites
2026-09-02T02:09:21.106595,Scarecrow  2D Pixel art Mob,Unknown,https://luke1z.itch.io/scarecrow-mon
2026-09-02T02:09:21.106595,NATURE PACK [CARTOON],Unknown,https://aethercode.itch.io/ts-cartoon-nature-pack
2026-09-02T02:09:21.106595,Sundalaya,Unknown,https://nukueza.itch.io/sundalaya
2026-09-02T02:09:21.106595,Voxel Cars collection - monogon,Unknown,https://maxparata.itch.io/voxelcars
2026-09-02T02:09:21.106595,Retro Quest - Music Pack,Unknown,https://cazwolf.itch.io/retro-quest
2026-09-02T02:09:23.509888,"Fantasy Anime Sprite Pack 7 - 2 Female Characters   | 20 Expressions  , 4 RPG Backgrounds",Unknown,https://tulune2204.itch.io/fantasy-anime-sprite-pack-7-2-female-characters-20-expressions-4-rpg-backgro
2026-09-02T02:09:23.509888,Xbox PixelArt Controller,Unknown,https://svor.itch.io/svor-xbox-pixel-controller
2026-09-02T02:09:23.509888,Drivable-Free Low Poly Cars,Unknown,https://awbmegames0.itch.io/drivable-free-low-poly-cars
2026-09-02T02:09:23.509888,Stool,Unknown,https://maximumdamage.itch.io/stool
2026-09-02T02:09:23.509888,Hero's Revenge - Music Pack,Unknown,https://cazwolf.itch.io/heros-revenge
2026-09-02T02:09:23.509888,Glorysaur,Unknown,https://nachobh.itch.io/glorysaur
2026-09-02T02:09:23.509888,PSOne Style- Action Heroine - Animated,Unknown,https://manneko.itch.io/psone-act-heroine
2026-09-02T02:09:23.509888,VisuStella Atelier: Potions and Tonics Vol.08,Unknown,https://visustella.itch.io/visustella-atelier-potions-and-tonics-vol08
2026-09-02T02:09:23.509888,Godot 3D Survival Game Template,Unknown,https://ldgamingexpress.itch.io/3d-survival-game-template
2026-09-02T02:09:23.509888,Urban n' Streets,Unknown,https://hakanbacon.itch.io/urban-n-streets
2026-09-02T02:09:23.509888,PS1 | PSX Creepy Doll | Animated | FREE,Unknown,https://cursedlake.itch.io/ps1-psx-creepy-doll-animated
2026-09-02T02:09:23.509888,Retro Tech Icon Pack,Unknown,https://crumbusmcfungus.itch.io/retro-tech-icon-pack
2026-09-02T02:09:23.509888,Godot Grass Painter Tool,Unknown,https://gameidea-studio.itch.io/godot-grass-painter-tool
2026-09-02T02:09:23.509888,2D FX Essentials - Godot 4 Shader Pack,Unknown,https://dimensionalmios.itch.io/almios-2d-fx-essentials
2026-09-02T02:09:23.509888,"POLY - Survival Melee Weapons (Unity, UE, Godot)",Unknown,https://animpicstudio.itch.io/poly-survival-melee-weapons-unity-ue-godot
2026-09-02T02:09:23.509888,Conveyor Belt Sushi Restaurant â Low Poly 3D Asset Pack,Unknown,https://yumeforge.itch.io/conveyor-belt-sushi
2026-09-02T02:09:23.509888,Cute Props Kit,Unknown,https://dragongamesstudio.itch.io/cute-props-kit
2026-09-02T02:09:23.509888,One Handed Sword Animation V4 (Unreal/FBX),Unknown,https://gamedev-hero.itch.io/onehanded-sword-animation-v4-unrealfbx
2026-09-02T02:09:23.509888,BearBard's Burgers,Unknown,https://bearbard.itch.io/bearbards-burgers
2026-09-02T02:09:23.509888,S13 Vector Dungeon Pack,Unknown,https://s13games.itch.io/s13-vector-dungeon-pack
2026-09-02T02:09:23.509888,VisuStella Armory: Bag and Butler,Unknown,https://visustella.itch.io/visustella-armory-bag-and-butler
2026-09-02T02:09:23.509888,Low Poly Mega Bundle,Unknown,https://justcreate3d.itch.io/low-poly-mega-bundle
2026-09-02T02:09:23.509888,"Verdant HD 01 â Highland Tileset for RPGs: Meadow, Scarp, Crag & Tarn [32x32]",Unknown,https://csaf.itch.io/verdant-hd-01-highland
2026-09-02T02:09:23.509888,CYBERPUNK MERCENARY â PREMIUM 256Ã256 CHARACTER,Unknown,https://sakpix.itch.io/cyberpunk-mercenary-premium-256256-character
2026-09-02T02:09:23.509888,Side Scroller Undead Zombie Pixel Asset Pack,Unknown,https://assets2d.itch.io/side-scroller-undead-zombie-pixel-asset-pack
2026-09-02T02:09:23.509888,Elemental Impact VFX - Lite - Free Fireball for Godot 4,Unknown,https://selodev.itch.io/elemental-impact-vfx-lite-free-fireball-for-godot-4
2026-09-02T02:09:23.509888,Directrix Arcade Racing Kit (Godot),Unknown,https://directrix-games.itch.io/directrix-arcade-racing-kit-godot
2026-09-02T02:09:23.509888,World Masterpieces â 16px & 32px Pixel Wall Art for Game Interiors,Unknown,https://keespeed.itch.io/world-masterpieces-pixel-wall-art
2026-09-02T02:09:23.509888,Pixel Projectile Effects and Hits,Unknown,https://icemaan.itch.io/pixel-projectile-effects-and-hits
2026-09-02T02:09:23.509888,"POLY - Forest Village (Unity, UE, Godot)",Unknown,https://animpicstudio.itch.io/poly-forest-village-unity-ue-godot
2026-09-02T02:09:23.509888,VisuStella Atelier: Potions and Tonics Vol.07,Unknown,https://visustella.itch.io/visustella-atelier-potions-and-tonics-vol07
2026-09-02T02:09:23.509888,"Verdant 09 â Town Tileset for RPGs: Street, Market, Housefronts & Gardens [16x16]",Unknown,https://csaf.itch.io/verdant-09-town
2026-09-02T02:09:23.509888,Nebulas in Godot,Unknown,https://ryanremer.itch.io/nebulas-in-godot
2026-09-02T02:09:23.509888,The Bots Series - Small and Medium Blue Chest,Unknown,https://mybad-7.itch.io/the-bots-series-small-and-medium-blue-chest
2026-09-02T02:09:23.509888,"WWII Tank Pack â GLB Models (Panther, Sherman, IS-2, Panzer IV + destroyed props)",Unknown,https://metaworldos.itch.io/wwii-tank-pack-glb-models
2026-09-02T02:09:23.509888,Lucky Block 3D Animated character,Unknown,https://kag3d-shop.itch.io/lucky-block-3d-animated
2026-09-02T02:09:25.743754,Dialogue - No-Code Branching Dialogue for Godot 4,Unknown,https://selodev.itch.io/dialogue-no-code-branching-dialogue-for-godot-4
2026-09-02T02:09:25.743754,"1000+ Pixel Horror Game Assets Bundle â UI, Props, SFX, Backgrounds & Overlays",Unknown,https://obscuravox.itch.io/1000-pixel-horror-game-assets-bundle-ui-props-sfx-backgrounds-overlays
2026-09-02T02:09:25.743754,FREE Redot Engine alternate logo/icons/splash,Unknown,https://shaolindave.itch.io/redot-engine-alternate-logoiconssplash
2026-09-02T02:09:25.743754,Low Poly Sci-Fi Planet Base,Unknown,https://justcreate3d.itch.io/low-poly-sci-fi-planet-base
2026-09-02T02:09:25.743754,Texture Pack: Mix Pack 09,Unknown,https://juliovii.itch.io/mix-pack-09
2026-09-02T02:09:25.743754,Adv - RPG Template Bow & Arrow controller,Unknown,https://gw-tuts.itch.io/adv-rpg-template-bow-arrow-controller
2026-09-02T02:09:25.743754,RPG Template Bow & Arrow controller,Unknown,https://gw-tuts.itch.io/rpg-template-bow-controller
2026-09-02T02:09:25.743754,Obssidian Gothic Inventory & Equipment â Godot Ready RPG UI Expansion,Unknown,https://obssidian-art.itch.io/obssidian-gothic-inventory-equipment-godot-ready-rpg-ui-expansion
2026-09-02T02:09:25.743754,Retro Van,Unknown,https://crazydrpants.itch.io/retro-van
2026-09-02T02:09:25.743754,Godot: Rain Drop Shader,Unknown,https://creative-core-studio.itch.io/godot-rain-drop-shader
2026-09-02T02:09:25.743754,Transformation shader (Godot 4),Unknown,https://azerumaker.itch.io/transformation-shader
2026-09-02T02:09:25.743754,Cozy Coffee Shop â Pixel Art Assets,Unknown,https://mutterpixel-studio.itch.io/cozy-coffee-shop-pixel-art-assets
2026-09-02T02:09:25.743754,Low-Poly Barrels,Unknown,https://pentoxel-studio.itch.io/low-poly-barrles
2026-09-02T02:09:25.743754,goku 3d animated,Unknown,https://estudiomasluz.itch.io/goku-3d-animated
2026-09-02T02:09:25.743754,3D Farm Props Include Texture PSX Asset Pack,Unknown,https://pandoraentertainment.itch.io/3d-farm-props-texture-psx-asset-pack
2026-09-02T02:09:25.743754,Scene Manager + Main Menu Template,Unknown,https://lemony-the-game-developer.itch.io/scene-manager-main-menu
2026-09-02T02:09:25.743754,Human Spellcasting Animations,Unknown,https://kevdev.itch.io/human-spellcasting-animations
2026-09-02T02:09:25.743754,Animated Knight Character,Unknown,https://mcsteeg.itch.io/psx-dungeon-animated-knight
2026-09-02T02:09:25.743754,Retro Macintosh Icon & Symbol Pack,Unknown,https://dracco-0n.itch.io/retro-macintosh-icon-pack
2026-09-02T02:09:25.743754,Low Poly Rigged Cute Monsters  ( 3D Game Asset ),Unknown,https://molotov-kittens.itch.io/low-poly-cute-monsters-rigged
2026-09-02T02:09:25.743754,the eye asset pack by JWK,Unknown,https://jack-wester-key.itch.io/the-eye-assest-pack-by-jwk
2026-09-02T02:09:25.743754,Asian Garden Birds || Pixel Asset Pack,Unknown,https://pop-shop-packs.itch.io/asian-garden-birds-pixel-asset-pack
2026-09-02T02:09:25.743754,Three-state Bars,Unknown,https://iceball.itch.io/three-state-bars
2026-09-02T02:09:25.743754,"Item Vault â Inventory, Loot & Item System for Godot 4",Unknown,https://chris-tutorials.itch.io/item-vault-godot
2026-09-02T02:09:25.743754,PSOne Style â Male Character 01,Unknown,https://manneko.itch.io/psone-style-man-01
2026-09-02T02:09:25.743754,Mushroom - ASSETS,Unknown,https://lunarygame.itch.io/mushroom-assets
2026-09-02T02:09:25.743754,Low Poly FPS Weapons Pack 3D Shooter Asset,Unknown,https://justcreate3d.itch.io/low-poly-fps-weapons-pack-3d-shooter-asset
2026-09-02T02:09:25.743754,"Fantasy Anime Sprite Pack - 2 Female Characters  | 20 Expressions  , 4 RPG Backgrounds",Unknown,https://tulune2204.itch.io/fantasy-anime-sprite-pack-2-female-characters-20-expressions-4-rpg-backgrou
2026-09-02T02:09:25.743754,PSX Blood Wraith,Unknown,https://retro-spud.itch.io/psx-blood-wraith
2026-09-02T02:09:25.743754,Godot Name Generator Class,Unknown,https://cerol.itch.io/godot-name-generator-class
2026-09-02T02:09:25.743754,The Knight's Adventures (free assets pack),Unknown,https://gamedev-mel.itch.io/the-knights-adventures
2026-09-02T02:09:25.743754,Visual Shader Lambert Light Model Node - Godot 4.4+,Unknown,https://interdreamsoft.itch.io/lambert-light-model
2026-09-02T02:09:25.743754,"Verdant 08 â Mire: Blackwater, Boardwalk & Bog [16x16]",Unknown,https://csaf.itch.io/verdant-08-mire
2026-09-02T02:09:25.743754,"POLY - Mega Survival Medical Kit (Unity, UE, Godot)",Unknown,https://animpicstudio.itch.io/poly-mega-survival-medical-kit-unity-ue-godot
2026-09-02T02:09:25.743754,Godot 3D Flamethrowers,Unknown,https://gameidea-studio.itch.io/godot-3d-flamethrowers
2026-09-02T02:09:25.743754,Pixelart / Pixilart Hexagonal Tileset - Free for Commercial Use,Unknown,https://scrython.itch.io/hexagonal-tileset
2026-09-02T02:09:28.399317,Shared Memory - Godot 4.4+,Unknown,https://interdreamsoft.itch.io/shared-memory
2026-09-02T02:09:28.399317,Greyboxing 3D assets,Unknown,https://admadea.itch.io/greyboxing-3d-assets
2026-09-02T02:09:28.399317,Fantasy Terrain Materials | Coastal & Tropical,Unknown,https://orcpoweredgames.itch.io/fantasy-terrain-materials-coastal-tropical
2026-09-02T02:09:28.399317,Dungeon Rooms Low Poly Pack,Unknown,https://imersastudios.itch.io/dungeon-rooms-low-poly-pack
2026-09-02T02:09:28.399317,Retro Shaders Pro for Godot,Unknown,https://danielilett.itch.io/retro-shaders-pro-for-godot
2026-09-02T02:09:28.399317,The Free 3D Starter Vault,Unknown,https://chipiron-rojo.itch.io/free-3d-starter
2026-09-02T02:09:28.399317,Low Poly Forest Trees Asset Pack,Unknown,https://dglopez.itch.io/low-poly-forest-asset-pack
2026-09-02T02:09:28.399317,"FREE DEMO â 10 Pixel Art RPG Backgrounds (16-Bit / SNES Inspired, 1280Ã720 PNG)",Unknown,https://marcomyly.itch.io/free-demo-10-pixel-art-rpg-backgrounds-16-bit-snes-inspired-1280720-png
2026-09-02T02:09:28.399317,LOWPO: Low Poly Mercenary Company - 3D RPG Characters & Weapons,Unknown,https://standout7.itch.io/lowpo-mercenary
2026-09-02T02:09:28.399317,Moon Palace Courtyard 32px Pixel Asset Pack,Unknown,https://ratevoid.itch.io/moon-palace-courtyard-32px
2026-09-02T02:09:28.399317,Voxel Megabuilding - monogon,Unknown,https://maxparata.itch.io/voxelmegabuilding
2026-09-02T02:09:28.399317,Shipday Settings Starter â Free Godot 4 UI,Unknown,https://jetaroon.itch.io/shipday-settings-starter
2026-09-02T02:09:28.399317,Godot Theme: Pastel,Unknown,https://intergenic.itch.io/godot-theme-pastel
2026-09-02T02:09:28.399317,2D Warrior Character Asset - Animations & SFX,Unknown,https://vinzes.itch.io/2d-warrior-axe-fighter-sprite-sheet-sfx-pack
2026-09-02T02:09:28.399317,Wasteland Background,Unknown,https://myaumya.itch.io/wasteland-background
2026-09-02T02:09:28.399317,Low Poly Farm Pack,Unknown,https://justcreate3d.itch.io/low-poly-farm-pack
2026-09-02T02:09:28.399317,"POLY - Wild West (Unity, UE, Godot)",Unknown,https://animpicstudio.itch.io/poly-wild-west-unity-ue-godot
2026-09-02T02:09:28.399317,Godot Game Vfx - 3d Tornado + RigidBody Physics,Unknown,https://driedcinnamon.itch.io/tornado-vfx
2026-09-02T02:09:28.399317,UI SFX Vol.1 LITE â 32 Free Interface Sounds,Unknown,https://inaruna3565.itch.io/ui-sfx-vol-1-lite
2026-09-02T02:09:28.399317,Godot C# Pooled Audio Manager,Unknown,https://hazardpay.itch.io/godot-csharp-audio-manager
2026-09-02T02:09:28.399317,"Sci-Fi SFX Library â 1,367 Sounds + Variations (5,000 Files)",Unknown,https://yaltyx.itch.io/scifi-sfx-library
2026-09-02T02:09:28.399317,Books and Scrolls Pack,Unknown,https://mcsteeg.itch.io/books-and-scrolls-pack
2026-09-02T02:09:28.399317,Forest Ruins,Unknown,https://bukkbeek.itch.io/forest-ruins
2026-09-02T02:09:28.399317,Godot 3D Logo for you video game,Unknown,https://fran-zerogame.itch.io/godot-3d-logo-for-you-video-game
2026-09-02T02:09:28.399317,"FREE Retro Pixel Art Asset Pack - Enemies, Battle Background and Music",Unknown,https://alternas24.itch.io/free-retro-pixel-art-asset-pack-enemies-battle-background-and-music
2026-09-02T02:09:28.399317,MamboLands - Cozy Platformer AssetPack V2  (FREE),Unknown,https://mh-3mkk.itch.io/mambolands-assetpack-v2-free
2026-09-02T02:09:28.399317,Simple Farming Asset Pack,Unknown,https://pamvro.itch.io/simple-farming-asset-pack
2026-09-02T02:09:28.399317,Haunted House on Square Street - Asset Pack,Unknown,https://oepatsim.itch.io/haunted-house-on-square-street-asset-pack
2026-09-02T02:09:28.399317,Living and Dead Trees Vol. 1,Unknown,https://toryiuson.itch.io/trees-vol-1
2026-09-02T02:09:28.399317,PSX Assets - Modular brutalism blocks,Unknown,https://rbgr.itch.io/modular-brutalism-blocks
2026-09-02T02:09:28.399317,"POLY - Survival Vehicles Kit (Unity, UE, Godot)",Unknown,https://animpicstudio.itch.io/poly-survival-vehicles-kit-unity-ue-godot
2026-09-02T02:09:28.399317,Slime Enemy Variety,Unknown,https://thelumincorp.itch.io/slime-enemy-variety
2026-09-02T02:09:28.399317,Gray Scale Shader,Unknown,https://pentoxel-studio.itch.io/gray-scale
2026-09-02T02:09:28.399317,Grassy Top-down Tileset,Unknown,https://ringosnoop.itch.io/grassy-top-down-tileset
2026-09-02T02:09:28.399317,Locker,Unknown,https://nadjiel.itch.io/locker
2026-09-02T02:09:28.399317,"Verdant 13 â Castle Tileset for RPG Maker MZ, Tiled & Godot: Curtain Wall, Keep & Gatehouse [16x16]",Unknown,https://csaf.itch.io/verdant-13-castle
2026-09-02T02:09:30.731106,PS1/PSX Carnivorous Plant | Animated,Unknown,https://cursedlake.itch.io/ps1psx-carnivorous-plant-animated
2026-09-02T02:09:30.731106,Animated Firework,Unknown,https://usirnamee.itch.io/animated-firework
2026-09-02T02:09:30.731106,Low Poly Buildings Package,Unknown,https://awbmegames0.itch.io/low-poly-buildings-package
2026-09-02T02:09:30.731106,Toy Night Shift - Complete 2D Investigation Game UI & Asset Pack,Unknown,https://bin0789.itch.io/toy-night-shift-asset-pack
2026-09-02T02:09:30.731106,"POLY - Military Shooting Range (Unity, UE, Godot)",Unknown,https://animpicstudio.itch.io/poly-military-shooting-range-unity-ue-godot
2026-09-02T02:09:30.731106,2D Fire VFX - Spritesheets,Unknown,https://cartooncoffee.itch.io/fire-spritesheets
2026-09-02T02:09:30.731106,"Low Poly 3D Dice Set [D2, D6, D8, D10]",Unknown,https://eddex.itch.io/low-poly-3d-dice-set-game-assets
2026-09-02T02:09:30.731106,Hover (Godot 4),Unknown,https://azerumaker.itch.io/hover-godot-44
2026-09-02T02:09:30.731106,Human Archer Animations,Unknown,https://kevdev.itch.io/human-archer-animations
2026-09-02T02:09:30.731106,Godot Sky Shader,Unknown,https://gameidea-studio.itch.io/godot-sky-shader
2026-09-02T02:09:30.731106,Low Poly Fantasy Bundle,Unknown,https://justcreate3d.itch.io/low-poly-fantasy-bundle
2026-09-02T02:09:30.731106,PS1 | PSX Glowing Mushrooms Pack,Unknown,https://cursedlake.itch.io/ps1-psx-glowing-mushrooms-pack
2026-09-02T02:09:30.731106,Jampot 05 Prison Pack Â· Low-Poly 3D Environment Kit,Unknown,https://jampot-gg.itch.io/prison-pack
2026-09-02T02:09:30.731106,Camposanto,Unknown,https://kokambar.itch.io/camposanto
2026-09-02T02:09:30.731106,FREE Necropoly: Halloween Candle & Pumpkin Pack â FREE,Unknown,https://emaceart.itch.io/necropoly-halloween-candles-pumpkins-free
2026-09-02T02:09:30.731106,SELODEV Free Starter - Make Your First Game in Godot (No Code),Unknown,https://selodev.itch.io/selodev-free-starter-make-your-first-game-in-godot
2026-09-02T02:09:30.731106,Spike Character Top Down 8 Directions,Unknown,https://rgsdev.itch.io/spike-character-top-down-8-directions
2026-09-02T02:09:30.731106,Magic Cast VFX Lite - Free Rune Circle for Godot 4,Unknown,https://selodev.itch.io/magic-cast-vfx-lite-free-rune-circle-for-godot-4
2026-09-02T02:09:30.731106,Modular Inventory System for Godot 4,Unknown,https://andreicl.itch.io/modular-inventory-system
2026-09-02T02:09:30.731106,DemonEye,Unknown,https://downraindc3d.itch.io/demoneye
2026-09-02T02:09:30.731106,Top-down Tileset 48x48 - King's Castle,Unknown,https://stesproject.itch.io/top-down-tileset-48x48-kings-castle
2026-09-02T02:09:30.731106,3D Lowpoly Airplane,Unknown,https://dejunes.itch.io/3d-lowpoly-airplane
2026-09-02T02:09:30.731106,Godot Jet Engine Thruster Shader,Unknown,https://gameidea-studio.itch.io/godot-jet-engine-thruster-shader
2026-09-02T02:09:30.731106,"Verdant 11 â Vessel: Deck, Hull, Hold & Open Sea [16x16]",Unknown,https://csaf.itch.io/verdant-11-vessel
2026-09-02T02:09:30.731106,Low Poly Indoor Asset Pack (.glb),Unknown,https://paderunt.itch.io/cozy-it
2026-09-02T02:09:30.731106,Dwarf Character Dummy,Unknown,https://kevdev.itch.io/dwarf-character-dummy
2026-09-02T02:09:30.731106,Simplified Playing Cards,Unknown,https://badhandstudio.itch.io/simplified-playing-cards
2026-09-02T02:09:30.731106,Wasteland Town Buildings â Pixel Art Asset Pack,Unknown,https://mutterpixel-studio.itch.io/wasteland-town-buildings-pixel-art-asset-pack
2026-09-02T02:09:30.731106,Stylized School Props - 20 Game-Ready Models,Unknown,https://writingdeveloper.itch.io/stylized-school-props
2026-09-02T02:09:30.731106,Status Effects,Unknown,https://inspiredsloth.itch.io/status-effects-godot
2026-09-02T02:09:30.731106,Civil War Soldier Statue,Unknown,https://brandonwhitton.itch.io/civil-war-soldier-statue
2026-09-02T02:09:30.731106,50 RPG Magic & Spell Icons - 32x32,Unknown,https://antahonist.itch.io/50-rpg-magic-spell-icons-32x32
2026-09-02T02:09:30.731106,Steel Material Bundle,Unknown,https://gerryverse.itch.io/steel-asset-bundle
2026-09-02T02:09:30.731106,"Ultimate Settings System: Accessibility, Controls & UI for Godot 4",Unknown,https://darse.itch.io/ultimate-settings-system-godot
2026-09-02T02:09:30.731106,PSX Big Foot,Unknown,https://retro-spud.itch.io/psx-big-foot
2026-09-02T02:09:30.731106,Frontier Railway Pack,Unknown,https://mutterpixel-studio.itch.io/frontier-railway-pack
